# Middle Chinese (Baxter) + Old Chinese (Baxter–Sagart) reconstructions, with the
# Mandarin reading and the gloss of each WORD — one row per (graph, source entry).
# Source: Wiktionary, 'Appendix:Baxter-Sagart Old Chinese reconstruction'
#   https://en.wiktionary.org/wiki/Appendix:Baxter-Sagart_Old_Chinese_reconstruction
#   Retrieved 2026-08-01.  Wiktionary text: CC BY-SA 4.0
#   (https://creativecommons.org/licenses/by-sa/4.0/).
# Tabulating: Baxter, W. and L. Sagart (n.d.), Baxter-Sagart Old Chinese reconstruction
#   (Version 1.00), http://crlao.ehess.fr/document.php?id=1217 ; and the Unicode Unihan
#   Database (http://www.unicode.org/Public/UNIDATA/).
# Built by tools/build_baxter_index.py — same licence.  Do not hand-edit: rebuild.
# Columns: graph <TAB> pinyin <TAB> middle_chinese <TAB> old_chinese <TAB> pos <TAB> gloss
#   A graph's rows are in source order; the traditional and the simplified form of one
#   entry each get a row, so 樂 and 乐 both resolve.  MC is Baxter's Middle Chinese
#   transcription (X/H tone letters); OC is Baxter-Sagart Old Chinese, VERBATIM — the
#   {…} annex, the […] ‹…› (…) uncertainty and editorial marks and the ' ~ ' between two
#   competing reconstructions are the source's own and are kept.  pos is a UD UPOS tag
#   INFERRED FROM THE GLOSS by that script, and is EMPTY wherever the gloss licenses
#   none — an empty cell is 'no opinion', never 'not looked at'.
㐱	zhěn	tsyinX	*tənʔ {*t[ə][n]ʔ}		thick hair
㓠	diǎn	temX	*tˁemʔ		black spot
㓠	diàn	temH	*tˁemʔ-s		black spot, flaw
㓷	yì	ngjejH	*ŋ‹r›at-s {*ŋ‹r›[a][t]-s}		cut off the nose
㘣	xuán	zjwen	*s-ɢʷen {*s-[ɢ]ʷe[n]}		compasses
㝌	jiù	kjuwH	*kʷə-s {*[k]ʷə(ʔ)-s}		suffering, distress
㠯	yǐ	yiX	*ləʔ		take, use
㡿	chì	tsyhek	*t-qʰak {*t-qʰAk}		salty soil
㦤	yì	ʔijH	*q‹r›it-s {*q‹r›i[t]-s}		excellent
㦤	yì	ʔijH	*ʔrit-s {*[ʔ]ri[t]-s}		repress
㬰	yú	gwijH	*ɡruj-s {*[ɡ]ruj-s}		basket
㯟	lù	luwk	*rˁok {*(p.)rˁok}		wooded foot of mountain
㳽	mǐ	mejX	*m.nˁerʔ	ADJ	a rich and full flow (of a river)
㴑	sù	suH	*s-ŋˁak-s		go against current
㷉	wèi	ʔjwɨjH	*ʔut-s		dominate
㸐	rán	nyen	*C.nan {*C.na[n]}		burn
㸒	yín	yim	*N.rəm {*[N.]r[ə]m}	VERB	to covet
䀠	qú	kjuH	*kʷak-s {*[k]ʷ(r)ak-s}		look right and left
䆫	chuāng	tsrhæwng	*s-l̥ˁ‹r›oŋ		window
䍃	yáo	yew	*law		eartheware
䑣	róng	yuwng	*m.rum (dial. › -um › -uŋ)		sacrifice on the following day
䖒	xī	xje	*ŋ̊ar {*ŋ̊(r)ar}		earthenware vessel (SW)
䖟	méng	mæng	*mˁraŋ	ADV	horsefly
䘳	jīn	kim	*k‹r›əm {*k‹r›[ə]m}		collar or lapel
䜌	luán	lwan	*mə.rˁon {*mə.rˁo[n]}		harness bells
䞓	chēng	trhjeng	*t-kʰreŋ		red
䟏	lì	lek	*rˁewk {*[r]ˁewk}		move
䟏	lì	syak	*r̥ewk (dial. *r̥- › x-, palatalizing)	VERB	move (v.)
䡅	chūn	trhwin	*l̥run {*[l̥]ru[n]}		ornate band on axle-cap of wheel (K)
䭫	qǐ	khejX	*kʰˁijʔ		bow the head to the ground
䯄	guā	kwæ	*kˁroj {*[k]ˁroj}		yellow horse with black mouth
䰞	zhǔ	tsyoX	*taʔ		boil, cook
䱷	yú	ngjo	*ŋa {*[ŋ](r)a}	VERB	to fish
䲣	yú	ngjo	*ŋa {*[ŋ](r)a}	VERB	to fish
䴗	jú	kwek	*kʷˁek		shrike
䵑	nì	nrit	*n‹r›ik {*n‹r›[i]k}		glue
䵒	nì	nrit	*n‹r›ik		adhere; a lady's clothes nearest to the body
一	yī	ʔjit	*ʔit {*ʔi[t]}	NUM	one
丁	dīng	teng	*tˁeŋ		4th heavenly stem
丁	dīng	teng	*tˁeŋ	NOUN	nail (n.)
七	qī	tshit	*tsʰit {*[tsʰ]i[t]}	NUM	seven
万	wàn	mjonH	*C.man-s {*C.ma[n]-s}		10000
丈	zhàng	drjangX	*draŋʔ {*[d]raŋʔ}		ten feet
三	sān	sam	*srum {*sr[u]m} (*sr- › *s-; infl. by 四 *s-?)	NUM	three
三	sān	samH	*s.rəm-s {*[s.r][ə]m-s} (*s.r- › *s-, infl. by 四 *s-)		thrice
上	shàng	dzyangH	*daŋʔ-s {*[d]aŋʔ-s}	NOUN	top, above (n.)
上	shàng	dzyangX	*Cə.daŋʔ {*Cə.[d]aŋʔ}		ascend
上	shàng	dzyangX	*m-daŋʔ {*m-[d]aŋʔ}	VERB	to put up
下	xià	hæH	*m-ɡˁraʔ-s		descend
下	xià	hæX	*ɡˁraʔ		down
丌	qí	gi	*ɡə {*[ɡ]ə}		(3p possessive)
不	bù	pjuw	*pə		not
与	yǔ	yoX	*C.ɢaʔ		give; for; and
与	yù	yoH	*ɢaʔ-s		participate in
丑	chǒu	trhjuwX	*n̥ruʔ {*[n̥]ruʔ}		2d earthly branch
丑	chǒu	tsyhuwX	*t.qʰuʔ		ugly; evil
丑	chǒu	tsyhuwX	*t.qʰuʔ		category
专	zhuān	tsywen	*ton	ADV	exclusively
且	jū	tsjo	*tsa		[final particle]
且	qiě	tshjæX	*tsʰaʔ {*[tsʰ]Aʔ}		moreover
丕	pī	phij	*pʰrə		great
世	shì	syejH	*l̥ap-s {*l̥[a]p-s}	NOUN	generation
丘	qiū	khjuw	*kʷʰə {*[k]ʷʰə}		hill, mound
丙	bǐng	pjængX	*praŋʔ		3d heavenly stem
业	yè	ngjæp	*m-qʰap {*[m-qʰ](r)[a]p}	NOUN	work (n.)
业	yè	ngjæp	*m-qʰap {*[m-qʰ](r)[a]p}		horizontal board of a bell stand or frame
业	yè	ngjæp	*ŋap {*[ŋ](r)[a]p}		strong, sturdy
东	dōng	tuwng	*tˁoŋ		east
丝	sī	si	*sə {*[s]ə}		silk
丞	chéng	dzying	*m-təŋ		assist
两	liǎng	ljangX	*p.raŋʔ	NOUN	a pair
严	yán	ngjæm	*ŋram		stern, majestic
並	bìng	bengX	*bˁeŋʔ {*[b]ˁeŋʔ}		side by side, together
丧	sāng	sang	*s-mˁaŋ {*[s-m]ˁaŋ}		mourning, burial
丧	sàng	sangH	*s-mˁaŋ-s		lose; destroy
丩	jiū	kjiw	*kriw	VERB	to twist
个	gè	kaH	*kˁar-s {*kˁa[r]-s}		tally, piece, item
个	gè	kaH	*kˁar-s {*kˁa[r]-s}		piece, item
中	zhōng	trjuwng	*truŋ		center
中	zhòng	trjuwngH	*truŋ-s		hit the center
丰	fēng	phjowng	*pʰoŋ {*pʰ(r)oŋ}		luxuriant, abundant (K)
丰	fēng	phjowng	*pʰoŋ {*pʰ(r)oŋ}		luxuriant, abundant (K)
丰	fēng	phjowng	*pʰoŋ {*pʰ(r)oŋ}	NOUN	a kind of ritual vessel
丰	fēng	phjuwng	*pʰoŋ {*pʰ(r)oŋ} (F!)	NOUN	kind of ritual vessel
串	guàn	kwænH	*kˁron-s {*kˁro[n]-s}		custom
临	lín	lim	*rəm {*(p.)r[ə]m}		look down at
丸	wán	hwan	*ɢʷˁar {*[ɢ]ʷˁar}		pellet; ball
丹	dān	tan	*tˁan		cinnabar
为	wéi	hjwe	*ɢʷaj {*ɢʷ(r)aj}		make, do, act as
为	wèi	hjweH	*ɢʷaj-s {*[ɢ]ʷ(r)aj-s}	ADP	for, because
主	zhǔ	tsyuX	*toʔ		master; host
丼	jǐng	tsjengX	*C.tseŋʔ	NOUN	a well
丽	lì	lejH	*rˁe-s {*[r]ˁe-s}		symmetrical
举	jǔ	kjoX	*C.qaʔ {*C.q(r)aʔ}		lift, raise
举	jǔ	kjoX	*kaʔ {*[k](r)aʔ}		all
乂	yì	ngjojH	*ŋat-s {*ŋa[t]-s}	VERB	mow, cut (v.)
乂	yì	ngjojH	*ŋat-s {*ŋa[t]-s}		mow; regulate
乃	nǎi	nojX	*nˁəʔ {*nˁə(ŋ)ʔ}		your
久	jiǔ	kjuwX	*kʷəʔ {*[k]ʷəʔ}	NOUN	a long time
乇	zhé	træk	*tˁrak		plant leaves
么	yāo	ʔew	*ʔˁiw {*ʔˁ[i]w}		small
义	yì	ngjeH	*ŋaj-s {*ŋ(r)aj-s}		duty; justice
之	zhī	tsyi	*tə		go to
之	zhī	tsyi	*tə		(3p object pronoun; attributive particle)
乌	wū	ʔu	*qˁa		crow, raven; black
乌	wū	ʔu	*ʔˁa {*[ʔ]ˁa}		oh!
乍	zhà	dzræH	*dzˁrak-s {*[dz]ˁrak-s}	ADV	suddenly
乎	hū	hu	*ɢˁa	PART	(Q particle)
乎	hū	hu	*ɢˁa	ADP	in, at
乏	fá	bjop	*bop {*[b](r)[o]p}	VERB	lack (v.)
乐	lè	lak	*rˁawk {*[rˁ]awk}		joy; enjoy
乐	yuè	ngæwk	*ŋˁrawk {*[ŋ]ˁrawk}		music
乔	qiáo	gjew	*N-kaw {*[N-k](r)aw}		high, tall
乖	guāi	kwɛj	*kʷˁrəj		oppose; disorder
乘	chéng	zying	*Cə.ləŋ	VERB	ride (v.)
乘	shèng	zyingH	*Cə.ləŋ-s		vehicle
乘	shèng	zyingH	*Cə.ləŋ-s		team of four horses
乙	yǐ	ʔit	*qrət		2nd heavenly stem
九	jiǔ	kjuwX	*kuʔ {*[k]uʔ}	NUM	nine
乞	qǐ	khjɨt	*C.qʰət		beg, ask
也	yě	yæX	*lajʔ {*lAjʔ}	PART	(final particle)
乡	xiāng	xjang	*qʰaŋ		village; district
乡	xiǎng	xjangX	*qʰaŋʔ		feast
乡	xiàng	xjangH	*qʰaŋ-s	VERB	to face
书	shū	syo	*s-ta		write
买	mǎi	mɛX	*mˁrajʔ		buy
乱	luàn	lwanH	*rˁon-s {*[r]ˁo[n]-s}		disorder, rebellion
乳	rǔ	nyuX	*noʔ		milk; nipple
乾	gān	kan	*kˁar {*[k]ˁar}		dry
亂	luàn	lwanH	*rˁon-s {*[r]ˁo[n]-s}		disorder, rebellion
予	yú	yo	*laʔ		I, we
予	yǔ	yoX	*C.ɢaʔ		give; together with
争	zhēng	tsrɛng	*tsˁreŋ {*[ts]ˁreŋ} ~ m-tsˁreŋ (or mə-tsˁreŋ)		strife, quarrel
事	shì	dzriH	*m-s-rəʔ-s		serve; service, affair
二	èr	nyijH	*nij-s {*ni[j]-s}	NUM	two
于	yú	ʔjo	*ʔa {*[ʔ]a}		at (locative preposition)
于	yú	hju	*ɢʷa {*ɢʷ(r)a}		go; at
亏	kuī	khjwe	*kʷʰaj {*[k]ʷʰ(r)aj}		diminish
云	yún	hjun	*ɢʷən {*[ɢ]ʷə[n]}		cloud
云	yún	hjun	*ɢʷər {*[ɢ]ʷə[r]}		say
互	hù	huH	*m-qˁaʔ-s		intertwining
五	wǔ	nguX	*C.ŋˁaʔ	NUM	five
井	jǐng	tsjengX	*C.tseŋʔ	NOUN	well (n.)
亘	huán	hwan	*ɢʷˁar {*[ɢ]ʷˁar}		turn around, turn back
亚	yà	ʔæH	*ʔˁrak-s		secondary
亞	yà	ʔæH	*ʔˁrak-s		secondary
亟	qì	khiH	*kʰək-s {*kʰ(r)ək-s}		often
亡	wáng	mjang	*maŋ		flee; disappear
亢	gāng	kang	*k.ŋˁaŋ		lift high
交	jiāo	kæw	*kˁraw {*[k]ˁraw}	VERB	cross (v.)
亥	hài	hojX	*ɡˁəʔ {*[ɡ]ˁəʔ}		12th earthly branch
亦	yì	yek	*m-qak {*m-q(r)Ak}		armpit
亦	yì	yek	*ɢak {*ɢ(r)Ak}		also
产	chǎn	srɛnX	*s-ŋrarʔ	VERB	bear (v.), produce
亨	hēng	xæng	*qʰˁraŋ {*[qʰ]ˁraŋ}		penetrate
亨	pēng	phæng	*p.qʰˁraŋ {*[p.qʰ]ˁraŋ}		(loan for) to boil
亨	xiǎng	xjangX	*qʰaŋʔ		sacrificial offering
亩	mǔ	muwX	*məʔ (‹ *mˁoʔ?)		Chinese acre
享	xiǎng	xæng	*qʰˁraŋ {*[qʰ]ˁraŋ} (W dial.)		penetrate
享	xiǎng	xjangX	*qʰaŋʔ {*[qʰ]aŋʔ}		offer in sacrifice; food offering
京	jīng	kjæng	*kraŋ {*[k]raŋ}		hill; capital city
亭	tíng	deng	*m-tˁeŋ		manage
亲	qīn	tshin	*tsʰin {*[tsʰ]i[n]}		close; parents
亵	xiè	sjet	*s-ŋet		garment next to the body
亶	dǎn	tanX	*tˁanʔ {*tˁa[n]ʔ}		sincere, truly
亹	mén	mwon	*mˁər		river-gorge
亹	wěi	mjɨjX	*mərʔ		diligent
人	rén	nyin	*niŋ		(other) person
亿	yì	ʔik	*ʔək {*ʔ(r)ək}		100000
什	shí	dzyip	*t.ɡəp {*t.[ɡ]əp}		troop of ten men
仁	rén	nyin	*niŋ {*ni[ŋ]}	NOUN	kindness
仄	zè	tsrik	*tsrək {*[ts]rək}		slanting, oblique
仅	jìn	ginH	*ɡrər-s {*[ɡ]rə[r]-s}	ADV	barely
仆	pū	phjuH	*pʰok-s {*pʰ(r)ok-s}		fall prostrate
仆	pū	phjuwH	*pʰok-s		fall prostrate
仆	pū	phuwH	*pʰˁok-s {*pʰˁ(r)ok-s}		fall prostrate
仆	pú	buwk	*bˁok {*[b]ˁok}		charioteer, servant
仇	qiú	gjuw	*ɡu {*[ɡ](r)u}		mate *n.)
今	jīn	kim	*krəm {*[k]r[ə]m}		now
介	jiè	kɛjH	*kˁrep-s {*kˁr[e][p]-s}		armour; scale of animals
仍	réng	nying	*nəŋ		repeat
从	cóng	dzjowng	*dzoŋ {*[dz]oŋ}	VERB	to follow
仓	cāng	tshang	*[s.r̥]ˁaŋ		tshang-kaeng 'oriole'
仓	cāng	tshang	*tsʰˁaŋ {*[tsʰ]ˁaŋ}		granary
仕	shì	dzriX	*m-s-rəʔ		serve
他	tā	tha	*l̥ˁaj (E. dial *l̥ˁ- › th-)		another
仙	xiān	sjen	*sar {*[s]a[r]}	NOUN	immortal (n.)
仡	yì	ngjɨt	*ŋət {*[ŋ]ət}		great, powerful
代	dài	dojH	*lˁək-s		replace
令	líng	ljeng	*riŋ	ADJ	send (a person)
令	lìng	ljengH	*riŋ-s		issue a command
以	yǐ	yiX	*ləʔ		take, use
仪	yí	ngje	*ŋaj {*ŋ(r)aj}		right, proper; ceremony
仰	yǎng	ngjangX	*ŋaŋʔ {*[ŋ]aŋʔ}		lift the face, look up
仲	zhòng	drjuwngH	*N-truŋ-s		middle (of brothers)
价	jià	kæH	*C.qˁ‹r›aʔ-s		price
任	rèn	nyimH	*nəm-s {*n[ə]m-s}		burden; charge (n.)
伊	yī	ʔjij	*ʔij	PRON	this
伍	wǔ	nguX	*C.ŋˁaʔ {*[C.]ŋˁaʔ}		group of five
伎	jì	gjeX	*ɡreʔ {*[ɡ]reʔ}		skill
伏	fú	bjuwH	*bək-s {*[b]ək-s} (‹ *[b]uk-s ?)	VERB	hatch (v.)
伏	fú	bjuwk	*bək {*[b]ək}		lie prostrate
伐	fá	bjot	*m-pat		strike; attack
休	xiū	xjuw	*qʰu {*qʰ(r)u}		blessing
众	zhòng	tsyuwngH	*tuŋ-s		numerous
优	yōu	ʔjuw	*ʔu {*ʔ(r)u}		entertainer; liberal
会	huì	hwajH	*m-kˁop-s		come together
会	kuài	kwajH	*kˁop-s {*[k]ˁop-s}		calculate; calculation
传	chuán	drjwen	*Cə-m-tron		transmit
传	zhuàn	drjwenH	*m-tron-s	NOUN	what has been transmitted
传	zhuàn	trjwenH	*tron-s		relay post
伣	xiàn	henX	*N-kˁenʔ {*N-[k]ˁenʔ}	VERB	to be like
伤	shāng	syang	*l̥aŋ		wound
伦	lún	lwin	*run {*ru[n]}	NOUN	relationship; order; category
伪	wěi	ngjweH	*N-ɢʷaj-s {*[N]-ɢʷ(r)aj-s}		false
伯	bó	pæk	*pˁrak		father’s elder brother
伴	bàn	banX	*C.bˁanʔ {*C.[b]ˁanʔ}		comrade
伸	shēn	syin	*l̥in {*l̥i[n]}		stretch, extend
似	sì	ziX	*sə.ləʔ		resemble
佃	diàn	denH	*lˁiŋ-s		hunt
但	dàn	danX	*dˁanʔ {*[d]ˁa[n]ʔ}		only
位	wèi	hwijH	*ɢʷrəp-s {*[ɢ]ʷrəp-s} ‹ *ɢʷəʔ-rəp-s ?		standing, position
住	zhù	drjuH	*dro-s {*dro(ʔ)-s}	VERB	stop (v.)
佐	zuǒ	tsaH	*tsˁarʔ-s  (dial. *-r › *-j)		aid, assist
佑	yòu	hjuwH	*ɢʷəʔ-s		assist
体	tǐ	thejX	*r̥ˁijʔ		body; limbs
何	hé	ha	*ɡˁaj {*[ɡ]ˁaj}	PRON	what
余	yú	yo	*la		1sg., prob. a polite form
余	yú	yo	*la		surplus
佛	fú	bjut	*but {*[b]ut}		great
作	zuò	tsak	*tsˁak {*[ts]ˁak}		do, work
佣	yōng	yowng	*loŋ		hire
佩	pèi	bwojH	*bˁək-s {*[b]ˁək-s}	VERB	to wear at girdle, pendants
佳	jia	kɛ	*kˁre {*[k]ˁre}		good
佾	yì	yit	*N.rit {*[N.]r[i]t}		row of dancers
使	shǐ	sriH	*s-rəʔ-s		envoy
使	shǐ	sriX	*s-rəʔ		send; cause
來	lái	loj	*mə.rˁək (› *mə.rˁə)	NOUN	a kind of wheat
來	lái	loj	*rˁək (› *rˁə)		come
侈	chǐ	tsyheX	*t-l̥ajʔ		extravagant
侍	shì	dzyiH	*dəʔ-s {*[d]əʔ-s}		accompany, wait upon
侏	zhū	tsyu	*to		侏儒 zhūrú 'dwarf'
供	gōng	kjowng	*k‹r›oŋ		furnish; serve, offer
依	yī	ʔjɨj	*ʔəj		lean upon
侧	cè	tsrik	*tsrək {*[ts]rək}		slanting, oblique; side
侪	chái	dzrɛj	*dzˁ‹r›əj {*[dz]ˁ‹r›əj}		category, equals
侯	hóu	huw	*ɡˁo {*[ɡ]ˁ(r)o}		feudal lord
侵	qīn	tshim	*tsʰim {*[tsʰ][i]m}		invade
便	biàn	bjienH	*ben-s {*[b]e[n]-s}		comfortable; advantageous
便	pián	bjien	*ben {*[b]e[n]}		glib-tongued
係	xì	kejH	*kˁek-s	VERB	tie (v.)
俍	láng	ljang	*raŋ {*[r]aŋ}		skillful
俑	yǒng	yowngX	*loŋʔ		grave figures
俔	xiàn	henX	*N-kˁenʔ {*N-[k]ˁenʔ}	VERB	to be like
俗	sú	zjowk	*s-ɢok {*s-[ɢ]ok}		vulgar
俛	miǎn	mjenX	*mranʔ {*mr[a][n]ʔ}		bend the head
保	bǎo	pawX	*pˁuʔ		protect
俞	yú	yu	*lo		yes, agree; satisfied, at ease
俟	sì	zriX	*s-ɢrəʔ {*s-[ɢ]rəʔ}		wait
俟	sì	zriX	*s.ɢrəʔ {*s.[ɢ]rəʔ}		move on
信	xìn	sinH	*s-niŋ-s {*s-ni[ŋ]-s}		truthful
俨	yǎn	ngjæmX	*ŋramʔ		dignified
俭	jiǎn	gjemX	*ɡramʔ {*[ɡ]r[a]mʔ}		restrict， frugal
修	xiū	sjuw	*s-liw		adorn
俱	jù	kju	*ko {*k(r)o}		all, together
俴	jiàn	dzjenX	*dzenʔ {*[dz]e[n]ʔ}		shallow
俶	chù	tsyhuwk	*tʰuk		commence
倅	cuì	tshwojH	*tsʰˁut-s {*[tsʰ]ˁu[t]-s}		assistant
倉	cāng	tshang	*[s.r̥]ˁaŋ		tshang-kaeng 'oriole'
倉	cāng	tshang	*tsʰˁaŋ {*[tsʰ]ˁaŋ}		granary
個	gè	kaH	*kˁar-s {*kˁa[r]-s}		piece, item
倍	bèi	bwojX	*bˁəʔ {*(Cə.)[b]ˁəʔ}		double
倏	shū	dzyuwk	*Cə.liwk		rapid, sudden
倒	dǎo	tawX	*tˁawʔ	VERB	turn upside down (v.i.)
倒	dào	tawH	*tˁawʔ-s		turn over, invert; pour
倔	jué	gjut	*ɡut {*[ɡ]ut}		strong, unyielding
候	hòu	huwH	*ɡˁo-s {*[ɡ]ˁ(r)o-s}		wait upon
倚	yǐ	ʔjeX	*Cə.qajʔ {*Cə.q(r)ajʔ}		lean on
借	jiè	tsjæH	*tsak-s {*[ts]Ak-s}		loan, borrow
借	jiè	tsjek	*tsak {*[ts]Ak}		loan, borrow
倡	chàng	tsyhangH	*tʰaŋ-s	VERB	to lead (in singing)
倫	lún	lwin	*run {*ru[n]}	NOUN	relationship; order; category
倮	luǒ	lwaX	*rˁorʔ {*rˁo[r]ʔ}		bare, naked
债	zhài	tsrɛH	*s-tˁrek-s		debt
值	zhì	driH	*m-t‹r›ək-s		hold upright
倾	qīng	khjwieng	*kʷʰeŋ {*[k]ʷʰeŋ}	VERB	incline (v.)
偃	yǎn	ʔjonX	*ʔanʔ {*ʔa[n]ʔ}		bend down
假	jiǎ	kæX	*Cə.kˁraʔ		borrow; false
假	jiǎ	kæX	*kˁraʔ		great
偏	piān	phjien	*pʰen {*pʰe[n]}		oblique
偕	xié	kɛj	*kˁrij		together
偝	bèi	bwojH	*m-pˁək-s		turn the back on
偪	bī	pik	*prək	VERB	to press, urge
偯	yǐ	ʔjɨjX	*ʔəjʔ		extended wailing
側	cè	tsrik	*tsrək {*[ts]rək}		slanting, oblique; side
偶	ǒu	nguwX	*ŋˁoʔ {*ŋˁ(r)oʔ}		pair, double
偷	tōu	thuw	*l̥ˁo		steal
偽	wěi	ngjweH	*N-ɢʷaj-s {*[N]-ɢʷ(r)aj-s}		false
傅	fù	bjuH	*ba-s {*[b](r)a-s}	VERB	be attached
傅	fù	pjuH	*pa-s {*p(r)a(ʔ)-s}		teacher
傍	bàng	bangH	*bˁaŋ-s {*[b]ˁaŋ-s}		beside; assist
傍	páng	bang	*bˁaŋ {*[b]ˁaŋ}		beside; assist
傑	jié	gjet	*N-k‹r›at {*N-[k]‹r›at}		remarkable; hero
備	bèi	bijH	*brək-s {*[b]rək-s}	ADJ	complete (adj.)
傜	yáo	yew	*law		public or military service
傥	tǎng	thangX	*tʰˁaŋʔ		easy-going, careless
傩	nuó	naX	*nˁarʔ		rich, beautiful
催	cuī	tshwoj	*s-tʰˁuj		urge, repress
傭	yōng	yowng	*loŋ		hire
傳	chuán	drjwen	*Cə-m-tron		transmit
傳	zhuàn	drjwenH	*m-tron-s	NOUN	what has been transmitted
傳	zhuàn	trjwenH	*tron-s		relay post
債	zhài	tsrɛH	*s-tˁrek-s		debt
傷	shāng	syang	*l̥aŋ		wound
傾	qīng	khjwieng	*kʷʰeŋ {*[k]ʷʰeŋ}	VERB	incline (v.)
僅	jìn	ginH	*ɡrər-s {*[ɡ]rə[r]-s}	ADV	barely
僆	liàn	ljenH	*k.ran-s {*k.r[a]n-s}		chick
僊	xiān	sjen	*sar {*[s]a[r]}		immortal
僕	pú	buwk	*bˁok {*[b]ˁok}		charioteer, servant
僚	liáo	lew	*rˁew {*[r]ˁew}		office or position
僭	jiàn	tsemH	*tsˁem-s {*tsˁ[e]m-s}		err
價	jià	kæH	*C.qˁ‹r›aʔ-s		price
僻	pì	phjiek	*pʰek		perverse
僾	ài	ʔojH	*qˁəp-s	VERB	to pant, lose the breath
儀	yí	ngje	*ŋaj {*ŋ(r)aj}		right, proper; ceremony
億	yì	ʔik	*ʔək {*ʔ(r)ək}		100000
儇	xuān	xjwien	*qʷʰen		nimble, smart
儉	jiǎn	gjemX	*ɡramʔ {*[ɡ]r[a]mʔ}		restrict， frugal
儕	chái	dzrɛj	*dzˁ‹r›əj {*[dz]ˁ‹r›əj}		category, equals
儛	wǔ	mjuX	*maʔ {*m(r)aʔ}		dance
儢	lǚ	ljoX	*raʔ {*[r]aʔ}		sluggish; unenergetic
優	yōu	ʔjuw	*ʔu {*ʔ(r)u}		entertainer; liberal
儺	nuó	naX	*nˁarʔ		rich, beautiful
儻	tǎng	thangX	*tʰˁaŋʔ		easy-going, careless
儼	yǎn	ngjæmX	*ŋramʔ		dignified
儽	lèi	lwojH	*rˁuj-s {*[r]ˁuj-s}		exhausted
儿	ér	nye	*ŋe		child
允	yǔn	ywinX	*lurʔ {*[l]u[r]ʔ}	ADV	truly
元	yuán	ngjwon	*ŋon {*[ŋ]o[n]} (‹ nasal + uvular)		head; first
兄	xiōng	xjwæng	*m̥raŋ		elder brother
充	chōng	tsyhuwng	*tʰuŋ		full, fill
兆	zhào	drjewX	*lrawʔ {*lr[a]wʔ}		great number
先	xiān	sen	*sˁər		first
先	xiàn	senH	*sˁər-s		go first
光	guāng	kwang	*kʷˁaŋ		light, bright
克	kè	khok	*kʰˁək		carry; able; dominate
兌	duì	dwajH	*lˁot-s		passage; opening
兌	duì	dwajH	*lˁot-s		glad
免	miǎn	mjenX	*mrorʔ {*mr[o][r]ʔ}		avoid
兑	duì	dwajH	*lˁot-s		passage; opening
兑	duì	dwajH	*lˁot-s		glad
兒	ér	nye	*ŋe		child
兔	tù	thuH	*l̥ˁa-s		rabbit, hare
兕	sì	zijX	*s.ɢijʔ {*[s.ɢ]ijʔ}		rhinoceros (or water buffalo?)
党	dǎng	tangX	*tˁaŋʔ		500 families; relatives
兜	dōu	tuw	*tˁo		helmet, hood
兢	jīng	king	*kəŋ {*k(r)əŋ}		cautious
入	rù	nyip	*nəp {*n[ə]p}		enter
內	nà	nop	*nˁəp {*nˁ[ə]p}		bring or send in
內	nèi	nwojH	*nˁəp-s {*nˁ[ə]p-s}		inside
全	quán	dzjwen	*dzon {*[dz]o[n]}	ADJ	complete (adj.)
兩	liǎng	ljangX	*p.raŋʔ	NOUN	a pair
八	bā	pɛt	*pˁret	NUM	eight
公	gōng	kuwng	*C.qˁoŋ		impartial, just; public
公	gōng	kuwng	*C.qˁoŋ		father; prince
六	liù	ljuwk	*k.ruk	NUM	six
兮	xī	hej	*ɡˁe	PART	(final particle)
兰	lán	lan	*k.rˁan		orchid
共	gòng	gjowngH	*N-koŋʔ-s {*N-k(r)oŋʔ-s}		together, all
关	guān	kwæn	*kˁron {*[k]ˁro[n]}		barrier
关	guān	kwæn	*kˁron {*[k]ˁro[n]}		[bird’s cry]
兴	xīng	xing	*qʰəŋ {*qʰ(r)əŋ}		lift, rise
兵	bīng	pjæng	*praŋ		weapon
其	qí	gi	*ɡə		modal particle
其	qí	gi	*ɡə		(3p possessive)
具	jù	gjuH	*ɡo-s {*[ɡ](r)o-s}		arrange, provide
典	diǎn	tenX	*tˁərʔ {*tˁə[r]ʔ}		statute, norm
养	yǎng	yangX	*ɢaŋʔ {*[ɢ](r)aŋʔ}		long, longing
养	yǎng	yangX	*ɢaŋʔ {*[ɢ](r)aŋʔ}		nourish, raise
兼	jiān	kem	*kˁem {*[k]ˁem}		combine; at the same time
兽	shòu	syuwH	*s.tu-s {*s.tu(ʔ)-s}		(wild) animal
冀	jì	kijH	*krək-s {*[k]rə[k]-s} (dial. › *[k]rət-s ?)		hope
内	nà	nop	*nˁəp {*nˁ[ə]p}		bring or send in
内	nèi	nwojH	*nˁəp-s {*nˁ[ə]p-s}		inside
册	cè	tsrhɛk	*tsʰrek {*[tsʰ](ˁ)rek}		tablet, records
再	zài	tsojH	*tsˁə-s {*[ts]ˁə(ʔ)-s}		twice; a second time
冎	guǎ	kwæX	*kʷˁrajʔ		cut meat from the bone
冑	zhòu	drjuwH	*lru-s {*[l]ru-s}		helmet
冒	mào	mawH	*mˁuk-s	VERB	to look down on; covetous
冒	mào	mawH	*mˁuk-s		covering
冕	miǎn	mjenX	*mrorʔ {*mro[r]ʔ}		ceremonial cap
写	xiě	sjæX	*s-qʰaʔ {*s-qʰAʔ}		depict
写	xiě	sjæX	*s-qʰaʔ {*s-qʰAʔ}		drain off
军	jūn	kjun	*kʷər {*[k]ʷər}		army; camp
农	nóng	nowng	*nˁoŋ {*nˁ[o]ŋ}		agriculture; to farm
冞	mí	mjie	*m.ner	ADV	extensively
冠	guān	kwan	*k.ʔˁon	NOUN	cap (n.)
冠	guàn	kwanH	*k.ʔˁon-s	VERB	cap (v.)
冢	zhǒng	trjowngX	*troŋʔ {*[t]roŋʔ} (or *[t]‹r›oŋʔ ?)		tomb mound
冥	míng	meng	*mˁeŋ		dark
冪	mì	mek	*mˁek {*mˁ[e]k}		cover
冫	bīng	ping	*p.rəŋ (dial. › *prəŋ)		ice
冬	dōng	towng	*tˁuŋ		winter
冯	píng	bing	*brəŋ {*[b]rəŋ}		full, solid
冯	píng	bjuwng	*Cə.bəŋ {*[Cə.b]əŋ}		Féng (surname)
冰	bīng	ping	*p.rəŋ (dial. *p.r- › *pr-)		ice
冲	chōng	tsyhowng	*tʰoŋ		rush against
决	jué	kwet	*kʷˁet {*[k]ʷˁet}		open a passage for a stream
决	jué	kwet	*kʷˁet {*[k]ʷˁet}		open; decide
况	kuàng	xjwangH	*m̥aŋ-s {*[m̥]aŋ-s}		how much the more
冻	dòng	tuwngH	*tˁoŋ-s		freeze
准	zhǔn	tsywinX	*turʔ		water-level
凉	liáng	ljang	*C.raŋ		cold
凋	diāo	tew	*tˁiw	VERB	wither (v.)
凌	líng	ling	*p.rəŋ		ice
凌	líng	ling	*rəŋ {*[r]əŋ}		transgress; attack
凍	dòng	tuwngH	*tˁoŋ-s		freeze
凔	cāng	tshang	*tsʰˁaŋ {*[tsʰ]ˁaŋ}		cold
凛	lǐn	limX	*rəmʔ {*[r][ə]mʔ}		cold
凜	lǐn	limX	*rəmʔ {*[r][ə]mʔ}		cold
凝	níng	nging	*ŋəŋ {*[ŋ](r)əŋ} (‹ uvular?)		freeze, coagulate
几	jī	kjɨj	*kəj		small; almost
几	jǐ	kijX	*krəjʔ		stool
几	jǐ	kjɨjX	*kəjʔ		few; how many
凡	fán	bjom	*brom {*[b]rom}		in every case
凭	píng	bing	*brəŋ {*[b]rəŋ}		lean on
凯	kǎi	khojX	*C.qʰˁəjʔ		pleasant
凱	kǎi	khojX	*C.qʰˁəjʔ		pleasant
凶	xiōng	xjowng	*qʰoŋ {*qʰ(r)oŋ}		unlucky
出	chū	tsyhwit	*t-kʰut		go or come out
出	chuì	tsyhwijH	*t.kʰut-s		bring or take out
击	jī	kek	*kˁik	VERB	strike (v.)
函	hán	hom	*Cə-m-kˁəm {*Cə-m-kˁ[ə]m}		envelop, contain
凿	záo	dzak	*dzˁawk {*[dz]ˁawk}		chisel
刀	dāo	taw	*C.tˁaw		knife
分	fēn	pjun	*pən {*pə[n]}		divide
分	fèn	bjunH	*m-pən-s {*[m]-pə[n]-s}		alloted duty
切	qiè	tshet	*tsʰˁit {*[tsʰ]ˁi[t]}		cut; urgent
刌	cǔn	tshwonX	*tsʰˁunʔ {*[tsʰ]ˁu[n]ʔ}		cut, chop
刍	chú	tsrhju	*tsʰro {*[tsʰ]ro}		grass for fuel or fodder
刑	xíng	heng	*ɢˁeŋ {*[ɢ]ˁeŋ}		punish(ment)
刑	xíng	heng	*ɢˁeŋ {*[ɢ]ˁeŋ}		model, form
划	huá	hwæ	*C.ɡʷˁraj {*C.[ɡ]ʷˁraj}	VERB	row (v.)
划	huà	hwɛH	*C-ɡʷˁrek-s	NOUN	drawing (n.)
划	huà	hwɛk	*ɡʷˁrek	VERB	draw (v.)
刖	yuè	ngwæt	*ŋʷˁ‹r›at {*[ŋ]ʷˁ‹r›at}		amputate a foot
列	liè	ljet	*ret {*[r][e]t}		tear apart; rank
刘	liú	ljuw	*mə-ru		kill
则	zé	tsok	*tsˁək {*[ts]ˁək}		then
则	zé	tsok	*tsˁək {*[ts]ˁək}		rule, pattern
刚	gāng	kang	*kˁaŋ		strong; hard
创	chuāng	tsrhjang	*tsʰraŋ {*[tsʰ]raŋ}	VERB	wound (v.)
创	chuàng	tsrhjangH	*tsʰraŋ-s {*[tsʰ]raŋ-s}		begin
刜	fú	phjut	*pʰut	VERB	chop (v.)
初	chū	tsrhjo	*tsʰra {*[ts]ʰra}		beginning
判	pàn	phanH	*pʰˁan-s		divide
別	bié	bjet	*N-pret	VERB	be separated (intr.)
別	bié	pjet	*pret	VERB	separate (tr.)
利	lì	lijH	*C.rit-s {*C.ri[t]-s}		sharp; profit
别	bié	bjet	*N-pret	VERB	be separated (intr.)
别	bié	pjet	*pret	VERB	separate (tr.)
刭	jǐng	kengX	*kˁeŋʔ {*[k]ˁeŋʔ}		cut the throat
刮	guā	kwæt	*kʷˁrat {*[kʷˁ]r[a]t}	VERB	scrape (v.)
到	dào	tawH	*tˁawk-s {*tˁaw[k]-s}		arrive
制	zhì	tsyejH	*tet-s		cut out, prepare
制	zhì	tsyejH	*tet-s	ADJ	cut out (a garment)
刷	shuā	srjwet	*srot {*[s]rot} (dial. retains srj-)	VERB	brush (v.)
刷	shuā	srwæt	*srot	VERB	brush (v.)
刺	cì	tshjeH	*tsʰek-s {*[tsʰ]ek-s}		sharp point, thorn
刺	cì	tshjek	*tsʰek {*[tsʰ]ek}		pierce, stab
刻	kè	khok	*kʰˁək {*[kʰ]ˁək}		cut, engrave
剄	jǐng	kengX	*kˁeŋʔ {*[k]ˁeŋʔ}		cut the throat
則	zé	tsok	*tsˁək {*[ts]ˁək}		then
則	zé	tsok	*tsˁək {*[ts]ˁək}		rule, pattern
剉	cuò	tshwaH	*tsʰˁoj-s {*[tsʰ]ˁoj-s}		cut
削	xiào	sjewH	*sewk-s {*[s]ewk-s}		scrape, pare
剌	là	lat	*rˁat (~ C.rˁat ?)		wicked; spicy
前	qián	dzen	*dzˁen ~ *m-dzˁen		before
剑	jiàn	kjæmH	*s.kram-s {*s.kr[a]m-s}		sword
剔	tī	thek	*l̥ˁek	VERB	cut (v.)
剛	gāng	kang	*kˁaŋ		strong; hard
剝	bō	pæwk	*pˁrok ~ *mə-pˁrok		cut, flay, peel
剡	yǎn	yemX	*N-r[a]mʔ		sharp; pierce
剥	bō	pæwk	*pˁrok ~ *mə-pˁrok		cut, flay, peel
剩	shèng	zyingH	*Cə.ləŋ-s		left over
副	fù	phik	*pʰrək		split, cut open, cleave
副	fù	phjuwH	*pʰək-s		secondary
割	gē	kat	*Cə-kˁat	VERB	cut (v.); harm (v.)
創	chuāng	tsrhjang	*tsʰraŋ {*[tsʰ]raŋ}	VERB	wound (v.)
創	chuàng	tsrhjangH	*tsʰraŋ-s {*[tsʰ]raŋ-s}		begin
剿	jiǎo	tsjewX	*tsawʔ {*[ts]awʔ}		cut off
劉	liú	ljuw	*mə-ru		kill
劍	jiàn	kjæmH	*s.kram-s {*s.kr[a]m-s}		sword
力	lì	lik	*k.rək		strength
劝	quàn	khjwonH	*C.qʷʰar-s		encourage
办	bàn	bɛnH	*bˁren-s {*[b]ˁren-s}		manage, deal with
功	gōng	kuwng	*kˁoŋ		work, effort
加	jiā	kæ	*kˁraj		add
务	wù	mjuH	*mo-s {*m(r)o-s}		exert oneself
动	dòng	duwngX	*Cə-m-tˁoŋʔ {*[Cə-m-t]ˁoŋʔ}		move
助	zhù	dzrjoH	*Cə.dzra-s {*Cə.[dz]ra-s}	VERB	help (v.)
劫	jié	kjæp	*kap {*k(r)ap}		rob
劲	jìng	kjiengH	*keŋ-s (no palatalization before *-eŋ?)		strong
劳	láo	law	*rˁaw {*[r]ˁaw}		toil
劳	lào	lawH	*rˁaw-s {*[r]ˁaw-s}	VERB	to reward for toil
劾	hé	hojH	*ɡˁək-s {*[ɡ]ˁək-s}		investigate
劾	hé	hok	*ɡˁək {*[ɡ]ˁək}	ADJ	investigate, try (a criminal)
势	shì	syejH	*ŋ̊et-s		circumstances, setting
勁	jìng	kjiengH	*keŋ-s (no palatalization before *-eŋ?)		strong
勅	chì	trhik	*r̥ək {*(m-)r̥ək}	VERB	correct (v.); to arrange
勇	yǒng	yowngX	*loŋʔ		brave
勒	lè	lok	*rˁək {*[r]ˁək}		engrave
勒	lè	lok	*rˁək {*[r]ˁək}		bridle
動	dòng	duwngX	*Cə-m-tˁoŋʔ {*[Cə-m-t]ˁoŋʔ}		move
務	wù	mjuH	*mo-s {*m(r)o-s}		exert oneself
勝	shēng	sying	*l̥əŋ		equal to, capable of
勝	shèng	syingH	*l̥əŋ-s		overcome; surpass
勞	láo	law	*rˁaw {*[r]ˁaw}		toil
勞	lào	lawH	*rˁaw-s {*[r]ˁaw-s}	VERB	to reward for toil
募	mù	muH	*mˁak-s		summon
勢	shì	syejH	*ŋ̊et-s		circumstances, setting
勤	qín	gjɨn	*ɡər {*[ɡ]ər}		toil, diligent, devoted
勸	quàn	khjwonH	*C.qʷʰar-s		encourage
勺	sháo	dzyak	*m-t-qewk	NOUN	ladle (n.)
勺	zhuó	tsyak	*t-qewk	VERB	ladle (v.)
勿	wù	mjut	*mut		don't
勿	wù	mjut	*mut		not ... it
匀	yún	ywin	*ɢʷiŋ {*[ɢ]ʷi[ŋ]}		little, few (SW)
匃	gài	kajH	*kˁat-s {*[k]ˁat-s}	VERB	beg (v.)
匃	gài	kat	*kˁat {*[k]ˁat}	VERB	beg (v.)
包	bāo	pæw	*pˁ‹r›u		wrap, bundle
匋	táo	daw	*lˁu {*[l]ˁu}		kiln; pottery
匍	pú	bu	*bˁa {*[b]ˁa}		crawl
匏	páo	bæw	*bˁru {*(Cə.)[b]ˁru}		gourd
匐	fú	bjuwk	*bək {*[b]ək}		crawl (bu.bjuwk)
匐	fú	bok	*bˁək {*[b]ˁək} (‹ *[b]ˁuk ?)		crawl
匕	bǐ	pjijX	*pijʔ		ladle, spoon
化	huà	xwæH	*qʷʰˁ‹r›aj-s		transform
北	běi	pok	*pˁək		north
匚	fāng	pjang	*paŋ		box
匜	yí	ye	*laj		ewer
匠	jiàng	dzjangH	*S.baŋ-s {*S.[b]aŋ-s}		craftsman
匡	kuāng	khjwang	*k-pʰaŋ		square basket
匣	xiá	hæp	*ɡˁrap {*[ɡ]ˁr[a]p}		box
匧	qiè	khep	*kʰˁep {*[k]ʰˁep}	VERB	to store; basket, box
匪	fěi	pjɨjX	*pəjʔ		bamboo basket
匮	guì	gwijH	*ɡruj-s {*[ɡ]ruj-s}	NOUN	box (n.)
匱	guì	gwijH	*ɡruj-s {*[ɡ]ruj-s}	NOUN	box (n.)
匹	pǐ	phjit	*pʰit {*pʰi[t]}		one of a pair
区	ōu	ʔuw	*qˁo {*qˁ(r)o}	ADJ	(a measure)
匿	nì	nrik	*nrək		conceal
區	ōu	ʔuw	*qˁo {*qˁ(r)o}	ADJ	(a measure)
十	shí	dzyip	*t.ɡəp {*t.[ɡ]əp}	NUM	ten
千	qiān	tshen	*s.n̥ˁiŋ	NUM	thousand
升	shēng	sying	*s-təŋ		1/10th of a dǒu 斗
升	shēng	sying	*s-təŋ	VERB	rise (v.)
午	wǔ	nguX	*m-qʰˁaʔ		resist; cross-wise
午	wǔ	nguX	*m.qʰˁaʔ {*[m].qʰˁaʔ}		7th heavenly branch
半	bàn	panH	*pˁan-s		half
华	huā	xwæ	*qʷʰˁra	NOUN	flower (n.)
华	huá	hwæ	*N-qʷʰˁra	VERB	flower (v.); flowery (adj.)
华	huà	hwæH	*ɢʷˁra-s {*[ɢ]ʷˁra-s}	PROPN	[name of a mountain]
卑	bēi	pjie	*pe		low, humble
卒	zú	tswit	*tsut {*[ts]ut}		finish, die
卒	zú	tswot	*tsˁut {*[ts]ˁut}		soldier
卓	zhuō	træwk	*tˁrawk		high; splendid
单	chán	dzyen	*dˁar {*[d]ˁar}		in chan2yu2
单	dān	tan	*Cə.tˁar		single, simple
卖	mài	mɛH	*mˁrajʔ-s		sell
南	nán	nom	*nˁəm {*nˁ[ə]m}		south
博	bó	pak	*pˁak		broad
卜	bǔ	puwk	*pˁok	VERB	divine (v.)
卞	biàn	bjenH	*bron-s {*[b]ro[n]-s}		law
占	zhān	tsyem	*tem		prognosticate
卤	lǔ	luX	*rˁaʔ {*[r]ˁaʔ}		salty (sc. land)
卤	lǔ	luX	*rˁaʔ {*[r]ˁaʔ}		rustic, coarse
卦	guà	kwɛH	*kʷˁre-s {*[k]ʷˁre-s}		prognosticate with Achillea
卪	jié	tset	*tsˁik	NOUN	tally (n.)
卫	wèi	hjwejH	*ɢʷat-s {*[ɢ]ʷ(r)a[t]-s}	VERB	to guard
卬	áng	ngang	*ŋˁaŋ		high; lift high
卯	mǎo	mæwX	*mˁruʔ		4th earthly branch
印	yìn	ʔjinH	*qiŋ-s {*[q]i[ŋ]-s}		seal
危	wēi	ngjwe	*ŋoj {*[ŋ](r)[o]j}		in danger
即	jí	tsik	*tsik {*[ts]ik}		go to
即	jí	tsik	*tsik {*[ts]ik}		thereupon
却	què	khjak	*kʰak		decline, refuse
卵	luǎn	lwanX	*k.rˁorʔ		egg
卵	luǒ	lwaX	*k.rˁorʔ (dial. *-r › *-j)		egg
卷	juǎn	kjwenX	*krorʔ {*[k]rorʔ}	VERB	roll (v.)
卷	quán	gjwen	*ɡʷren {*[ɡ]ʷren}		handsome
卿	qīng	khjæng	*C.qʰraŋ	VERB	minister (v.)
厂	hàn	xanH	*ŋ̊ˁar-s {*ŋ̊ˁar(ʔ)-s}		cliff
厂	hàn	xanX	*ŋ̊ˁarʔ		cliff
厃	zhān	tsyem	*t.qam {*[t.q]am}		look upwards
厄	è	ʔɛk	*qˁ‹r›ik {*qˁ‹r›[i]k}		part of a yoke
历	lì	lek	*rˁek {*[r]ˁek}		pass by; in turn
厈	chì	tsyhek	*tʰak {*tʰAk}		rebuff; salty soil
厉	lì	ljejH	*rat-s {*[r]at-s}		cruel
厉	lì	ljejH	*rat-s {*(mə-)rat-s}		grindstone
厉	lì	ljejH	*rat-s {*(mə-)rat-s}		epidemic
厌	yān	ʔjiem	*ʔem	ADJ	contented (adj.)
厓	yá	ngɛ	*ŋˁrar		river bank; limit
厕	cè	tsrhiH	*tsʰrək-s {*[tsʰ]rək-s}		latrine
厖	máng	mæwng	*mˁroŋ		great, ample
厚	hòu	huwX	*Cə.ɡˁoʔ {*Cə.ɡˁ(r)oʔ}		thick
原	yuán	ngjwon	*ŋʷar {*[ŋ]ʷar} (‹ uvular)		spring, source; origin
原	yuán	ngjwon	*ŋʷar {*[ŋ]ʷar} (‹ uvular)	NOUN	high plain (n.)
厥	jué	kjwot	*kot		(3p possessive pronoun)
厦	xià	hæX	*ɡˁraʔ {*[ɡ]ˁraʔ}		house, room
厦	xià	hæX	*ɡˁraʔ {*[ɡ]ˁraʔ}		house, room
厨	chú	drju	*dro {*[d]ro}		kitchen
厩	jiù	kjuwH	*kʷu-s {*[k]ʷu(ʔ)-s}	NOUN	stable (n.)
厭	yān	ʔjiem	*ʔem	ADJ	contented (adj.)
厲	lì	ljejH	*rat-s {*[r]at-s}		cruel
厲	lì	ljejH	*rat-s {*(mə-)rat-s}		grindstone
厲	lì	ljejH	*rat-s {*(mə-)rat-s}		epidemic
去	qù	khjoH	*kʰaʔ-s {*[k]ʰ(r)aʔ-s}		depart
县	xiàn	hwenH	*Cə.ɡʷˁen-s {*Cə.[ɡ]ʷˁe[n]-s}		district
县	xuán	hwen	*ɡʷˁen {*[ɡ]ʷˁe[n]}		suspend
参	cān	tshom	*N-sˁrum {*N-sˁr[u]m}	NUM	three
参	cān	tshom	*s-l̥ˁum {*s-l̥ˁ[u]m}		accumulate
参	cān	tshom	*tsʰˁum {*[tsʰ]ˁ[u]m}		straight
参	cēn	tsrhim	*tsʰrum {*[tsʰr][u]m}		uneven
参	shēn	srim	*srum {*sr[u]m}		(name of constellation)
參	cān	tshom	*N-sˁrum {*N-sˁr[u]m}	NUM	three
參	cān	tshom	*s-l̥ˁum {*s-l̥ˁ[u]m}		accumulate
參	cān	tshom	*tsʰˁum {*[tsʰ]ˁ[u]m}		straight
參	cēn	tsrhim	*tsʰrum {*[tsʰr][u]m}		uneven
參	shēn	srim	*srum {*sr[u]m}		(name of constellation)
又	yòu	hjuwH	*ɢʷəʔ-s {*[ɢ]ʷəʔ-s}		also, in addition
及	jí	gip	*m-k-rəp {*[m-k-]rəp}		reach
友	yǒu	hjuwX	*ɢʷəʔ {*[ɢ]ʷəʔ}		friend
双	shuāng	sræwng	*sˁroŋ {*[s]ˁroŋ}	NOUN	a pair
反	fǎn	bænX	*bˁranʔ {*[b]ˁranʔ}		dignified, grand
反	fǎn	pjonX	*Cə.panʔ	VERB	reverse (v.)
发	fā	pjot	*Cə.pat		fly forth
叔	shū	syuwk	*s-tiwk		gather, harvest
叔	shū	syuwk	*s-tiwk		3rd of 4 brothers
叕	zhuó	trjwejH	*trot-s		sew, stitch
取	cǒu	tshuwX	*tsʰˁoʔ		take
取	qǔ	tshjuX	*tsʰoʔ		take
取	qù	tshjuH	*tsʰoʔ-s	ADJ	take (a wife)
受	shòu	dzyuwX	*duʔ {*[d]uʔ}		receive
变	biàn	pjenH	*pron-s {*pro[n]-s}	VERB	change (v.)
叙	xù	zjoX	*s-m-taʔ	VERB	order (v.)
叚	jiǎ	kæX	*kˁraʔ		borrow#borrow
叟	sǒu	suwX	*s.ruʔ (dial. › *sruʔ › srjuwX › sruwX › suwX)		old man
口	kǒu	khuwX	*kʰˁoʔ {*kʰˁ(r)oʔ}		mouth
古	gǔ	kuX	*kˁaʔ		ancient
句	gōu	kuw	*C.qˁo {*C.[q]ˁ(r)o}		curved
句	gòu	kuwH	*kˁok-s {*[k]ˁ(r)ok-s}		curved
句	jù	kjuH	*ko-s {*[k](r)o-s}		phrase
叩	kǒu	khuwX	*kʰˁoʔ {*kʰˁ(r)oʔ}		strike
叩	kòu	khuwH	*kʰˁoʔ-s {*kʰˁ(r)oʔ-s}	VERB	strike (v.)
只	zhī	tsyek	*tek		single
叫	jiào	kewH	*kˁewk-s		shout
召	shào	dzyewX	*dawʔ {*[d]awʔ}		(place name)
召	zhào	drjewH	*draw-s {*[d]raw-s}		summon
可	kě	khaX	*kʰˁajʔ {*[k]ʰˁa[j]ʔ}		may; acceptable
台	tái	doj	*lˁə		tower
台	yí	yi	*lə		I, me
史	shǐ	sriX	*s-rəʔ		scribe
右	yòu	hjuwH	*m-qʷəʔ-s ~ *m-qʷəʔ		right hand
右	yòu	hjuwX	*ɢʷəʔ {*[ɢ]ʷəʔ}		right hand
叶	yè	yep	*lap {*l[a]p}		leaf
号	háo	haw	*C.ɡˁaw {*[C.ɡ]ˁaw}		call out
号	háo	hawH	*Cə.ɡaw-s {*Cə.[ɡ]ˁaw-s}	NOUN	command, call (n.)
司	sī	si	*s-lə		superintend
叹	tàn	thanH	*n̥ˁar-s		sigh
吁	xū	xju	*qʷʰa {*qʷʰ(r)a}		pained
各	gè	kak	*kˁak		each
吅	xuán	xjwon	*qʷʰar	VERB	to cry in alarm
合	hé	hop	*m-kˁop		unite
吉	jí	kjit	*C.qit {*C.qi[t]} (*C.q- › *k-, escaping palatalization)		auspicious
同	tóng	duwng	*lˁoŋ		together, join
名	míng	mjieng	*C.meŋ		name
后	hòu	huwH	*ɢˁoʔ-s {*[ɢ]ˁ(r)oʔ-s}		put after ?
后	hòu	huwX	*ɢˁoʔ {*ɢˁ(r)oʔ}		sovereign; queen
后	hòu	huwX	*ɢˁoʔ {*[ɢ]ˁ(r)oʔ}		after
吏	lì	liH	*rəʔ-s {*[r]əʔ-s}		officer
吐	tǔ	thuX	*tʰˁaʔ		eject from mouth, spit
吐	tù	thuH	*tʰˁaʔ-s		vomit
向	shǎng	syangX	*n̥aŋʔ	NOUN	a short time
向	shàng	syangH	*n̥aŋ-s	NOUN	a short time
向	xiǎng	xjangX	*n̥aŋʔ (W dial. *n̥- › *x-)	NOUN	a short time
向	xiàng	xjangH	*n̥aŋʔ-s (W dial. *n̥- › *x-)	NOUN	a short time
吓	hè	xæk	*qʰˁ‹r›ak		frighten
吓	xià	xæH	*qʰˁ‹r›ak-s		frighten
吕	lǚ	ljoX	*raʔ {*[r]aʔ}		spine; pitch-pipe
君	jūn	kjun	*C.qur		lord; ruler
吝	lìn	linH	*mə.rən-s {*mə.rə[n]-s}		stingy
吞	tūn	then	*l̥ˁən		(surname)
吟	yín	ngim	*m-qʰəm {*m-qʰ(r)[ə]m}		chant, intone
吠	fèi	bjojH	*Cə.bot-s {*Cə.[b]o[t]-s}	VERB	bark (v.)
否	fǒu	pjuwX	*pəʔ		not
吪	é	ngwa	*m-qʷʰˁaj		move; change
含	hán	hom	*Cə-m-kˁəm {*Cə-m-kˁ[ə]m}		hold in the mouth
含	hán	homH	*Cə-m-kˁəm-s {*Cə-m-[k]ˁ[ə]m-s}	VERB	to put in the mouth
听	tīng	theng	*l̥ˁeŋ		listen
听	tìng	thengH	*l̥ˁeŋ-s		listen to; obey
启	qǐ	khejX	*kʰˁijʔ	VERB	open (v.)
吳	wú	ngu	*ŋʷˁa		shout; name of a state
吴	wú	ngu	*ŋʷˁa		shout; name of a state
吶	nè	nywet	*not		slow of speech
吸	xī	xip	*qʰəp {*qʰ(r)[ə]p}		inhale
吹	chuī	tsyhwe	*tʰoj	VERB	blow (v.)
吹	chuì	tsyhweH	*tʰoj-s		musical concert
吾	wú	ngu	*ŋˁa		I, my
呂	lǚ	ljoX	*raʔ {*[r]aʔ}		spine; pitch-pipe
呈	chéng	drjeng	*lreŋ	VERB	to manifest
告	gào	kawH	*kˁuk-s		announce, inform
告	gào	kowk	*kˁuk		announce, inform
呐	nè	nywet	*not		slow of speech
呕	ǒu	ʔuwX	*qˁoʔ {*qˁ(r)oʔ}		vomit
员	yuán	hjwen	*ɢʷren {*[ɢ]ʷre[n]}		circle; round
员	yún	hjun	*ɢʷən {*[ɢ]ʷə[n]}		(a particle)
呙	wāi	kwæX	*kʷˁrajʔ		cut meat from the bone
周	zhōu	tsyuw	*tiw		Zhōu (dynasty and place)
周	zhōu	tsyuw	*tiw		cycle; all around
呱	gū	ku	*kʷˁa		wail
味	wèi	mjɨjH	*mət-s {*m[ə]t-s}	NOUN	taste (n.)
呵	hē	xa	*qʰˁaj		scold
呻	shēn	syin	*l̥in {*l̥i[n]}		chant, drone
呼	hū	xu	*qʰˁa		call out, shout
呼	hù	xuH	*qʰˁa-s		call out, shout
命	mìng	mjængH	*mə-riŋ-s (dial. › *mreŋ-s)		command
咄	duō	twot	*tˁut {*[t]ˁut}		scold
咈	fú	bjut	*m-put {*[m-p]ut}		oppose
和	hé	hwa	*ɢˁoj {*[ɢ]ˁoj}		harmonious
和	hè	hwaH	*ɢˁoj-s {*[ɢ]ˁoj-s}		tune (instruments); respond in singing
咎	jiù	gjuwX	*ɡuʔ {*[ɡ](r)uʔ}	NOUN	fault, blame (n.)
咏	yǒng	hjwængH	*ɢʷraŋ-s {*[ɢ]ʷraŋ-s}	VERB	chant (v.)
咏	yǒng	hjwængH	*ɢʷraŋ-s {*[ɢ]ʷraŋ-s}	VERB	chant (v.)
咢	è	ngak	*ŋˁak {*[ŋ]ˁak}		beat a drum
咨	zī	tsij	*tsij {*[ts]ij}		consult; plan (v.)
咫	zhǐ	tsyeX	*keʔ		foot (8 inches)
咳	kài	khojH	*kʰˁək-s		cough
咸	xián	hɛm	*Cə.ɡˁrom {*Cə.[ɡ]ˁr[o]m}		salty
咸	xián	hɛm	*ɡˁrəm {*[ɡ]ˁr[ə]m}		all; everywhere
咺	xuǎn	xjwonX	*qʷʰarʔ		brilliant, illustrious
咼	wāi	kwæX	*kʷˁrajʔ		cut meat from the bone
咽	yān	ʔen	*ʔˁin {*ʔˁi[n]}		gullet
咽	yàn	ʔenH	*ʔˁin-s {*ʔˁi[n]-s}	VERB	swallow (v.)
咿	yī	ʔjij	*ʔij		forced laugh
哀	āi	ʔoj	*ʔˁəj	VERB	to pity; sad
哆	chǐ	tsyhæX	*t-l̥ajʔ {*[t-l̥]Ajʔ}		large
哉	zāi	tsoj	*tsˁə {*[ts]ˁə}		begin
哉	zāi	tsoj	*tsˁə {*[ts]ˁə}	PART	(particle)
响	xiǎng	xjangX	*qʰaŋʔ		echo
哑	yǎ	ʔæX	*ʔˁraʔ		mute
員	yuán	hjwen	*ɢʷren {*[ɢ]ʷre[n]}		circle; round
員	yún	hjun	*ɢʷən {*[ɢ]ʷə[n]}		(a particle)
哤	máng	mæwng	*mˁroŋ		mixed, disorderly
哭	kū	khuwk	*kʰˁok {*[kʰ]ˁok}		weep
哲	zhé	trjet	*trat {*tr[a]t}		wise
哺	bǔ	buH	*bˁa-s {*[b]ˁa-s}		food held in the mouth
唅	hán	hom	*Cə-m-kˁəm {*Cə-m-kˁ[ə]m}		hold in the mouth
唐	tāng	thang	*r̥ˁaŋ {*(kə)-r̥ˁaŋ}	PROPN	name of first Shang ruler
唐	táng	dang	*N-rˁaŋ {*[N-]rˁaŋ}		exaggerate; great
唱	chàng	tsyhangH	*mə-tʰaŋ-s	VERB	to lead (in singing)
啄	zhuó	træwk	*mə-tˁ‹r›ok	VERB	to peck
商	shāng	syang	*s-taŋ		musical note
商	shāng	syang	*s-taŋ		(place name)
商	shāng	syang	*s-taŋ		estimate; business; trader
問	wèn	mjunH	*C.mun-s {*C.mu[n]-s}		ask
啐	cuì	tshwojH	*tsʰˁut-s {*[tsʰ]ˁu[t]-s}	VERB	taste (v.)
啖	dàn	damX	*m-rˁamʔ		eat
啗	dàn	damH	*m-rˁamʔ-s		eat, swallow
啗	dàn	damX	*m-rˁamʔ		eat
啜	chuò	tsyhwet	*tʰot	VERB	taste, eat, drink (v.)
啞	yǎ	ʔæX	*ʔˁraʔ		mute
啬	sè	srik	*srək		reap
啴	tān	than	*tʰˁar		numerous
啴	tān	than	*tʰˁar		exhausted
啴	tān	than	*tʰˁar		many
啸	xiào	sewH	*sˁiw-s {*sˁiw(k)-s}	VERB	to wail
啼	tí	dej	*C.lˁe		weep, howl
善	shàn	dzyenX	*ɡenʔ {*[ɡ]e[n]ʔ}		good
喈	jiē	kɛj	*kˁrəj		cold
喉	hóu	huw	*ɡˁo {*[ɡ]ˁ(r)o}		throat
喘	chuǎn	tsyhwenX	*tʰorʔ	VERB	to pant
喙	huì	tsyhwejH	*t-l̥ot-s {*t-l̥o[t]-s}		snout; to pant
喙	huì	tsyhwejH	*t-l̥ot-s {*t-l̥o[t]-s}		snout; to pant
喙	huì	xjwojH	*l̥or-s {*l̥o[r]-s} (*l̥- › x- dialect)		snout; to pant
喜	xǐ	xiX	*qʰəʔ {*qʰ(r)əʔ}		joy; rejoice
喪	sāng	sang	*s-mˁaŋ {*[s-m]ˁaŋ}		mourning, burial
喪	sàng	sangH	*s-mˁaŋ-s		lose; destroy
喬	qiáo	gjew	*N-kaw {*[N-k](r)aw}		high, tall
單	chán	dzyen	*dˁar {*[d]ˁar}		in chan2yu2
單	dān	tan	*Cə.tˁar		single, simple
喻	yù	yuH	*lo-s		understand; metaphor
嗁	tí	dej	*C.lˁe		cry; weep
嗅	xiù	xjuwH	*qʰu-s {*qʰu(ʔ)-s}	VERB	to smell (tr.)
嗇	sè	srik	*srək		reap
嗌	yì	ʔjiek	*qik {*q[i]k} (*-ik › *-ek)		throat
嗜	shì	dzyijH	*ɡij-s {*[ɡ]ij-s}		enjoy
嗟	jiē	tsjæ	*tsaj {*tsAj}		sigh; alas!
嗣	sì	ziH	*sə.lə-s		succeed, inherit
嘆	tàn	thanH	*n̥ˁar-s		sigh
嘉	jiā	kæ	*kˁ‹r›aj		excellent
嘔	ǒu	ʔuwX	*qˁoʔ {*qˁ(r)oʔ}		vomit
嘗	cháng	dzyang	*Cə.daŋ	VERB	taste (v.)
嘬	chuài	tsrhwæjH	*tsʰˁrot-s {*[tsʰ]ˁrot-s}		bite, eat
嘯	xiào	sewH	*sˁiw-s {*sˁiw(k)-s}	VERB	to wail
嘽	tān	than	*tʰˁar		numerous
嘽	tān	than	*tʰˁar		exhausted
嘽	tān	than	*tʰˁar		many
噆	zǎn	tsop	*tsˁəp {*tsˁ[ə]p}		sting and suck (mosquito)
噍	jiào	dzjewH	*dzewk-s {*[dz]ewk-s}		chew
噎	yē	ʔet	*qˁik		choke
噏	xī	xip	*qʰəp {*qʰ(r)[ə]p}		draw together (Laozi, one version)
噡	zhān	tsyem	*tam {*[t]am}		speak, chat
器	qì	khijH	*kʰrət-s {*[kʰ]r[ə][t]-s}		vessel; instrument
噬	shì	dzyejH	*det-s {*[d]e[t]-s}	VERB	bite (v.)
嚇	hè	xæk	*qʰˁ‹r›ak		frighten
嚇	xià	xæH	*qʰˁ‹r›ak-s		frighten
嚏	tì	tejH	*tˁit-s {*[t]ˁi[t]-s} (‹ *t.lˁ-?)		sneeze
嚮	xiàng	xjangH	*qʰaŋ-s	VERB	to face, approach
嚴	yán	ngjæm	*ŋram		stern, majestic
囊	náng	nang	*nˁaŋ		sack, bag
囏	jiān	kɛn	*kˁrər {*kˁrə[r]}		distress, difficulty
囚	qiú	zjuw	*sə.lu		prisoner
四	sì	sijH	*s.lij-s {*s.li[j]-s}	NUM	four
回	huí	hwoj	*ɢʷˁəj {*[ɢ]ʷˁəj}		go round
因	yīn	ʔjin	*ʔin {*ʔi[n]}		rely on
囧	jiǒng	kjwængX	*k-mraŋʔ (dial. *k.mr- › *kʷr-)		bright window
园	yuán	hjwon	*C.ɢʷan {*C.ɢʷa[n]}		garden
困	kùn	khwonH	*kʰˁun-s {*kʰˁu[n]-s}		obstruct; distress
围	wéi	hjwɨj	*ɢʷəj {*[ɢ]ʷə[j]}		surround
固	gù	kuH	*kˁa-s {*kˁa(ʔ)-s}		fortified, secure
国	guó	kwok	*kʷˁək {*[k]ʷˁək}	NOUN	state (n.)
图	tú	du	*dˁa {*[d]ˁa}		consider
囿	yòu	hjuwH	*ɢʷək-s {*[ɢ]ʷək-s}		park, garden
囿	yòu	hjuwk	*ɢʷək {*[ɢ]ʷək}		park, garden
圅	hán	hom	*Cə-m-kˁəm {*Cə-m-kˁ[ə]m}		contain
圆	yuán	hjwen	*ɢʷren {*[ɢ]ʷre[n]}		round
國	guó	kwok	*kʷˁək {*[k]ʷˁək}	NOUN	state (n.)
圍	wéi	hjwɨj	*ɢʷəj {*[ɢ]ʷə[j]}		surround
園	yuán	hjwon	*C.ɢʷan {*C.ɢʷa[n]}		garden
圓	yuán	hjwen	*ɢʷren {*[ɢ]ʷre[n]}		round
圖	tú	du	*dˁa {*[d]ˁa}		consider
圜	yuán	hjwen	*ɢʷren {*[ɢ]ʷren}		round
土	tǔ	thuX	*tʰˁaʔ		earth
圣	shèng	syengH	*l̥eŋ-s	NOUN	sage (n.)
在	zài	dzojX	*dzˁəʔ {*[dz]ˁəʔ}	VERB	be at, be present
圩	wū	ʔu	*qʷˁa	VERB	to plaster
圭	guī	kwej	*kʷˁe {*[k]ʷˁe}		jade scepter
地	dì	dijH	*lˁej-s {*[l]ˁej-s}		earth, ground
圹	kuàng	khwangH	*kʷʰˁaŋ-s		grave pit
场	cháng	drjang	*Cə.lraŋ		arena
圻	yín	ngjɨn	*ŋər {*[ŋ]ər}		raised border, dike
坂	bǎn	pjonX	*panʔ {*pa[n]ʔ}		slope, bank
均	jūn	kjwin	*C.qʷin {*C.qʷi[n]}		even, equal
均	yùn	hwinH	*N-qʷ‹r›in-s {*[N-qʷ]‹r›in-s}		rhyme
坎	kǎn	khomX	*kʰˁomʔ {*[kʰ]ˁomʔ}		pit
坏	huài	hwɛjH	*N-kˁruj-s {*N-[k]ˁruj-s}	VERB	be destroyed
坏	huài	kwɛjH	*kʷˁruj-s {*[k]ʷˁruj-s}		destroy
坐	zuò	dzwaH	*dzˁojʔ-s {*[dz]ˁo[j]ʔ-s}		seat n.
坐	zuò	dzwaX	*dzˁojʔ {*[dz]ˁo[j]ʔ}		sit
坐	zuò	dzwaX	*m-dzˁojʔ {*m-[dz]ˁo[j]ʔ}	VERB	to set
块	kuài	khwɛjH	*kʰˁ‹r›uj-s {*[kʰ]ˁ‹r›uj-s}		clod, lump
块	kuài	khwojH	*kʰˁuj-s {*[kʰ]ˁuj-s}		clod; lump
坚	jiān	ken	*kˁiŋ {*kˁi[ŋ]}		solid, strong
坠	zhuì	drwijH	*m.lrut-s {*m.lru[t]-s}		fall down
坤	kūn	khwon	*kʰˁun {*[kʰ]ˁu[n]}		earth (trigram or hexagram)
坦	tǎn	thanX	*tʰˁanʔ {*[tʰ]ˁa[n]ʔ}		level, at ease
坻	chí	drij	*drij {*[d]rij}		islet
坼	chè	trhæk	*Nə-qʰˁ‹r›ak	VERB	split (v.i.)
垂	chuí	dzywe	*doj {*[d]oj}		hang down
垒	lěi	lwijX	*rujʔ {*[r]ujʔ}		entrenchments
垔	yīn	ʔjin	*qin {*[q]i[n]}		dam up, block; mound
垠	yín	ngjɨn	*ŋər {*[ŋ]ər}		raised border, dike
垣	yuán	hjwon	*ɢʷar {*[ɢ]ʷar}		wall
垤	dié	det	*dˁit {*[d]ˁi[t]}		anthill
垩	è	ʔak	*ʔˁak	VERB	plaster (v.)
垫	diàn	temH	*tˁim-s {*[t]ˁ[i]m-s}		descend
垲	kǎi	khojX	*C.qʰəjʔ {*C.qʰˁəjʔ}		high and dry (place)
埃	āi	ʔoj	*qˁə		dust
埋	mái	mɛj	*mə.rˁə (dial. › *mrˁə)		bury
城	chéng	dzyeng	*Cə.deŋ {*Cə.[d]eŋ}		city wall
埙	xuān	xjwon	*qʰon {*qʰo[n]}		ocarina
埜	yě	yæX	*laʔ {*lAʔ}		open country
域	yù	hwik	*ɢʷrək {*[ɢ]ʷrək}		territory
埳	kǎn	khomX	*kʰˁomʔ {*[kʰ]ˁomʔ}	NOUN	pit (n.)
埴	zhí	dzyik	*dək {*[d]ək}		clay
埶	shì	syejH	*ŋ̊et-s		circumstances; setting
埶	yì	ngjiejH	*ŋet-s I!	VERB	to plant
執	zhí	tsyip	*tip {*[t]ip}		seize
基	jī	ki	*kə {*k(r)ə}	NOUN	base (n.)
堀	kū	khwot	*kʰˁut {*[kʰ]ˁut}		hole
堂	táng	dang	*dˁaŋ {*(Cə.)[d]ˁaŋ}		hall
堅	jiān	ken	*kˁiŋ {*kˁi[ŋ]}		solid, strong
堇	jǐn	gin	*ɡrər {*[ɡ]rə[r]}		time, season
堇	jǐn	kjɨnX	*kərʔ {*kə[r]ʔ}	ADJ	(a kind of vegetable)
堇	qín	gin	*ɡrər {*[ɡ]rə[r]}		clay
堊	è	ʔak	*ʔˁak	VERB	plaster (v.)
堋	bèng	pongH	*pˁəŋ-s		put coffin in grave
堑	qiàn	tshjemH	*tsʰam-s {*[tsʰ]am-s}		moat; dig out
堕	duò	dwaX	*lˁojʔ	VERB	to fall
堕	huī	xjwie	*l̥oj (W. dial. *l̥- › x)		destroy
堪	kān	khom	*kʰˁəm {*[kʰ]ˁ[ə]m}		able to bear
堯	yáo	ngew	*ŋˁew {*[ŋ]ˁew}		high
報	bào	pawH	*pˁuk-s		repay
堲	jí	tsit	*tsik		masonry
場	cháng	drjang	*Cə.lraŋ		arena
塈	xì	xijH	*qʰrət-s {*qʰrə[t]-s}	VERB	rest (v.)
塈	xì	xjɨjH	*qʰət-s {*qʰə[t]-s}	VERB	rest (v.)
塊	kuài	khwɛjH	*kʰˁ‹r›uj-s {*[kʰ]ˁ‹r›uj-s}		clod, lump
塊	kuài	khwojH	*kʰˁuj-s {*[kʰ]ˁuj-s}		clod; lump
塍	chéng	zying	*Cə.ləŋ		raised path between fields
塏	kǎi	khojX	*C.qʰəjʔ {*C.qʰˁəjʔ}		high and dry (place)
塗	tú	du	*lˁa	VERB	to plaster
塗	tú	du	*lˁa		road
塘	táng	dang	*m.rˁaŋ ~ mə.rˁaŋ		dam, dike
塞	sài	sojH	*sˁək-s {*[s]ˁək-s}		frontier
塞	sài	sojH	*sˁək-s	NOUN	pass (n.)
塞	sè	sok	*sˁək {*[s]ˁək}	VERB	stop up, block (v.)
塤	xuān	xjwon	*qʰon {*qʰo[n]}		ocarina
填	tián	den	*dˁin {*[d]ˁi[n]}		obstruct; embankment
塵	chén	drin	*drən {*[d]rə[n]}	NOUN	dust (n.)
塹	qiàn	tshjemH	*tsʰam-s {*[tsʰ]am-s}		moat; dig out
塺	mò	maH	*mˁaj-s		dust
境	jǐng	kjængX	*kraŋʔ {*[k]raŋʔ}		boundary
墊	diàn	temH	*tˁim-s {*[t]ˁ[i]m-s}		descend
墐	jìn	ginH	*ɡrər-s {*[ɡ]rə[r]-s}	VERB	plaster (v.)
墐	jìn	ginH	*ɡrər-s {*[ɡ]rə[r]-s}		bury
墓	mù	muH	*C.mˁak-s	NOUN	grave (n.)
墜	zhuì	drwijH	*m.lrut-s {*m.lru[t]-s}		fall down
墟	xū	khjo	*C.qʰa {*C.qʰ(r)a}		hill, mound; abandoned city
墨	mò	mok	*C.mˁək		ink
墮	duò	dwaX	*lˁojʔ	VERB	to fall
墮	huī	xjwie	*l̥oj (W. dial. *l̥- › x)		destroy
壁	bì	pek	*C.pˁek		house wall
壎	xūn	xjwon	*qʰon {*qʰo[n]}		ocarina
壑	hè	xak	*qʰˁak		moat; canal
壘	lěi	lwijX	*rujʔ {*[r]ujʔ}		entrenchments
壙	kuàng	khwangH	*kʷʰˁaŋ-s		grave pit
壛	yán	yem	*Cə.ɢam {*Cə.[ɢ]am}		eaves
壝	wéi	ywij	*ɢuj {*[ɢ](r)uj}		low wall
壞	huài	hwɛjH	*N-kˁruj-s {*N-[k]ˁruj-s}	VERB	be destroyed
壞	huài	kwɛjH	*kʷˁruj-s {*[k]ʷˁruj-s}		destroy
壤	rǎng	nyangX	*naŋʔ		cultivated soil
士	shì	dzriX	*m-s-rəʔ		officer; gentleman
壬	rén	nyim	*nəm {*n[ə]m}		9th heavenly stem
壮	zhuàng	tsrjangH	*ts‹r›aŋ-s {*[ts]‹r›aŋ-s}		robust
壯	zhuàng	tsrjangH	*ts‹r›aŋ-s {*[ts]‹r›aŋ-s}		robust
声	shēng	syeng	*l̥eŋ {*[l̥]eŋ}	NOUN	sound (n.)
壳	què	khæwk	*kʰˁrok {*[kʰ]ˁrok}		hollow shell, hollow
壴	zhǔ	trjuH	*t‹r›oʔ-s		stand for musical instruments
壶	hú	hu	*ɡˁa {*[ɡ](ʷ)ˁa}		flask
壹	yī	ʔjit	*ʔit {*[ʔ]i[t]}	NUM	one
壺	hú	hu	*ɡˁa {*[ɡ](ʷ)ˁa}		flask
壽	shòu	dzyuwH	*duʔ-s {*[d]uʔ-s}	NOUN	longevity
壽	shòu	dzyuwX	*N-tuʔ {*[N-t]uʔ}	NOUN	longevity
处	chǔ	tsyhoX	*t.qʰaʔ	VERB	be at
处	chù	tsyhoH	*t.qʰaʔ-s	NOUN	place (n.)
备	bèi	bijH	*brək-s {*[b]rək-s}	ADJ	complete (adj.)
夌	líng	ling	*rəŋ {*[r]əŋ}		mound, hill
复	fù	bjuwH	*N-pruk-s {*[N]-pruk-s}		again
复	fù	bjuwk	*m-puk {*m-p(r)uk}		return
复	fù	bjuwk	*m-puk {*m-p(r)uk}		return
复	fù	phjuwk	*pʰuk {*pʰ(r)uk}		turn over
复	fù	pjuwk	*pruk {*p(r)uk}		double, lined (garment)
夏	xià	hæH	*ɡˁraʔ {*[ɡ]ˁraʔ} ~ [g]ˁraʔ-s		summer
夏	xià	hæX	*ɢˁraʔ {*[ɢ]ˁraʔ}		great
夒	náo	naw	*nˁu	NOUN	a kind of monkey
夕	xī	zjek	*s-N-rak {*s-N-rAk}		evening, night
外	wài	ngwajH	*ŋʷˁat-s {*[ŋ]ʷˁa[t]-s}		outside
夗	wǎn	ʔjwonX	*ʔorʔ {*ʔo[r]ʔ}		turn over in bed
夙	sù	sjuwk	*suk {*[s]uk}		early morning
多	duō	ta	*t-lˁaj {*[t-l]ˁaj}		many
夜	yè	yæH	*N.rak-s {*N.rAk-s}		night
夢	mèng	mjuwngH	*C.məŋ-s		dream
夤	yín	yin	*ɢər {*[ɢ[(r)ə[r]}		small of the back, region of the reins
大	dà	daH	*lˁat-s (F!)		big
大	dà	dajH	*lˁat-s {*lˁa[t]-s}		big
夨	zè	tsrik	*tsrək {*[ts]rək}		incline the head
天	tiān	then	*l̥ˁin {*l̥ˁi[n]}		heaven
太	tài	thajH	*l̥ˁat-s {*l̥ˁa[t]-s}		great
夫	fū	pju	*pa {*p(r)a}		man
夫	fú	bju	*ba		final particle
夫	fú	bju	*ba {*[b](r)a}		this, that
夬	guài	kwæjH	*kʷˁret-s {*[k]ʷˁret-s}		divide, make a breach
夭	yāo	ʔjew	*ʔaw {*[ʔ](r)aw}		CHECK
央	yāng	ʔjang	*ʔaŋ	VERB	end (v.)
央	yāng	ʔjang	*ʔaŋ	NOUN	center (n.)
失	shī	syit	*l̥it {*l̥i[t]}		lose
头	tóu	duw	*m-tˁo		head
夷	yí	yij	*ləj		level, peaceful
夸	kuā	khwæ	*kʷʰˁra {*[kʷʰ]ˁra}		boast
夸	kuā	khwæ	*kʷʰˁra {*[kʷʰ]ˁra}		boast
夹	jiā	kɛp	*C.kˁ‹r›ep		press between
夺	duó	dwat	*Cə.lˁot		seize
夾	jiā	kɛp	*C.kˁ‹r›ep		press between
奄	yǎn	ʔjemX	*ʔomʔ {*ʔ(r)omʔ}		cover
奇	jī	kje	*kaj {*[k](r)aj}		odd (number)
奇	qí	gje	*ɡaj {*[ɡ](r)aj}		strange
奉	fèng	bjowngX	*m-pʰoŋʔ {*m-pʰ(r)oŋʔ}	VERB	present (v.) with both hands
奉	fèng	phjowngX	*pʰoŋʔ {*pʰ(r)oŋʔ}		hold with both hands; to present; receive
奋	fèn	pjunH	*pən-s {*p[ə][n]-s}		spread wings and fly
奏	zòu	tsuwH	*tsˁo-s {*tsˁo(ʔ)-s}		bring forward; perform (music)
契	qì	khejH	*kʰˁet-s {*[kʰ]ˁet-s}		script notches
奔	bēn	pwon	*pˁur	VERB	run (v.)
奚	xī	hej	*ɡˁe		why, what
奚	xī	hej	*ɡˁe {*[ɡ]ˁe}		slave, servant
奢	shē	syæ	*s.tʰa {*s.tʰA}		extravagant
奥	ào	ʔawH	*ʔˁuk-s		southwest corner of a house
奥	yù	ʔjuwk	*ʔuk {*ʔ(r)uk}		cove in the bank of a stream
奧	ào	ʔawH	*ʔˁuk-s		southwest corner of a house
奧	yù	ʔjuwk	*ʔuk {*ʔ(r)uk}		cove in the bank of a stream
奪	duó	dwat	*Cə.lˁot		seize
奬	jiǎng	tsjangX	*tsaŋʔ {*[ts]aŋʔ}		help; encourage
奭	shì	syek	*qʰak {*[qʰ](r)Ak}		red
奭	shì	xik	*qʰək {*[qʰ](r)ək}		red
奮	fèn	pjunH	*pən-s {*p[ə][n]-s}		spread wings and fly
女	nǚ	nrjoX	*nraʔ		female
女	nǜ	nrjoH	*nraʔ-s		give as a wife
奴	nú	nu	*nˁa		slave
奸	gān	kan	*kˁar {*kˁa[r]}		treacherous
奸	jiān	kæn	*kˁran {*[k]ˁran}		wicked(ness)
好	hǎo	xawX	*qʰˁuʔ		good
好	hào	xawH	*qʰˁuʔ-s	VERB	love, like (v.)
如	rú	nyo	*na		go to
如	rú	nyo	*na		as, like, if
妃	fēi	phjɨj	*pʰəj		consort; match
妄	wàng	mjangH	*maŋ-s		reckless
妆	zhuāng	tsrjang	*tsraŋ {*[ts]raŋ}		adorn (SW)
妇	fù	bjuwX	*mə.bəʔ {*[m]ə.[b]əʔ} (or *tsə.-? see Min)		woman, wife
妍	yán	ngen	*ŋˁen {*[ŋ]ˁe[n]}		beautiful
妐	zhōng	tsyowng	*t-qoŋ		father-in-law
妒	dù	tuH	*tˁak-s		jealous
妙	miào	mjiewH	*mew-s {*mew(ʔ)-s}		marvelous
妝	zhuāng	tsrjang	*tsraŋ {*[ts]raŋ}		adorn (SW)
妣	bǐ	pjijX	*pijʔ		deceased mother
妣	bì	pjijH	*pijʔ-s		deceased mother
妥	tuǒ	thwaX	*n̥ˁojʔ		at ease
妨	fáng	phjang	*pʰaŋ		oppose
妫	guī	kjwe	*C.qʷaj {*C.qʷ(r)aj}		(place and family name)
妬	dù	tuH	*tˁak-s		jealous
妹	mèi	mwojH	*C.mˁət-s {*C.mˁə[t]-s}		younger sister
妻	qī	tshej	*tsʰˁəj {*[tsʰ]ˁəj}		consort, wife
妻	qì	tshejH	*tsʰˁəj-s {*[tsʰ]ˁəj-s}		give as wife
妾	qiè	tshjep	*tsʰap {*[tsʰ]ap}		concubine
姆	mǔ	muwX	*məʔ		female teacher in harem
始	shǐ	syiX	*l̥əʔ		begin
姑	gū	ku	*kˁa		father's sister
姓	xìng	sjengH	*seŋ-s	PROPN	surname
委	wěi	ʔjweX	*qojʔ {*q(r)ojʔ}		entrust to
委	wěi	ʔjweX	*qojʔ {*q(r)ojʔ}		collect; store
委	wěi	ʔjweX	*qorʔ {*q(r)orʔ}		bend; hang down
姜	jiāng	kjang	*C.qaŋ	PROPN	a family name
姦	jiān	kæn	*kˁran {*[k]ˁran}		wicked(ness)
姬	jī	ki	*kə {*[k](r)ə}		(family name)
威	wēi	ʔjwɨj	*ʔuj		awe-inspiring
娄	lóu	lju	*ro {*[r]o}	VERB	drag, trail (v.)
娈	liàn	ljwenX	*ronʔ		beautiful
娉	pīng	phjiengH	*p.l̥eŋ-s		inquire about (marriage)
娑	suō	sa	*sˁaj		ba.sa saunter, dance
娛	yú	ngju	*ŋʷa {*ŋʷ(r)a}		rejoice
娣	dì	dejX	*lˁəjʔ		younger secondary wife
娱	yú	ngju	*ŋʷa {*ŋʷ(r)a}		rejoice
娵	jū	tsju	*tso {*[ts]o}		娵觜 *tso-tse (name of constellation)
娶	qù	tshjuH	*tsʰoʔ-s {*[ts]ʰoʔ-s}		take a wife
婁	lóu	lju	*ro {*[r]o}	VERB	drag, trail (v.)
婆	pó	ba	*bˁaj {*[b]ˁaj}		ba.sa saunter, dance
婉	wǎn	ʔjwonX	*ʔorʔ {*[ʔ]o[r]ʔ}		beautiful
婢	bì	bjieX	*beʔ {*[b]eʔ}		female slave or servant
婦	fù	bjuwX	*mə.bəʔ {*[m]ə.[b]əʔ} (or *tsə.-? see Min)		woman, wife
婴	yīng	ʔjieng	*ʔeŋ		surround; necklace
婴	yīng	ʔjieng	*ʔeŋ		baby
婶	shěn	syimX	{*mʔ}		FaYBrWi
媒	méi	mwoj	*C.mˁə		match-maker, go-between
媚	mèi	mijH	*mrəjʔ-s		love; flatter
媛	yuàn	hjwenH	*ɢʷran-s {*[ɢ]ʷra[n]-s}	NOUN	a beauty
媢	mào	mawH	*mˁuk-s		jealous
媪	ǎo	ʔawX	*ʔˁuʔ		old woman
媯	guī	kjwe	*C.qʷaj {*C.qʷ(r)aj}		(place and family name)
媼	ǎo	ʔawX	*ʔˁuʔ		old woman
嫁	jià	kæH	*s.kˁra-s		marry
嫌	xián	hem	*N-kˁem		doubt, doubtful
嫡	dí	tek	*tˁek		son of principal wife
嬖	bì	pejH	*pˁek-s	NOUN	favorite (n.)
嬰	yīng	ʔjieng	*ʔeŋ		surround; necklace
嬰	yīng	ʔjieng	*ʔeŋ		baby
嬸	shěn	syimX	{*mʔ}		FaYBrWi
孌	liàn	ljwenX	*ronʔ		beautiful
子	zǐ	tsiX	*tsəʔ {*[ts]əʔ}		1st earthly branch
子	zǐ	tsiX	*tsəʔ		child; gentleman, master
孔	kǒng	khuwngX	*kʰˁoŋʔ {*[k]ʰˁoŋʔ}		(surname)
孕	yùn	yingH	*liŋ-s {*l[i]ŋ-s}		pregnant
字	zì	dziH	*mə-dzə-s {*mə-dzə(ʔ)-s}	VERB	breed, love (v.); character
存	cún	dzwon	*dzˁən {*[dz]ˁə[n]}		exist
孙	sūn	swon	*sˁun {*[s]ˁu[n]}		grandchild; descendant
孛	bèi	bwojH	*bˁut-s {*[b]ˁ[u]t-s}		comet
孝	xiào	xæwH	*qʰˁ‹r›u-s {*qʰˁ‹r›uʔ-s}		filial
孟	mèng	mængH	*mˁraŋ-s		eldest, great
孟	mèng	mængH	*mˁraŋ-s		(personal name)
季	jì	kjwijH	*kʷit-s {*kʷi[t]-s}		youngest
孤	gū	ku	*kʷˁa		orphan
学	xué	hæwk	*m-kˁruk		study; imitate
孩	hái	hoj	*ɡˁə {*[ɡ]ˁə}		child
孪	luán	srwænH	*s.rˁon-s {*[s.r]ˁon-s}		twins
孫	sūn	swon	*sˁun {*[s]ˁu[n]}		grandchild; descendant
孰	shú	dzyuwk	*duk {*[d]uk}	PRON	who
學	xué	hæwk	*m-kˁruk		study; imitate
孿	luán	srwænH	*s.rˁon-s {*[s.r]ˁon-s}		twins
宁	níng	neng	*nˁeŋ		peace
它	tā	tha	*l̥ˁaj		another
宅	zhái	dræk	*m-tˁ‹r›ak		residence
宇	yǔ	hjuX	*ɢʷaʔ {*[ɢ]ʷ(r)aʔ}		eaves
守	shǒu	syuwX	*s-tuʔ		keep, guard
守	shòu	syuwH	*s.tuʔ-s		territory in somebody's guard, fief
安	ān	ʔan	*ʔˁan {*[ʔ]ˁa[n]}		peace(ful)
安	ān	ʔan	*ʔˁan {*[ʔ]ˁa[n]}		how
完	wán	hwan	*ɢˁon {*[ɢ]ˁo[n]}	VERB	finish (v.)
宗	zōng	tsowng	*tsˁuŋ {*[ts]ˁuŋ}		ancestral temple
官	guān	kwan	*kʷˁan {*kʷˁa[n]}	NOUN	official (n.)
定	dìng	dengH	*N-tˁeŋ-s	VERB	become fixed (v.i.)
定	dìng	dengH	*m-tˁeŋ-s	VERB	make fixed, settle (v.t.)
宛	wǎn	ʔjwonX	*ʔorʔ {*ʔo[r]ʔ}		curved; to bend
宜	yí	ngje	*ŋaj {*ŋ(r)aj}		sacrifice to the deity of the soil (K)
宜	yí	ngje	*ŋaj {*ŋ(r)aj}		proper; should
宝	bǎo	pawX	*pˁuʔ		precious thing
实	shí	zyit	*mə.lit {*mə.li[t]}		fruit; full
宠	chǒng	trhjowngX	*r̥oŋʔ		favor, grace
审	shěn	syimX	*s.tʰəmʔ {*s.tʰ[ə]mʔ}		examine, discriminate
客	kè	khæk	*kʰˁrak		guest
宣	xuān	sjwen	*s-qʷar	VERB	spread (v.)
室	shì	syit	*s.tit {*s.ti[t]}		chamber; house
宦	huàn	hwænH	*ɡʷˁran-s {*[ɡ]ʷˁr[a][n]-s}		servant
宫	gōng	kjuwng	*kuŋ {*k(r)uŋ}		dwelling; palace; note of scale
宮	gōng	kjuwng	*kuŋ {*k(r)uŋ}		dwelling; palace; note of scale
害	hài	hajH	*N-kˁat-s	VERB	be hurt (v.i.); injury (n.)
害	hài	hajH	*m-kˁat-s	VERB	hurt (v.t.)
宴	yàn	ʔenH	*ʔˁen-s {*ʔˁe[n]-s}	NOUN	feast (n.)
宵	xiāo	sjew	*sew {*[s]ew}		night, evening
家	jiā	kæ	*kˁra		household
容	róng	yowng	*ɢoŋ {*[ɢ](r)oŋ}		contain
容	róng	yowng	*ɢoŋ {*[ɢ](r)oŋ}		appearance
宽	kuān	khwan	*kʷʰˁan {*[k]ʷʰˁa[n]}		vast, wide
宾	bīn	pjin	*pin {*pi[n]}		guest
宿	sù	sjuwk	*suk {*[s]uk}		spend the night
宿	xiù	sjuwH	*suk-s {*[s]uk-s}		"mansion" of the zodiac (where the moon is found on successive nights)
寂	jì	dzek	*s-dˁiwk {*s-[d]ˁiwk}		quiet#
寄	jì	kjeH	*C.kaj-s {*C.[k](r)aj-s}		entrust to
寅	yín	yij	*ɢər {*[ɢ](r)ər}		3rd earthly branch
寅	yín	yin	*ɢər {*[ɢ](r)ər}		3rd earthly branch
密	mì	mit	*mrit {*mri[t]}		dense
寇	kòu	khuwH	*kʰˁo-s {*[k]ʰˁ(r)o-s}		rob; robber
富	fù	pjuwH	*pək-s		rich; wealth
寐	mèi	mjijH	*mit-s {*mi[t]-s}		sleep
寒	hán	han	*Cə.ɡˁan {*Cə.[ɡ]ˁa[n]}		cold
寓	yù	ngjuH	*ŋo-s {*ŋ(r)o-s}	VERB	lodge (v.)
寝	qǐn	tshimX	*tsʰimʔ {*[tsʰ][i]mʔ}		sleep
察	chá	tsrhɛt	*tsʰˁret {*[tsʰ]ˁret}		examine
寡	guǎ	kwæX	*C.kʷˁraʔ {*[C.k]ʷˁraʔ}		few
寢	qǐn	tshimX	*tsʰimʔ {*[tsʰ][i]mʔ}		sleep
寤	wù	nguH	*ŋˁa-s		awake
實	shí	zyit	*mə.lit {*mə.li[t]}		fruit; full
寧	níng	neng	*nˁeŋ		peace
審	shěn	syimX	*s.tʰəmʔ {*s.tʰ[ə]mʔ}		examine, discriminate
寫	xiě	sjæX	*s-qʰaʔ {*s-qʰAʔ}		depict
寫	xiě	sjæX	*s-qʰaʔ {*s-qʰAʔ}		drain off
寬	kuān	khwan	*kʷʰˁan {*[k]ʷʰˁa[n]}		vast, wide
寵	chǒng	trhjowngX	*r̥oŋʔ		favor, grace
寶	bǎo	pawX	*pˁuʔ		precious thing
寸	cùn	tshwonH	*tsʰˁun-s {*[tsʰ]ˁu[n]-s}		thumb; inch
对	duì	twojH	*tˁəp-s {*[t]ˁ[ə]p-s}		respond
寺	sì	ziH	*s-dəʔ-s {*s-[d]əʔ-s}		hall
寻	xún	zim	*sə-ləm {*sə-l[ə]m} (‹ *-um ?)		warm up
寻	xún	zim	*sə-ləm {*sə-l[ə]m}		measure of 8 chǐ 尺.
导	dǎo	dawH	*lˁuʔ-s	VERB	to lead
寿	shòu	dzyuwH	*duʔ-s {*[d]uʔ-s}	NOUN	longevity
寿	shòu	dzyuwX	*N-tuʔ {*[N-t]uʔ}	NOUN	longevity
封	fēng	pjowng	*poŋ {*p(r)oŋ}		raise a mound; enfeoff
射	shè	zyæH	*Cə.lak-s {*Cə.lAk-s}		shoot; archer
射	shè	zyek	*Cə.lak {*Cə.lAk}		hit with bow and arrow
将	jiāng	tsjang	*tsaŋ {*[ts]aŋ}		bring
将	jiàng	tsjangH	*tsaŋ-s {*[ts]aŋ-s}	VERB	lead (v.); leader
將	jiāng	tsjang	*tsaŋ {*[ts]aŋ}		bring
將	jiàng	tsjangH	*tsaŋ-s {*[ts]aŋ-s}	VERB	lead (v.); leader
專	zhuān	tsywen	*ton	ADV	exclusively
尊	zūn	tswon	*tsˁun {*[ts]ˁu[n]}	VERB	honor (v.)
尊	zūn	tswon	*tsˁun {*[ts]ˁu[n]}		wine-cup
尋	xún	zim	*sə-ləm {*sə-l[ə]m} (‹ *-um ?)		warm up
尋	xún	zim	*sə-ləm {*sə-l[ə]m}		measure of 8 chǐ 尺.
尌	shù	dzyuH	*m-toʔ-s		raise, stand up v.t.
對	duì	twojH	*tˁəp-s {*[t]ˁ[ə]p-s}		respond
導	dǎo	dawH	*lˁuʔ-s	VERB	to lead
小	xiǎo	sjewX	*sewʔ {*[s]ewʔ}		small
少	shǎo	syewX	*s.tewʔ {*[s.t]ewʔ}		few
少	shào	syewH	*s-tewʔ-s {*[s-t]ewʔ-s}		young
尔	ěr	nejX	*nˁeʔ {*nˁe(j)ʔ}		numerous
尔	ěr	nyeX	*neʔ {*ne(j)ʔ}	ADV	(adv. suffix)
尔	ěr	nyeX	*neʔ {*ne(j)ʔ}		you(r)
尗	shū	syuwk	*s.tuk		pulse, beans
尘	chén	drin	*drən {*[d]rə[n]}	NOUN	dust (n.)
尚	shàng	dzyangH	*daŋ-s {*[d]aŋ-s}		upwards
尚	shàng	dzyangH	*daŋ-s {*[d]aŋ-s}		still, yet
尝	cháng	dzyang	*Cə.daŋ	VERB	taste (v.)
尤	yóu	hjuw	*ɢʷə {*[ɢ]ʷə}		fault; even more
尧	yáo	ngew	*ŋˁew {*[ŋ]ˁew}		high
尨	máng	mæwng	*mˁroŋ		variegated
尪	wāng	ʔwang	*qʷˁaŋ		emaciated
就	jiù	dzjuwH	*dzuk-s {*[dz]u[k]-s}		go to
尸	shī	syij	*l̥əJ {*l̥ə[j]}		corpse
尸	shī	syij	*l̥əj {*l̥ə[j]}		corpse
尹	yǐn	ywinX	*m-qurʔ		govern; governor
尺	chǐ	tsyhek	*tʰak {*tʰAk}		foot (measure)
尼	ní	nejH	*nˁər-s	VERB	to stop, obstruct
尼	ní	nrij	*nrəj {*nr[əj]}		near, close
尽	jìn	dzinX	*Cə.dzinʔ {*Cə.[dz]i[n]ʔ}	VERB	exhaust (v.)
尾	wěi	mjɨjX	*məjʔ {*[m]əjʔ}		tail
局	jú	gjowk	*N-kʰok {*N-kʰ(r)ok}		bent, curved
局	jú	gjowk	*ɡok {*[ɡ](r)ok}	NOUN	department
层	céng	dzong	*N-s.tˁəŋ		double
居	jū	kjo	*ka {*k(r)a}		squat; stay, dwell
居	jū	kjo	*ka		final particle
居	jū	kjoH	*ka-s {*k(r)a-s}		dwelling (rh.)
屆	jiè	kɛjH	*kˁrit-s {*kˁr[i][t]-s}		reach to
屈	qū	khjut	*kʰut {*[kʰ]ut}		subdue
届	jiè	kɛjH	*kˁrit-s {*kˁr[i][t]-s}		reach to
屍	shī	syij	*l̥əJ {*l̥ə[j]}		corpse
屎	shǐ	syijX	*qʰijʔ	NOUN	excrement
屎	shǐ	xjij	*l̥ij (dial. *l̥- › x-)		moan
屏	píng	beng	*bˁeŋ {*[b]ˁeŋ}		screen; to protect
屐	jī	gjæk	*Cə.ɡrek {*Cə.[ɡ]rek}		wooden sandal
展	zhǎn	trjenX	*trenʔ		roll over; unfold
屖	xī	sej	*s-lˁəj	VERB	to tarry
属	shǔ	dzyowk	*N-tok	VERB	be attached to
属	zhǔ	tsyowk	*tok	VERB	attach (v.t.)
屠	tú	du	*dˁa {*[d]ˁa}	VERB	butcher (v.)
屡	lǚ	ljuH	*C.roʔ-s	ADV	frequently
屢	lǚ	ljuH	*C.roʔ-s	ADV	frequently
層	céng	dzong	*N-s.tˁəŋ		double
履	lǚ	lijX	*rijʔ {*[r]ijʔ}		tread on; sandal
屦	jù	kjuH	*kro-s		sandal, shoe
屧	xiè	sep	*s-lˁep		bottom inlay in shoe
屨	jù	kjuH	*kro-s		sandal, shoe
屬	shǔ	dzyowk	*N-tok	VERB	be attached to
屬	zhǔ	tsyowk	*tok	VERB	attach (v.t.)
屯	tún	dwon	*dˁun {*[d]ˁun}		accumulate
屯	zhūn	trwin	*trun		difficult
屰	nì	ngjæk	*ŋrak		go against
山	shān	srɛn	*s-ŋrar		mountain, hill
岁	suì	sjwejH	*s-qʷʰat-s		year
岂	kǎi	khojX	*C.qʰˁəjʔ		happy, pleasant
岂	qǐ	khjɨjX	*C.qʰəjʔ		how
岨	qū	tshjo	*tsʰa {*[tsʰ]a}		rock covered with earth
岳	yuè	ngæwk	*ŋˁrok {*[ŋ]ˁrok}		mountain, peak
岸	àn	nganH	*ŋˁar-s {*[ŋ]ˁa[r]-s} (‹ uvular?)		bank of a river
崇	chóng	dzrjuwng	*dz‹r›uŋ {*[dz]‹r›uŋ}		exalt, honor
崔	cuī	dzwoj	*dzˁuj {*[dz]ˁuj}		high, rocky
崖	yá	ngɛ	*ŋˁrar		river bank; limit
崩	bēng	pong	*Cə.pˁəŋ		collapse (v., of a mountain)
崴	wēi	ʔwɛj	*qˁruj		cliffy, high
嵬	wéi	ngwoj	*N-qʰˁuj		high and rocky
嵬	wéi	ngwojX	*N-qʰˁujʔ		high and rocky
嶽	yuè	ngæwk	*ŋˁrok {*[ŋ]ˁrok}		mountain, peak
巍	wēi	ngjwɨj	*N.qʰuj		high, majestic
巖	yán	ngæm	*ŋˁram {*[ŋ]ˁr[a]m} (‹ uvular?)		rocky, lofty
巘	yǎn	ngjenX	*ŋar {*ŋ(r)arʔ}		hilltop
巘	yǎn	ngjonX	*ŋarʔ		hilltop
巛	chuān	tsyhwen	*tʰun {*[tʰ]u[n]} (MC -jwen is irregular)		stream, river
川	chuān	tsyhwen	*t.l̥un {*t.l̥u[n]} (MC -jwen is irregular)		stream, river
州	zhōu	tsyuw	*tu		islet in stream; province
巟	huāng	xwang	*m̥ˁaŋ		broad
巠	jīng	keng	*k.lˁeŋ	NOUN	a vein of water
巢	cháo	dzræw	*dzˁraw {*[dz]ˁraw}		nest
工	gōng	kuwng	*kˁoŋ		officer
工	gōng	kuwng	*kˁoŋ		work
左	zuǒ	tsaH	*tsˁajʔ-s {*tsˁa[j]ʔ-s}		assist
左	zuǒ	tsaX	*tsˁajʔ {*tsˁa[j]ʔ}		left (side)
左	zuǒ	tsaX	*tsˁajʔ {*tsˁa[j]ʔ}		assist
巧	qiǎo	khæwX	*kʰˁruʔ {*[kʰ]ˁruʔ}		artful
巩	gǒng	kjowngX	*koŋʔ {*k(r)oŋʔ}		bind with leather straps
巫	wū	mju	*C.mo {*C.m(r)[o]}		magician
差	chā	tsrhæ	*tsʰraj	NOUN	distinction; to select
差	chāi	tsrhɛ	*tsʰraj {*[tsʰ](ˁ)raj}	NOUN	distinction; to select
差	chāi	tsrhɛj	*tsʰraj {*[tsʰ](ˁ)raj}	NOUN	distinction; to select
差	cī	tsrhje	*tsʰraj		uneven
差	cuō	tsha	*tsʰˁaj {*[tsʰ]ˁaj}	VERB	rub, polish, file (v.)
己	jǐ	kiX	*kəʔ {*k(r)əʔ}		6th heavenly stem
已	yǐ	yiX	*ɢəʔ		cease; already
巳	sì	ziX	*s-ɢəʔ {*s-[ɢ]əʔ}		6th earthly branch
巴	bā	pæ	*pˁra		snake
巴	bā	pæ	*pˁra	PROPN	[place name]
巷	xiàng	hæwngH	*C.ɡˁroŋ-s		lane, street
巾	jīn	kin	*krən		kerchief
币	bì	bjiejH	*bet-s {*[b]et-s}		offering of silk
市	shì	dzyiX	*C.dəʔ {*C.[d]əʔ}	NOUN	market (n.)
布	bù	puH	*pˁa-s		cloth
布	bù	puH	*pˁa-s		cloth
帅	shuài	srwijH	*s-rut-s		leader (of an army)
师	shī	srij	*srij		army
师	shī	srij	*srij		master
希	xī	xjɨj	*qʰəj		thin, sparse
帐	zhàng	trjangH	*traŋ-s		curtain
帘	lián	ljem	*rem {*[r]em}		bamboo curtain
帚	zhǒu	tsyuwX	*t.pəʔ {*[t.p]əʔ}		broom
帛	bó	bæk	*bˁrak {*[b]ˁrak}		silk
帝	dì	tejH	*tˁek-s		God
帥	shuài	srwijH	*s-rut-s		leader (of an army)
带	dài	tajH	*C.tˁat-s {*C.tˁa[t]-s}		girdle, strap
帨	shuì	sywejH	*l̥ot-s		kerchief
帨	shuì	tshjwejH	*s.l̥ot-s		kerchief
師	shī	srij	*srij		army
師	shī	srij	*srij		master
席	xí	zjek	*s-dak {*s-[d]Ak}		mat
帳	zhàng	trjangH	*traŋ-s		curtain
帶	dài	tajH	*C.tˁat-s {*C.tˁa[t]-s}		girdle, strap
帷	wéi	hwij	*ɢʷrij		curtain
常	cháng	dzyang	*daŋ {*[d]aŋ}		constant
帽	mào	mawH	*mˁuk-s		hat
幂	mì	mek	*mˁek {*mˁ[e]k}		cover
幅	fú	pik	*p‹r›ək		strap around the leg
幅	fú	pjuwk	*pək		strap around the leg
幅	fú	pjuwk	*pək		width (of cloth); wide
幔	màn	manH	*mˁan-s {*mˁa[n]-s}		curtain, tent
幕	mù	mak	*mˁak		covering
幠	hū	xu	*m̥ˁa		cover
幣	bì	bjiejH	*bet-s {*[b]et-s}		offering of silk
幦	mì	mek	*mˁek {*mˁ[e]k}		covering
幨	chān	tsyhem	*tʰam {*[tʰ]am}		cut out, cut loose
幨	chàn	tsyhemH	*tʰam-s {*[tʰ]am-s}		overcoat
幭	miè	met	*mˁek {*mˁ[e][k]}		covering
干	gān	kan	*kˁar {*[k]ˁar}		dry
干	gān	kan	*kˁar {*kˁa[r]}	NOUN	shield (n.)
干	gān	kan	*kˁar {*[k]ˁar}		pole
平	píng	bjæng	*breŋ	ADJ	even (adj.)
平	píng	bjæng	*m-breŋ		make even
年	nián	nen	*C.nˁiŋ {*C.nˁi[ŋ]}		harvest; year
幵	qiān	ken	*kˁer {*[k]ˁer}		even, level (SW)
并	bīng	pjieng	*peŋ		combine two things
并	bìng	bengX	*bˁeŋʔ {*[b]ˁeŋʔ}		side by side, together
并	bìng	pjiengH	*peŋ-s		combine two things
幸	xìng	hɛngX	*ɡˁreŋʔ {*[ɡ]ˁreŋʔ}		fortunate
幺	yāo	ʔew	*ʔˁiw {*ʔˁ[i]w}		small
幼	yòu	ʔjiwH	*ʔiw-s {*[ʔ](r)iw-s}		young
幽	yōu	ʔjiw	*ʔiw {*[ʔ](r)iw}		dark; secluded
幾	jī	kjɨj	*kəj		small; almost
幾	jǐ	kjɨjX	*kəjʔ		few; how many
广	guǎng	kwangH	*kʷˁaŋʔ-s		distance from east to west
广	guǎng	kwangX	*kʷˁaŋʔ		wide
庄	zhuāng	tsrjang	*tsraŋ {*[ts]raŋ}		dignified, grave
庇	bì	pjij	*pij		cover; protect
庇	bì	pjijH	*pij-s		cover; protect
庌	yǎ	ngæX	*N-qʰˁraʔ {*[N]-qʰˁraʔ}		covered galleries
序	xù	zjoX	*sə.laʔ {*[sə.l]aʔ}		walls at side of palace
庐	lú	ljo	*ra {*[r]a}		hut; inn; to lodge
库	kù	khuH	*kʰˁa-s {*[k]ʰˁa-s}		arsenal; storehouse
庙	miào	mjewH	*mraw-s {*[m]raw-s}	NOUN	a kind of building with side rooms
庚	gēng	kæng	*kˁraŋ		7th heavenly stem
府	fǔ	pjuX	*poʔ {*p(r)oʔ}		repository
庞	páng	bæwng	*bˁroŋ {*[b]ˁroŋ}		huge
废	fèi	pjojH	*pap-s		cast aside
庠	xiáng	zjang	*s-ɢaŋ {*s-[ɢ]aŋ}		school
度	dù	duH	*dˁak-s {*[d]ˁak-s}	NOUN	measure (n.)
度	duó	dak	*dˁak {*[d]ˁak}	VERB	measure (v.)
座	zuò	dzwaH	*dzˁojʔ-s {*[dz]ˁo[j]ʔ-s}		seat n.
庫	kù	khuH	*kʰˁa-s {*[k]ʰˁa-s}		arsenal; storehouse
庳	bì	bjieX	*N-peʔ		low, short
庶	shù	syoH	*s-tak-s		numerous; commoner
康	kāng	khang	*k-l̥ˁaŋ		tranquil; at ease
康	kāng	khang	*kʰˁaŋ {*[kʰ]ˁaŋ}		empty
庾	yǔ	yuX	*ɢoʔ {*[ɢ](r)oʔ}		stacks of grain in the field
廁	cè	tsrhiH	*tsʰrək-s {*[tsʰ]rək-s}		latrine
廄	jiù	kjuwH	*kʷu-s {*[k]ʷu(ʔ)-s}	NOUN	stable (n.)
廈	xià	hæX	*ɡˁraʔ {*[ɡ]ˁraʔ}		house, room
廉	lián	ljem	*rem {*(k-)rem}		frugal
廉	lián	ljem	*rem {*[r]em}		angle
廊	láng	lang	*rˁaŋ {*[r]ˁaŋ}		side-gallery
廓	kuò	khwak	*kʷʰˁak		widen
廚	chú	drju	*dro {*[d]ro}		kitchen
廛	chán	drjen	*dran {*[d]ra[n]}		farmyard
廟	miào	mjewH	*mraw-s {*[m]raw-s}	NOUN	a kind of building with side rooms
廢	fèi	pjojH	*pap-s		cast aside
廣	guǎng	kwangH	*kʷˁaŋʔ-s		distance from east to west
廣	guǎng	kwangX	*kʷˁaŋʔ		wide
廩	lǐn	limX	*p.rimʔ		granary
廩	lǐn	limX	*p.rimʔ		fearful
廪	lǐn	limX	*p.rimʔ		granary
廪	lǐn	limX	*p.rimʔ		fearful
廬	lú	ljo	*ra {*[r]a}		hut; inn; to lodge
延	yán	yen	*lan {*la[n]}		extend
建	jiàn	kjonH	*kan-s {*[k]a[n]-s}		set up, establish
廾	gǒng	kjowngX	*koŋʔ {*k(r)oŋʔ}		join the hands
开	kāi	khoj	*Nə-kʰˁəj {*Nə-[k]ʰˁə[j]}	VERB	to open (v.i)
开	kāi	khoj	*kʰˁəj {*[k]ʰˁəj}	VERB	to open (v.t.)
弁	biàn	bjenH	*C.bron-s {*C.[b]ro[n]-s}		cap
异	yì	yiH	*ɢək-s {*[ɢ]ək-s}		different
异	yì	yiH	*ɢək-s {*ɢ(r)ək-s}		different
弃	qì	khjijH	*kʰit-s {*[kʰ]i[t]-s}		throw away, abandon
弄	nòng	luwngH	*rˁoŋ-s {*[r]ˁoŋ-s}		manipulate, play with
弋	yì	yik	*lək		shoot arrow with string attached
式	shì	syik	*l̥ək		pattern
式	shì	syik	*l̥ək	VERB	to wipe
弑	shì	syiH	*l̥ək-s		assassinate
弒	shì	syiH	*l̥ək-s		assassinate
弓	gōng	kjuwng	*kʷəŋ	NOUN	bow (n.)
弔	diào	tek	*tˁewk {*tˁ[e]wk}		arrive
弔	diào	tewH	*tˁewk-s {*tˁ[e]wk-s}		grieved; condole
引	yǐn	yinH	*linʔ-s {*li[n]ʔ-s}		draw the bow
引	yǐn	yinX	*linʔ {*li[n]ʔ}		draw the bow
弗	fú	pjut	*put		gust of wind
弗	fú	pjut	*put		(negation)
弘	hóng	hwong	*ɢʷˁəŋ {*[ɢ]ʷˁəŋ}		vast
弛	chí	syeX	*l̥ajʔ	ADJ	slacken (a bow)
弟	dì	dejX	*lˁəjʔ		younger brother
张	zhāng	trjang	*C.traŋ		draw a bow
弥	mí	mjie	*m-nər {*m-nə[r]}	VERB	to complete
弥	mí	mjieX	*m-nərʔ {*m-nə[r]ʔ}		stop
弦	xián	hen	*ɢˁin {*[ɢ]ˁi[n]}		string of bow or instrument
弩	nǔ	nuX	*C.nˁaʔ		crossbow
弱	ruò	nyak	*newk		weak
張	zhāng	trjang	*C.traŋ		draw a bow
強	qiáng	gjang	*N-kaŋ		strong
弹	dàn	danH	*Cə.dˁar-s {*Cə.[d]ˁar-s}		pellet
弹	tán	dan	*dˁar {*(Cə.)[d]ˁar}		shoot pellets
强	qiáng	gjang	*N-kaŋ		strong
强	qiǎng	gjangX	*m-kaŋʔ		by force
彀	gòu	kuwH	*kˁok-s {*[k]ˁ(r)ok-s}		draw a bow to the full
彃	bì	pjit	*pit {*pi[t]}		shoot
彈	dàn	danH	*Cə.dˁar-s {*Cə.[d]ˁar-s}		pellet
彈	tán	dan	*dˁar {*(Cə.)[d]ˁar}		shoot pellets
彊	qiáng	gjang	*ɡaŋ {*[ɡ]aŋ}		strong
彌	mí	mjie	*m-nər {*m-nə[r]}	VERB	to complete
彌	mí	mjieX	*m-nərʔ {*m-nə[r]ʔ}		stop
归	guī	kjwɨj	*kʷəj {*[k]ʷəj}	VERB	return (v.)
当	dāng	tang	*tˁaŋ	VERB	match (v.)
当	dàng	tangH	*tˁaŋ-s		suitable
彔	lù	luwk	*pə.rˁok		carve wood (SW)
录	lù	ljowk	*rok {*(pə.)rok}		inscribe, record
彖	tuàn	thwanH	*l̥ˁon-s {*l̥ˁo[n]-s}		pig
彗	huì	zjwejH	*s-ɢʷet-s {*s-[ɢ]ʷe[t]-s}		broom; comet
彘	zhì	drjejH	*lrat-s {*[l]r[a][t]-s}		pig
彝	yí	yij	*ləj {*[l][ə]j}		ritual vase
彡	róng	yuwng	*m.rum (dial.  *-um › -uŋ)	VERB	to sacrifice on a following day
形	xíng	heng	*ɢˁeŋ {*[ɢ]ˁeŋ}		form, shape
彤	tóng	downg	*N-rˁum {*N-rˁu[m]} (dial. › *-uŋ)		red
彧	yù	ʔjuwk	*qʷək		flourishing
彩	cǎi	tshojX	*N-sˁrəʔ		colorful
彫	diāo	tew	*tˁiw		engrave, carve
彭	péng	bæng	*C.bˁraŋ {*C.[b]ˁraŋ}		(place name)
影	yǐng	ʔjængX	*qraŋʔ	NOUN	shadow (n.)
彷	páng	bang	*bˁaŋ {*[b]ˁaŋ}		bang-hwang hestitate
役	yì	ywek	*ɢʷek		war expedition; service
彻	chè	drjet	*m-tʰret {*m-[tʰ]ret}		penetrate
彻	chè	trhjet	*tʰret {*[tʰ]ret}		penetrate
彼	bǐ	pjeX	*pajʔ	PRON	that
彿	fú	phjut	*pʰut		phjangX-phjut seem
往	wǎng	hjwangX	*ɢʷaŋʔ		go to
征	zhēng	tring	*trəŋ		examine
征	zhēng	tsyeng	*teŋ	VERB	to correct; to attack
徂	cú	dzu	*dzˁa {*[dz]ˁa}		advance, go to
径	jìng	kengH	*kˁeŋ-s {*[k]ˁeŋ-s}		small path
待	dài	dojX	*dˁəʔ {*[d]ˁəʔ}		wait on; depend on
徇	xùn	zwinH	*s-ɢʷin-s {*s-[ɢ]ʷi[n]-s}		go everywhere
律	lǜ	lwit	*rut {*[r]ut}	NOUN	law, rule (n.)
後	hòu	huwH	*ɢˁoʔ-s {*[ɢ]ˁ(r)oʔ-s}		put after ?
後	hòu	huwX	*ɢˁoʔ {*[ɢ]ˁ(r)oʔ}		after
徐	xú	zjo	*sə.la		walk slowly
徑	jìng	kengH	*kˁeŋ-s {*[k]ˁeŋ-s}		small path
徒	tú	du	*dˁa {*[d]ˁa}		go on foot
得	dé	tok	*tˁək		obtain
徙	xǐ	sjeX	*sajʔ {*[s]ajʔ}		move (to)
從	cóng	dzjowng	*dzoŋ {*[dz]oŋ}	VERB	to follow
御	yù	ngjoH	*ŋa-s {*[ŋ](r)a(ʔ)-s} (‹ uvular?)		drive a chariot
御	yù	ngjoX	*m-qʰaʔ {*m-qʰ(r)aʔ}		withstand; hinder
御	yù	ngjoX	*ŋa-s {*[ŋ](r)a(ʔ)-s} (‹ uvular?)		drive a chariot
徧	biàn	penH	*pˁen-s {*pˁe[n]-s}		(go) all around
徨	huáng	hwang	*ɢʷˁaŋ {*[ɢ]ʷˁaŋ}		bang-hwang hesitate
復	fù	bjuwH	*N-pruk-s {*[N]-pruk-s}		again
復	fù	bjuwk	*m-puk {*m-p(r)uk}		return
循	xún	zwin	*sə.lun {*sə.lu[n]}		follow
徬	páng	bang	*bˁaŋ {*[b]ˁaŋ}		walk alongside
徭	yáo	yew	*law		public or military service
微	wēi	mjɨj	*məj		small
徵	zhēng	tring	*trəŋ		examine
德	dé	tok	*tˁək		virtue
徹	chè	drjet	*m-tʰret {*m-[tʰ]ret}		penetrate
徹	chè	trhjet	*tʰret {*[tʰ]ret}		penetrate
徼	jiāo	kew	*kˁew {*[k]ˁew}		seek; follow a course
徽	huī	xjwɨj	*m̥əj		rope
心	xīn	sim	*səm		heart
必	bì	pjit	*pit {*pi[t]}	ADV	necessarily
忆	yì	ʔik	*ʔək {*ʔ(r)ək}		remember
忌	jì	giH	*m-kə-s {*m-k(r)ə-s}		warn
忍	rěn	nyinX	*nənʔ {*nə[n]ʔ}		cruel
忍	rěn	nyinX	*nənʔ {*nə[n]ʔ}		endure
忒	tè	thok	*l̥ˁək		err; change; deceitful
忖	cǔn	tshwonX	*tsʰˁunʔ {*[tsʰ]ˁu[n]ʔ}		measure, consider
志	zhì	tsyiH	*tə-s		goal, intention, aspiration
志	zhì	tsyiH	*tək-s	NOUN	record (n.?)
忘	wáng	mjang	*maŋ		forget
忘	wàng	mjangH	*maŋ-s		forget
忙	máng	mang	*mˁaŋ		flurried
忝	tiǎn	themH	*l̥ˁimʔ-s {*l̥ˁ[i]mʔ-s}		disgrace
忝	tiǎn	themX	*l̥ˁimʔ {*l̥ˁ[i]mʔ}	VERB	disgrace (v.)
忠	zhōng	trjuwng	*truŋ		loyal
忡	chōng	trhjuwng	*tʰruŋ		grieved, agitated
快	kuài	khwæjH	*kʷʰˁret-s {*[k]ʷʰˁret-s}		cheerful
忱	chén	dzyim	*t.ɢəm {*[t.ɢ][ə]m}		sincere
念	niàn	nemH	*nˁim-s		think of
忽	hū	xwot	*m̥ˁut		careless; confused
忾	kài	xjɨjH	*qʰəp-s		sigh; angry
怀	huái	hwɛj	*ɡˁruj {*[ɡ]ˁruj}		bosom; embrace
态	tài	thojH	*n̥ˁə-s		bearing, manner
怅	chàng	trhjangH	*tʰraŋ-s		disappointed
怒	nù	nuX	*nˁaʔ		angry
怜	lián	len	*k.rˁiŋ		love; pity
思	sī	si	*sə {*[s]ə}		think
怡	yí	yi	*lə		cheerful
急	jí	kip	*kəp {*[k](r)[ə]p}		urgent
性	xìng	sjengH	*seŋ-s		nature
怨	yuàn	ʔjwonH	*ʔor-s {*[ʔ]o[r]-s}	NOUN	resentment
怩	ní	nrij	*nrəj {*nr[əj]}		ashamed
怫	fú	bjɨjH	*but-s {*[b]ut-s}		grieved
怫	fú	bjut	*but {*[b]ut}		grieved, annoyed
怼	duì	drwijH	*drup-s {*[d]ru[p]-s}		ill-will
恁	rèn	nyimX	*nəmʔ {*n[ə]mʔ}		think
恃	shì	dzyiX	*dəʔ {*[d]əʔ}		depend on
恆	héng	hong	*ɡˁəŋ {*[ɡ]ˁəŋ}		constant
恋	liàn	ljwenH	*ron-s	VERB	to long for
恐	kǒng	khjowngX	*kʰoŋʔ {*kʰ(r)oŋʔ}		fear
恒	héng	hong	*ɡˁəŋ {*[ɡ]ˁəŋ}		constant
恕	shù	syoH	*n̥a-s		indulgent
恣	zì	tsijH	*tsij-s {*tsi[j]-s}		unrestrained, license
恤	xù	swit	*s-mit {*s-[m]i[t]}		anxiety
恥	chǐ	trhiX	*n̥rəʔ {*n̥rə(ŋ)ʔ}		shame; ashamed
恨	hèn	honH	*m-qˁən-s {*[m-q]ˁə[n]-s}		regret
恩	ēn	ʔon	*ʔˁən {*ʔˁə[n]}		kindness, favor
恭	gōng	kjowng	*k‹r›oŋ		respectful
息	xī	sik	*sək		breathe
恶	è	ʔak	*ʔˁak		bad, ugly
恶	wù	ʔuH	*ʔˁak-s	VERB	hate (v.)
恸	tòng	duwngH	*dˁoŋʔ-s {*[d]ˁoŋʔ-s}		grieved
恺	kǎi	khojX	*C.qʰˁəjʔ		triumphal music; happy
悁	yuān	ʔjwien	*qʷen		dissatisfied
悅	yuè	ywet	*lot		pleased
悉	xī	sit	*sit {*[s]i[t]}	ADV	completely
悔	huǐ	xwojX	*m̥ˁəʔ		regret, repent
悖	bèi	bwojH	*bˁut-s {*[b]ˁut-s}		confused
悟	wù	nguH	*ŋˁa-s		awake, realize
悠	yōu	yuw	*liw		long-brooding
患	huàn	hwænH	*ɡˁron-s {*[ɡ]ˁro[n]-s}	NOUN	calamity; distress
悦	yuè	ywet	*lot		pleased
悬	xuán	hwen	*Cə-N-kʷˁen {*Cə-N-kʷˁe[n]}		suspend
悯	mǐn	minX	*mrənʔ {*mrə[n]ʔ}		grieved
悲	bēi	pij	*prəj		sad
悵	chàng	trhjangH	*tʰraŋ-s		disappointed
悸	jì	gjwijH	*ɡʷit-s {*[ɡ]ʷi[t]-s}		agitated
悼	dào	dawH	*dˁawk-s {*[d]ˁawk-s}		sad; pity
情	qíng	dzjeng	*dzeŋ {*[dz]eŋ}		response to circumstances
惊	jīng	kjæng	*kreŋ	VERB	be afraid
惑	huò	hwok	*ɢʷˁək {*[ɢ]ʷˁək}		deceive
惕	tì	thek	*l̥ˁek		anxious, worried
惘	wǎng	mjangX	*maŋʔ		dejected
惜	xī	sjek	*sak {*[s]Ak}		regret; alas
惝	chǎng	tsyhangX	*tʰaŋʔ		despondent; scared
惟	wéi	ywij	*ɢʷij		(copula); namely
惠	huì	hwejH	*ɢʷˁij-s {*[ɢ]ʷˁi[j]-s}		kind, good
惡	è	ʔak	*ʔˁak		bad, ugly
惡	wù	ʔuH	*ʔˁak-s	VERB	hate (v.)
惧	jù	gjuH	*ɡʷa-s {*[ɡ]ʷ(r)a-s}	VERB	fear (v.)
惩	chéng	dring	*m-trəŋ		reprove; punish
惯	guàn	kwænH	*kˁron-s {*kˁro[n]-s}		accustomed to
惰	duò	dwaX	*lˁojʔ		lazy
想	xiǎng	sjangX	*saŋʔ {*[s]aŋʔ}		think
愁	chóu	dzrjuw	*dzriw {*[dz]riw}		grieved
愆	qiān	khjen	*C.ɢran {*C.qʰra[n]}		exceed, err
愈	yù	yuX	*loʔ		increase
愉	yú	yu	*lo		enjoy
意	yì	ʔiH	*ʔək-s {*ʔ(r)ək-s}	NOUN	thought (n.)
愒	qì	khjet	*C.qʰrat	VERB	to rest
愓	dàng	dangX	*lˁaŋʔ		extravagant
愓	shāng	syang	*l̥aŋ		move straight and rapidly
愔	yīn	ʔjim	*qim {*[q]im}		mild, peaceful
愕	è	ngak	*N-qʰˁak		scared
愛	ài	ʔojH	*qˁəp-s {*[q]ˁəp-s}	VERB	to love; to grudge (‹ ‘draw close to oneself’?)
感	gǎn	komX	*kˁəmʔ {*kˁ[ə]mʔ}	VERB	move (emotionally) (v.t.)
愠	yùn	ʔjunH	*ʔun-s		anger, angry
愤	fèn	bjunX	*burʔ {*[b]urʔ}		unhappy
愧	kuì	kwijH	*kruj-s {*[k]ruj()-s}		ashamed
愬	sù	suH	*s-ŋˁak-s		complain, accuse
愷	kǎi	khojX	*C.qʰˁəjʔ		triumphal music; happy
愾	kài	xjɨjH	*qʰəp-s		sigh; angry
愿	yuàn	ngjwonH	*ŋon-s {*[ŋ]o[n]-s} (‹ nasal plus uvular?)	VERB	to wish
慇	yīn	ʔjɨn	*ʔən {*ʔə[n]}		grieved
慈	cí	dzi	*dzə		loving, kind
慉	xù	xjuwk	*qʰuk		cherish
態	tài	thojH	*n̥ˁə-s		bearing, manner
慌	huǎng	xwangX	*m̥ˁaŋʔ		confused
慍	yùn	ʔjunH	*ʔun-s		anger, angry
慎	shèn	dzyinH	*Cə.lin-s {*Cə.l[i][n]-s}		careful
慕	mù	muH	*mˁak-s {*(C.)mˁak-s}		love; long for
慙	cán	dzam	*dzˁam {*[dz]ˁam}		ashamed
慝	tè	thok	*n̥ˁək		evil
慟	tòng	duwngH	*dˁoŋʔ-s {*[d]ˁoŋʔ-s}		grieved
慢	màn	mænH	*mˁran-s {*mˁra[n]-s}		disrespectful
慣	guàn	kwænH	*kˁron-s {*kˁro[n]-s}		accustomed to
慧	huì	hwejH	*ɢʷˁet-s {*[ɢ]ʷˁe[t]-s}		intelligent
慨	kài	khojH	*kʰˁət-s {*[kʰ]ˁə[t]-s}		disappointed
慬	jìn	gjɨn	*ɡər {*[ɡ]ər}		courageous
慮	lǜ	ljoH	*ra-s {*[r]a-s}		think, consider
慹	zhí	tsyip	*t-nip (dial. › tsyip)		afraid, to fear
慼	qī	tshek	*s-tʰˁiwk		anxiously thoughtful
憃	chōng	syowng	*s.toŋ		stupid
憃	chōng	trhæwng	*qʰˁ‹r›oŋ {*[q]ʰˁ‹r›oŋ}		stupid
憎	zēng	tsong	*tsˁəŋ {*[ts]ˁəŋ}		hate
憐	lián	len	*k.rˁiŋ		love; pity
憑	píng	bing	*brəŋ {*[b]rəŋ}		lean on
憤	fèn	bjunX	*burʔ {*[b]urʔ}		unhappy
憫	mǐn	minX	*mrənʔ {*mrə[n]ʔ}		grieved
憶	yì	ʔik	*ʔək {*ʔ(r)ək}		remember
憺	dàn	damX	*lˁamʔ {*[l]ˁamʔ}		calm
憾	hàn	homH	*N-kˁəmʔ-s {*N-kˁ[ə]mʔ-s}		dissatisfied
懃	qín	gjɨn	*ɡər {*[ɡ]ər}		toil, diligent, devoted
懒	lǎn	lanX	*N-kə.rˁanʔ		lazy
懟	duì	drwijH	*drup-s {*[d]ru[p]-s}		ill-will
懲	chéng	dring	*m-trəŋ		reprove; punish
懶	lǎn	lanX	*N-kə.rˁanʔ		lazy
懷	huái	hwɛj	*ɡˁruj {*[ɡ]ˁruj}		bosom; embrace
懸	xuán	hwen	*Cə-N-kʷˁen {*Cə-N-kʷˁe[n]}		suspend
懼	jù	gjuH	*ɡʷa-s {*[ɡ]ʷ(r)a-s}	VERB	fear (v.)
戀	liàn	ljwenH	*ron-s	VERB	to long for
戈	gē	kwa	*kʷˁaj		dagger-axe
戉	yuè	hjwot	*ɢʷat {*[ɢ]ʷat}	NOUN	a kind of axe
戊	wù	muwH	*muʔ-s {*m(r)uʔ-s} ~ *m(r)uʔ		5th heavenly stem
戋	jiān	dzan	*dzˁan {*[dz]ˁa[n]}		kill; cruel
戌	xū	swit	*s.mit {*s.mi[t]}		11th earthly branch
戍	shù	syuH	*n̥o-s {*[n̥]o-s}	VERB	guard (v.)
戎	róng	nyuwng	*nuŋ		foreigners in the west
戏	xì	xjeH	*ŋ̊ar-s {*ŋ̊(r)ar-s}		sport, joke
成	chéng	dzyeng	*deŋ {*[d]eŋ}	VERB	to become (v.i.)
成	chéng	dzyeng	*m-deŋ {*m-[d]eŋ}	VERB	to complete (tr. v)
我	wǒ	ngaX	*ŋˁajʔ		we, I
戒	jiè	kɛjH	*kˁrək-s ~ kˁrək	VERB	be on guard
戔	jiān	dzan	*dzˁan {*[dz]ˁa[n]}		kill; cruel
或	huò	hwok	*ɢʷˁək {*[ɢ]ʷˁək}		some; or
或	yù	hwik	*ɢʷrək {*[ɢ]ʷrək}		territory
战	zhàn	tsyenH	*tar-s		battle
戚	qī	tshek	*s.tʰˁiwk		(in 'toad')
戚	qī	tshek	*s.tʰˁiwk		relatives
戚	qī	tshek	*s.tʰˁiwk	NOUN	kind of battle axe
戚	qī	tshek	*s.tʰˁiwk		worried; sad; depressed
戛	jiá	kɛt	*kˁrik {*kˁri[k]}	NOUN	a kind of lance
戟	jǐ	kjæk	*krak {*[k]rak}	NOUN	a kind of lance
戠	shì	tsyik	*tək		adhere (?)
戮	lù	ljuwk	*riwk {*[r]iwk}		kill
戰	zhàn	tsyenH	*tar-s		battle
戲	xì	xjeH	*ŋ̊ar-s {*ŋ̊(r)ar-s}		sport, joke
戴	dài	tojH	*Cə.tˁək-s		carry on the head
戶	hù	huX	*m-qˁaʔ	VERB	to stop, to check
戶	hù	huX	*m-qˁaʔ		door
户	hù	huX	*m-qˁaʔ	VERB	to stop, to check
户	hù	huX	*m-qˁaʔ		door
戾	lì	lejH	*rˁet-s {*[r]ˁe[t]-s}		transgress
房	fáng	bjang	*Cə-N-paŋ		side-room
所	suǒ	srjoX	*s-qʰraʔ		place; that which
扁	biǎn	penX	*pˁenʔ {*pˁe[n]ʔ}		flat and thin
扃	jiōng	kweng	*kʷˁeŋ		door bolt
扇	shàn	syenH	*l̥an-s {*[l̥][a][n]-s}		leaf of door (: fan?)
扈	hù	huX	*m-qˁaʔ	VERB	to stop
扉	fēi	pjɨj	*pəj {*pə[j]}		wooden door-leaf
手	shǒu	syuwX	*n̥uʔ		hand
才	cái	dzoj	*dzˁə {*(Cə.)[dz]ˁə}		talent, ability
扑	pū	phuwk	*pʰˁok	VERB	beat (v.)
扞	hàn	hanH	*m-kˁar-s {*m-kˁa[r]-s}		ward off; protect, guard
执	zhí	tsyip	*tip {*[t]ip}		seize
扩	kuò	khwak	*kʷʰˁak		widen
扪	mén	mwon	*mˁən {*[m]ˁ[ə][n]}	VERB	hold (v.)
扬	yáng	yang	*laŋ		raise
扳	pān	pæn	*pˁran		pull forward
扶	fú	bju	*m-pa {*m-p(r)a}		assist
承	chéng	dzying	*dəŋ {*[d]əŋ}		receive
技	jì	gjeX	*ɡreʔ {*[ɡ]reʔ}		skill
把	bǎ	pæX	*pˁraʔ	VERB	grasp (v.)
抍	zhěng	tsyingX	*təŋʔ		lift up
抑	yì	ʔik	*qik		rub, repress
抒	shū	zyoX	*Cə-laʔ	VERB	remove (v.)
抓	zhuā	tsræw	*tsru {*[ts](ˁ)ru}		grasp
投	tóu	duw	*dˁo {*[d]ˁo}		throw
抗	kàng	khangH	*kʰˁaŋ-s		set up; oppose; protect
折	dì	dejH	*dˁet-s {*[d]ˁet-s}		solitary standing (sc. tree)
折	shé	dzyet	*N-tet	VERB	bend (v.i.)
折	zhé	tsyet	*tet		bend; break (v.t.)
抚	fǔ	phjuX	*pʰaʔ {*[pʰ](r)aʔ}		lay the hand on
护	hù	huH	*ɢʷˁak-s {*[ɢ]ʷˁak-s}		protect
报	bào	pawH	*pˁuk-s		repay
披	pī	phje	*pʰaj {*pʰ(r)aj}		divide
抱	bào	bawX	*m-pˁuʔ		carry in the arms
抵	dǐ	tejX	*tˁijʔ		push away
押	yā	ʔæp	*qˁrep	VERB	to seal, stamp
抽	chōu	trhjuw	*l̥ru		take out, pull out
拂	fú	phjut	*pʰut	VERB	to brush, shake
拄	zhǔ	trjuX	*t‹r›oʔ	VERB	prop up, support (v.)
担	dān	tam	*mə-tˁam		carry on the shoulder
担	dàn	tam	*tˁam-s {*tˁam}		burden
担	dàn	tamH	*tˁam-s {*mə-tˁam-s}		burden
拉	là	lop	*rˁəp {*[r]ˁəp}		break
拍	pāi	phæk	*mə-pʰˁrak	VERB	to strike
拏	ná	nræ	*nˁra	VERB	handle (v.)
拔	bá	bɛt	*bˁrot {*(Cə.)[b]ˁrot}		uproot
拙	zhuō	tsywet	*tot {*[t]ot}		stupid, inept
拜	bài	pɛjH	*C.pˁrot-s {*C.pˁro[t]-s}	VERB	bow, bend (v.)
拟	nǐ	ngiX	*ŋəʔ {*[ŋ](r)əʔ} (‹ uvular)		estimate, calculate
拣	jiǎn	kɛnX	*kˁranʔ {*kˁr[a]nʔ}		select
拨	bō	pat	*pˁat		spread out
拭	shì	syik	*l̥ək	VERB	to wipe
拮	jié	ket	*kˁit {*kˁi[t]}	VERB	grasp (v.)
拯	zhěng	tsyingX	*təŋʔ		lift up
拱	gǒng	kjowngX	*k‹r›oŋʔ		join the hands
拲	gǒng	kjowngX	*koŋʔ {*k(‹r›)oŋʔ}		manacles
拳	quán	gjwen	*N-kron {*N-kro[n]}		fist (‹ rolled-up hand)
拾	shí	dzyip	*dəp {*[d][ə]p}		pick up, gather
持	chí	dri	*drə {*[d]rə}		grasp, hold
挂	guà	kwɛH	*kʷˁre-s {*[k]ʷˁre-s}		suspend
指	zhǐ	tsyijX	*mə.kijʔ		finger; point
按	àn	ʔanH	*ʔˁan-s {*ʔˁa[n]-s}		repress
挐	ná	nræ	*nˁra	VERB	handle (v.)
挑	tiāo	thew	*l̥ˁew		scratch, stir up
挑	tiǎo	dewX	*lˁewʔ		provoke
挚	zhì	tsyijH	*tip-s {*[t]ip-s}		seize
挟	xié	hep	*m-kˁep		grasp
挠	náo	nræwX	*nˁ‹r›awʔ {*nˁ‹r›[a]wʔ}		disturb
挥	huī	xjwɨj	*qʷʰər		wave, brandish
挩	tuō	thwat	*l̥ˁot		peel off, take off
振	zhēn	tsyin	*tər		numerous
振	zhèn	tsyinH	*tər-s		shake
挹	yì	ʔjip	*qip	VERB	to bow; suppress
挹	yì	ʔjip	*qip	VERB	to ladle out
挹	yì	ʔjip	*qip		suppress
挾	xié	hep	*m-kˁep		grasp
捉	zhuō	tsræwk	*tsrok {*[ts](ˁ)rok}	VERB	grasp (v.)
捋	luō	lwat	*rˁot {*[r]ˁot}		gather, pluck
捐	yuán	ywen	*ɢʷen {*[ɢ]ʷen}		abandon; remove
捝	tuō	thwat	*l̥ˁot		peel off, take off
损	sǔn	swonX	*s-qʷˁənʔ {*[s-q]ʷˁə[n]ʔ}		diminish, damage
捨	shě	syæX	*l̥aʔ {*l̥Aʔ}		set aside, give up
捫	mén	mwon	*mˁən {*[m]ˁ[ə][n]}	VERB	hold (v.)
据	jù	kjoH	*ka-s {*k(r)a(k)-s}		grasp; depend on
捶	chuí	tsyweX	*tojʔ	VERB	to beat
捷	jié	dzjep	*dzap {*[dz][a]p}		victory
掇	duó	trjwet	*trot {*t‹r›ot}		pick, gather
掇	duó	twat	*tˁot		pick, gather
授	shòu	dzyuwH	*duʔ-s {*[d]uʔ-s}		give; hand over
掌	zhǎng	tsyangX	*k.taŋʔ {*[k.t]aŋʔ}		palm of the hand
排	pái	bɛj	*bˁrəj {*[b]ˁrəj}		push
掘	jué	gjut	*ɡut {*[ɡ]ut}		dig out (earth)
掘	jué	gjwot	*ɡot {*[ɡ]ot}		dig out (earth)
採	cǎi	tshojX	*m-sˁrəʔ		gather, pluck
探	tān	thom	*l̥ˁəm {*l̥ˁ[ə]m}		put the hand into and test
接	jiē	tsjep	*tsap {*[ts]ap}		connect with
控	kòng	khuwngH	*kʰˁoŋ-s		pull (on bow or reins)
推	tuī	thwoj	*tʰˁuj		push away
措	cuò	tshuH	*tsʰˁak-s {*[tsʰ]ˁak-s}	VERB	place (v.)
掼	guàn	kwænH	*kˁron-s {*kˁro[n]-s}		accustomed to
揀	jiǎn	kɛnX	*kˁranʔ {*kˁr[a]nʔ}		select
提	tí	dej	*dˁe {*[d]ˁe}		lift, grasp
插	chā	tsrhɛp	*mə-tsʰ‹r›op {*mə-[tsʰ]‹r›op}		insert
揚	yáng	yang	*laŋ		raise
揠	yà	ʔɛt	*ʔˁret {*ʔˁr[e]t}		pull up
揣	chuǎi	tsrhjweX	*s-tʰ‹r›orʔ	VERB	to measure; to estimate
揭	jiē	gjet	*m-k‹r›at {*m-[k]‹r›at}		lift, raise
揭	jiē	gjot	*m-kat {*m-[k]at}		lift
揭	jiē	khjejH	*kʰ‹r›at-s {*[k]ʰ‹r›at-s}		lift up one’s clothes
揭	jiē	khjet	*kʰ‹r›at {*[k]ʰ‹r›at}		lift
揭	jiē	kjot	*kat {*[k]at}		lift
揮	huī	xjwɨj	*qʷʰər		wave, brandish
援	yuán	hjwon	*ɢʷan {*[ɢ]ʷa[n]}		pull up
搅	jiǎo	kæwX	*kˁruʔ		disturb
損	sǔn	swonX	*s-qʷˁənʔ {*[s-q]ʷˁə[n]ʔ}		diminish, damage
搔	sāo	saw	*sˁu	VERB	scratch (v.)
搖	yáo	yew	*law {*l[a]w}		shake
搰	hú	hwot	*ɡˁut {*[ɡ]ˁut}		dig out
摄	shè	syep	*kə.n̥ep		catch, grasp
摅	shū	trhjo	*r̥a		extend
摇	yáo	yew	*law {*l[a]w}		shake
摋	sà	sat	*sˁat	VERB	to slap from the side
摎	jiū	kjiw	*k-riw (dial. › kriw)		tie around, strangle
摎	liú	ljuw	*k-riw		tie around, strangle
摘	zhāi	trɛk	*mə-tˁrek	VERB	pluck (v.)
摜	guàn	kwænH	*kˁron-s {*kˁro[n]-s}		accustomed to
摭	zhí	tsyek	*tak {*tAk}		pluck, select
摯	zhì	tsyijH	*tip-s {*[t]ip-s}		seize
撓	náo	nræwX	*nˁ‹r›awʔ {*nˁ‹r›[a]wʔ}		disturb
撜	zhěng	tsyingX	*təŋʔ		lift up
撞	chuáng	dræwng	*N-tˁ‹r›oŋ {*[N-t]ˁ‹r›oŋ}		strike
撞	zhuàng	dræwngH	*N-tˁ‹r›oŋ-s		strike
撤	chè	drjet	*m-tʰret {*m-tʰr[e]t}		remove, take away
撤	chè	trhjet	*tʰret {*tʰr[e]t}		remove, take away
撥	bō	pat	*pˁat		spread out
撫	fǔ	phjuX	*pʰaʔ {*[pʰ](r)aʔ}		lay the hand on
播	bò	paH	*pˁarʔ-s	VERB	to sow, winnow
撮	cuō	tshwat	*tsʰˁot {*[tsʰ]ˁot}		pinch; a pinch
撲	pū	phuwk	*pʰˁok	VERB	beat (v.)
撷	xié	het	*m-kˁit {*m-[k]ˁi[t]}	VERB	tuck in skirts (v.)
擅	shàn	dzyenH	*dan-s {*[d]a[n]-s}	VERB	monopolize (v.); without authority (adv.)
擊	jī	kek	*kˁik	VERB	strike (v.)
操	cāo	tshawH	*tsʰˁawʔ-s {*[tsʰ]ˁawʔ-s}		(what is grasped:) principles
操	cāo	tshawX	*tsʰˁawʔ {*[tsʰ]ˁawʔ}	VERB	grasp (v.)
擐	huàn	hwænH	*ɢʷˁren-s {*[ɢ]ʷˁren-s}		put on clothing
擔	dān	tam	*mə-tˁam		carry on the shoulder
擔	dàn	tam	*tˁam-s {*tˁam}		burden
擔	dàn	tamH	*tˁam-s {*mə-tˁam-s}		burden
擗	pǐ	bjiek	*bek {*[b]ek}		beat the breast
據	jù	kjoH	*ka-s {*k(r)a(k)-s}		grasp; depend on
擢	zhuó	dræwk	*lˁrewk		pull out, select
擬	nǐ	ngiX	*ŋəʔ {*[ŋ](r)əʔ} (‹ uvular)		estimate, calculate
擭	wò	ʔwæk	*qʷˁrak	VERB	catch (v.)
擴	kuò	khwak	*kʷʰˁak		widen
擷	xié	het	*m-kˁit {*m-[k]ˁi[t]}	VERB	tuck in skirts (v.)
攄	shū	trhjo	*r̥a		extend
攘	ráng	nyang	*naŋ		oppose, disturb
攘	ráng	nyang	*naŋ		steal; expel
攘	rǎng	nyangX	*naŋʔ		oppose; disturb
攝	shè	syep	*kə.n̥ep		catch, grasp
攩	tǎng	thangX	*tʰˁaŋʔ		beat
攪	jiǎo	kæwX	*kˁruʔ		disturb
支	zhī	tsye	*ke		support, hold up
支	zhī	tsye	*ke		branch (of tree), limb
收	shōu	syuw	*s-kiw		collect; harvest
攸	yōu	yuw	*liw		place where
改	gǎi	kojX	*C.qˁəʔ	VERB	change (v.)
攻	gōng	kuwng	*kˁoŋ		work at
放	fǎng	pjangX	*paŋʔ		imitate
放	fàng	pjangH	*paŋ-s		release; let go
政	zhèng	tsyengH	*teŋ-s	NOUN	government
故	gù	kuH	*kˁa-s {*kˁa(ʔ)-s}		fact; reason
故	gù	kuH	*kˁaʔ-s		old (not new)
效	xiào	hæwH	*m-kˁraw-s {*m-[k]ˁraw-s}		imitate, follow
敌	dí	dek	*dˁek {*[d]ˁek}		oppose; enemy
敏	mǐn	minX	*mrənʔ {*mrə[n]ʔ} ~ *mrəʔ		diligent, active
救	jiù	kjuwH	*s.ku-s {*s.k(r)u-s}		help, save
敗	bài	bæjH	*N-pˁrat-s {*N-pˁra[t]-s}		suffer defeat
敗	bài	pæjH	*pˁrat-s {*pˁra[t]-s}	VERB	defeat (v.t.)
敘	xù	zjoX	*s-m-taʔ	VERB	order (v.)
教	jiāo	kæw	*kˁraw {*[k]ˁraw}		teach
教	jiào	kæwH	*s.kˁraw-s	NOUN	instruction
敛	liǎn	ljemX	*ramʔ {*[r][a]mʔ}		gather
敛	liàn	ljemH	*ram-s {*[r][a]m-s}		dress a corpse
敝	bì	bjiejH	*bet-s {*[b]e[t]-s}		destroy; worn out
敞	chǎng	tsyhangX	*tʰaŋʔ		open, spacious
敢	gǎn	kamX	*kˁamʔ {*[k]ˁamʔ}		dare
散	sǎn	sanX	*sˁanʔ {*[s]ˁa[n]ʔ}	ADJ	scattered (adj.)
散	sàn	sanH	*m-sˁanʔ-s {*m-sˁa[n]ʔ-s}	VERB	scatter (v.t.)
敦	dūn	twon	*tˁur		solid, thick
敬	jìng	kjængH	*kreŋ-s {*kreŋ(ʔ)-s}		respectful
数	shǔ	srjuX	*s-roʔ	VERB	count (v.)
数	shù	srjuH	*s-roʔ-s	NOUN	number (n.)
数	shuò	sræwk	*s-rok	ADV	frequently
整	zhěng	tsyengX	*teŋʔ		arrange; orderly
敵	dí	dek	*dˁek {*[d]ˁek}		oppose; enemy
敷	fū	phju	*pʰa {*pʰ(r)a}		spread widely
數	shǔ	srjuX	*s-roʔ	VERB	count (v.)
數	shù	srjuH	*s-roʔ-s	NOUN	number (n.)
數	shuò	sræwk	*s-rok	ADV	frequently
斂	liǎn	ljemX	*ramʔ {*[r][a]mʔ}		gather
斂	liàn	ljemH	*ram-s {*[r][a]m-s}		dress a corpse
斃	bì	bjiejH	*bet-s {*[b]e[t]-s}		fall down (from wound or illness)
文	wén	mjun	*mən {*mə[n]}		ornate
斋	zhāi	tsrɛj	*tsˁrəj {*tsˁr[ə]j}		purify oneself
斗	dǒu	tuwX	*tˁoʔ		bushel; ladle
斗	zhǔ	tsyuX	*toʔ		ladle
料	liào	lewH	*rˁew-s {*[r]ˁew-s}	VERB	measure (v.)
斝	jiǎ	kæX	*kˁraʔ {*[k]ˁraʔ}	NOUN	a kind of ritual vessel
斟	zhēn	tsyim	*t.qəm {*t.[q][ə]m}	VERB	deliberate (v.)
斤	jīn	kjɨn	*kər {*[k]ər}		axe; catty
斥	chì	tsyhek	*tʰak {*tʰAk}		rebuff; salty soil
斧	fǔ	pjuX	*paʔ {*p(r)aʔ}		axe
斩	zhǎn	tsrɛmX	*tsramʔ {*[ts]ramʔ}		cut off
斫	zhuó	tsyak	*tak		cut, hack
斬	zhǎn	tsrɛmX	*tsramʔ {*[ts]ramʔ}		cut off
断	duàn	dwanX	*N-tˁonʔ {*N-tˁo[n]ʔ}	VERB	be cut in two
断	duàn	twanH	*tˁonʔ-s {*tˁo[n]ʔ-s}		cut off; decide
断	duàn	twanX	*tˁonʔ {*tˁo[n]ʔ}		cut in two
斮	zhuó	tsrjak	*tsrak {*[ts]rak}	VERB	to cut off
斯	sī	sje	*se {*[s]e}	VERB	split (v.)
斯	sī	sje	*se {*[s]e}	PRON	this
新	xīn	sin	*C.sin {*C.si[n]}		new
斲	zhuó	træwk	*Cə.tˁrok		chop, cleave
斷	duàn	dwanX	*N-tˁonʔ {*N-tˁo[n]ʔ}	VERB	be cut in two
斷	duàn	twanH	*tˁonʔ-s {*tˁo[n]ʔ-s}		cut off; decide
斷	duàn	twanX	*tˁonʔ {*tˁo[n]ʔ}		cut in two
方	fāng	pjang	*C.paŋ		square
方	fāng	pjang	*paŋ		method
方	fāng	pjang	*paŋ		just, then
於	yú	ʔjo	*ʔa {*[ʔ]a}		at (locative preposition)
施	shī	sye	*l̥aj		give, bestow
旁	páng	bang	*bˁaŋ {*[b]ˁaŋ}		side
旂	qí	gjɨj	*C.ɢər {*C.[ɢ]ər}		banner; flag
旄	máo	maw	*mˁaw		ox-tail pennon
旅	lǚ	ljoX	*raʔ {*[r]aʔ}		military unit of 500 men; to go
旊	fǎng	pjangX	*paŋʔ		pottery
旋	xuán	zjwen	*s-ɢʷen {*s-[ɢ]ʷe[n]}		turn round; return
旋	xuàn	zjwenH	*s-ɢʷen-s {*s-[ɢ]ʷe[n]-s}		whorl of hair on the head?
族	zú	dzuwk	*dzˁok {*[dz]ˁok}		clan
旗	qí	gi	*ɡə {*[ɡ](r)ə}		flag
无	wú	mju	*ma		not have
无	wú	mju	*ma		not have
既	jì	kjɨjH	*kət-s {*[k]ə[t]-s}	VERB	complete (v.)
日	rì	nyit	*C.nit {*C.ni[t]}		sun; day
旦	dàn	tanH	*tˁan-s {*tˁa[n]-s}		dawn
旧	jiù	gjuwH	*N-kʷəʔ-s		old
旨	zhǐ	tsyijX	*kijʔ		fine-tasting
早	zǎo	tsawX	*Nə.tsˁuʔ {*Nə.[ts]ˁuʔ}		early
旬	xún	zwin	*s-ɢʷin {*s-[ɢ]ʷi[n]}		ten-day cycle
旱	hàn	hanX	*ɡˁarʔ {*[ɡ]ˁa[r]ʔ}		dry, drought
时	shí	dzyi	*də {*[d]ə} ~ *[d]əʔ		time
旷	kuàng	khwangH	*k-m̥ˁaŋ-s {*[k-m̥]ˁaŋ-s}		desolate, waste
旷	kuàng	khwangH	*kʷʰˁaŋ-s {*[k]ʷʰˁaŋ-s}		bright
旻	mín	min	*mrən {*mrə[n]}		austere, severe
昃	zè	tsrik	*tsrək {*[ts]rək}		sun slanting to west
昆	kūn	kwon	*kˁun {*kˁu[n]}		elder brother
昉	fǎng	pjangX	*paŋʔ		just then, at that time
明	míng	mjæng	*mraŋ		bright
昏	hūn	xwon	*m̥ˁun {*m̥ˁu[n]}		dusk, dark
易	yì	yeH	*lek-s		easy
易	yì	yek	*lek		change; exchange
昔	xī	sjek	*sak {*[s]Ak}		in the past
昕	xīn	xjɨn	*qʰər		dawn
昜	yáng	yang	*laŋ		bright
星	xīng	seng	*s-tsʰˁeŋ		star
春	chūn	tsyhwin	*tʰun		springtime
昧	mèi	mwojH	*mˁut-s {*mˁ[u][t]-s}		dusk; dark
昨	zuó	dzak	*dzˁak {*[dz]ˁak}		yesterday
昭	zhāo	tsyew	*taw		bright
是	shì	dzyeX	*deʔ {*[d]eʔ}	PRON	this
昲	fèi	phjɨjH	*pʰut-s		bake in the sun
昴	mǎo	mæwX	*mˁruʔ		Pleiades
昵	nì	nrit	*nrit {*nri[t]}		close, intimate
显	xiǎn	xenX	*qʰˁenʔ		display, manifest
時	shí	dzyi	*də {*[d]ə} ~ *[d]əʔ		time
晉	jìn	tsinH	*tsin-s {*tsi[n]-s}		Jìn (place name)
晋	jìn	tsinH	*tsin-s {*tsi[n]-s}		Jìn (place name)
晏	yàn	ʔænH	*ʔˁ‹r›an-s {*ʔˁ‹r›a[n]-s}		peace, rest
晏	yàn	ʔenH	*ʔˁen-s {*ʔˁe[n]-s}	VERB	rest (v.)
晓	xiǎo	xewX	*qʰˁewʔ		understand
晖	huī	xjwɨj	*qʷʰər		light, bright(ness)
晚	wǎn	mjonX	*morʔ {*mo[r]ʔ}		late
晢	zhé	tsyejH	*tat-s {*t[a]t-s}		bright
晢	zhé	tsyet	*tat {*t[a]t}		bright
晤	wù	nguH	*ŋˁak-s		go to meet
晦	huì	xwojH	*m̥ˁək-s		last day of a moon; dark
晨	chén	dzyin	*dər {*[d]ər}		part of Scorpio; morning
晨	chén	zyin	*sə.dər {*sə.[d]ər}		part of Scorpio; morning
景	jǐng	kjængX	*C.qraŋʔ	NOUN	a kind of coat
景	jǐng	kjængX	*C.qraŋʔ		bright; image
晳	xī	sek	*sˁek {*[s]ˁek}		white, bright
晴	qíng	dzjeng	*N-tsʰeŋ		clear (weather)
晶	jīng	tsjeng	*tseŋ		bright, limpid
暂	zàn	dzamH	*dzˁam-s {*[dz]ˁam-s}	ADV	suddenly
暇	xià	hæH	*ɡˁra-s {*[ɡ]ˁra-s}		leisure
暉	huī	xjwɨj	*qʷʰər		light, bright(ness)
暑	shǔ	syoX	*s-tʰaʔ		heat
暨	jì	gijH	*ɡrəp-s {*[ɡ]rə[p]-s}		reach to
暫	zàn	dzamH	*dzˁam-s {*[dz]ˁam-s}	ADV	suddenly
暱	nì	nrit	*n‹r›ik		near, familiar
暴	bào	bawH	*bˁawk-s {*[b]ˁawk-s}		violent
暴	pù	buwk	*m-pˁawk		expose to sun
暵	hàn	xanH	*qʰˁar-s {*[qʰ]ˁarʔ-s}		dry
暵	hàn	xanX	*qʰˁarʔ {*[qʰ]ˁarʔ}		scorch, burn
曉	xiǎo	xewX	*qʰˁewʔ		understand
曏	shǎng	syangX	*n̥aŋʔ	NOUN	a short time
曏	shàng	syangH	*n̥aŋ-s	NOUN	a short time
曏	xiǎng	xjangX	*n̥aŋʔ (W dial. *n̥- › *x-)	NOUN	a short time
曏	xiàng	xjangH	*n̥aŋʔ-s (W dial. *n̥- › *x-)	NOUN	a short time
曜	yào	yewH	*lewk-s		shine
曝	pù	buwk	*m-pˁawk		expose to the sun
曠	kuàng	khwangH	*k-m̥ˁaŋ-s {*[k-m̥]ˁaŋ-s}		desolate, waste
曠	kuàng	khwangH	*kʷʰˁaŋ-s {*[k]ʷʰˁaŋ-s}		bright
曩	nǎng	nangX	*nˁaŋʔ		in past times
曰	yuē	hjwot	*ɢʷat {*[ɢ]ʷat}		say
曲	qū	khjowk	*kʰok {*kʰ(r)ok}	VERB	to bend, bent
更	gēng	kæng	*kˁraŋ	VERB	change (v.)
更	gèng	kængH	*kˁraŋ-s		still more
曷	hé	hat	*ɡˁat {*[ɡ]ˁat}	PRON	what
書	shū	syo	*s-ta		write
曹	cáo	dzaw	*N-tsˁu		come together; pair
曼	màn	manH	*mˁan-s {*mˁa[n]-s}		distant
曼	màn	mjonH	*man-s {*ma[n]-s}		extended, long
曾	céng	dzong	*dzˁəŋ {*[dz]ˁəŋ}	ADV	(adverb indicating past time)
曾	zēng	tsong	*tsˁəŋ {*[ts]ˁəŋ}		remote (ancestor)
替	tì	thejH	*n̥ˁit-s {*n̥ˁi[t]-s}		discard
最	zuì	tswajH	*tsˁot-s {*[ts]ˁot-s}		collect; most
會	huì	hwajH	*m-kˁop-s		come together
會	kuài	kwajH	*kˁop-s {*[k]ˁop-s}		calculate; calculation
月	yuè	ngjwot	*ŋʷat {*[ŋ]ʷat}		moon, month
有	yǒu	hjuwX	*ɢʷəʔ {*[ɢ]ʷəʔ}		have, exist
朋	péng	bong	*bˁəŋ {*[b]ˁəŋ}		set of cowries; friend
朌	bān	pæn	*pˁ‹r›ən {*pˁ‹r›ə[n]} V!		distribute
服	fú	bjuwk	*bək {*[b]ək}	NOUN	quiver (n.)
服	fú	bjuwk	*bək {*[b]ək}	NOUN	garment; wear (v.)
服	fú	bjuwk	*bək {*[b]ək}		subdue, submit
服	fù	bjuwX	*bəʔ {*[b]əʔ}		box of a carriage
朏	fěi	phjɨjX	*pʰəjʔ {*pʰ[ə]jʔ}		new light of the moon
朔	shuò	sræwk	*s.ŋrak		1st day of month
朕	zhèn	drimX	*lrəmʔ		I, we, our
朗	lǎng	langX	*k.rˁaŋʔ		bright
望	wàng	mjang	*maŋ		look at from a distance
望	wàng	mjangH	*maŋ-s		look at from a distance
朝	cháo	drjew	*m-t‹r›aw {*[m]-t‹r›aw}		(morning) audience at court
朝	zhāo	trjew	*t‹r›aw		morning
期	qī	gi	*ɡə {*[ɡ](r)ə}		period of time
木	mù	muwk	*C.mˁok		tree, wood
未	wèi	mjɨjH	*mət-s {*m[ə]t-s}		not yet
未	wèi	mjɨjH	*mət-s {*m[ə]t-s}		8th earthly branch
末	mò	mat	*mˁat		end of a branch
本	běn	pwonX	*C.pˁənʔ {*C.pˁə[n]ʔ}		tree trunk
札	zhá	tsrɛt	*s-qˁrət	NOUN	strip (n.), tablet
朮	zhú	zywit	*mə.lut ~ *m.lut		glutinous millet
术	shù	zywit	*Cə-lut		technique
朱	zhū	tsyu	*to		dwarf
朱	zhū	tsyu	*to		red
朴	pǔ	phæwk	*pʰˁrok		unworked wood
机	jī	kijX	*krəjʔ		small table, stool
机	jī	kjɨj	*kəj		mechanism
朽	xiǔ	xjuwX	*qʰuʔ {*qʰ(r)uʔ}		rot, decay
朿	cì	tshjeH	*tsʰek-s {*[tsʰ]ek-s}		sharp point, thorn; pierce
杀	shā	srɛt	*s‹r›at		kill
杀	shài	srɛjH	*s‹r›at-s		diminish
杂	zá	dzop	*dzˁəp {*[dz]ˁ[ə]p}		mixed
权	quán	gjwen	*Cə.ɡror {*Cə.[ɡ]r[o]r}		weight of a steelyard
李	lǐ	liX	*C.rəʔ		plum
杏	xìng	hængX	*C.ɡˁraŋʔ {*C.[ɡ]ˁraŋʔ}		apricot (tree)
材	cái	dzoj	*Cə.dzˁə {*[Cə.dz]ˁə}		timber
杓	sháo	dzyak	*m-t-qewk	NOUN	ladle (n.)
杕	dì	dejH	*dˁet-s		solitary-growing (sc. tree)
束	shù	syowk	*s-tʰok		bind; bundle
条	tiáo	dew	*lˁiw {*[l]ˁiw}		arrange
条	tiáo	dew	*lˁiw	NOUN	branch (n.), shoot (n.)
来	lái	loj	*mə.rˁək (› *mə.rˁə)	NOUN	a kind of wheat
来	lái	loj	*rˁək (› *rˁə)		come
杨	yáng	yang	*laŋ		poplar
杪	miǎo	mjiewX	*mewʔ	NOUN	the utmost end
杭	háng	hang	*N-ɡˁaŋ {*[N]-[g]ˁaŋ}	VERB	to go by boat
杯	bēi	pwoj	*pˁə		cup
杰	jié	gjet	*N-k‹r›at {*N-[k]‹r›at}		remarkable; hero
東	dōng	tuwng	*tˁoŋ		east
杵	chǔ	tsyhoX	*t.qʰaʔ		pestle
松	sōng	zjowng	*sə.ɢoŋ	NOUN	pine (n.)
板	bǎn	pænX	*C.pˁranʔ		plank, board
极	jí	gik	*N-kək {*N-k(r)ək}		extreme
枅	jī	kej	*kˁer {*[k]ˁer} (dial. *-r › *-j)		crosspiece of wood on top of pillar
枉	wǎng	ʔjwangX	*qʷaŋʔ		crooked; depraved
枋	bìng	pjængH	*praŋʔ-s	NOUN	handle (n.)
析	xī	sek	*sˁek {*[s]ˁek}	VERB	split (v.)
枑	hù	huH	*m-qˁaʔ-s		railings, fence
枕	zhěn	tsyimX	*t.kəmʔ {*[t.k][ə]mʔ}		pillow
枕	zhèn	tsyimH	*t.kəmʔ-s {*[t.k][ə]mʔ-s}		use as a pillow
林	lín	lim	*k.rəm {*k.r[ə]m}		forest
果	guǒ	kwaX	*kˁorʔ {*[k]ˁo[r]ʔ}		fruit; result
枝	zhī	tsye	*ke		branch (of tree)
枢	shū	ʔuw	*qˁo {*qˁ(r)o}	NOUN	a kind of elm
枣	zǎo	tsawX	*tsˁuʔ {*[ts]ˁuʔ}		jujube
枲	xǐ	siX	*s.ləʔ		hemp
枹	fú	bjuw	*bu {*[b](r)u}		drum stick
柄	bìng	pjængH	*praŋʔ-s {*[p]raŋʔ-s}	NOUN	handle (n.)
柅	nǐ	nrijH	*n‹r›ərʔ-s {*n‹r›[ə]rʔ-s}	NOUN	a stopper for carriages
柅	nǐ	nrijX	*n‹r›ərʔ {*n‹r›[ə]rʔ}	NOUN	a stopper for carriages
某	mǒu	muwX	*məʔ		so and so; a certain
染	rǎn	nyemX	*C.namʔ {*C.n[a]mʔ}	VERB	to dye
柔	róu	nyuw	*nu		soft
柘	zhè	tsyæH	*tak-s {*tAk-s}	NOUN	a kind of mulberry tree
柙	xiá	hæp	*ɡˁrap {*[ɡ]ˁr[a]p}		cage; box
柜	guì	gwijH	*ɡruj-s {*[ɡ]ruj-s}		box
柩	jiù	gjuwH	*ɡʷə-s {*[ɡ]ʷə-s}		coffin (with corpse)
柬	jiǎn	kɛnX	*kˁranʔ {*kˁr[a]nʔ}		select, distinguish
柱	zhù	drjuX	*m-t‹r›oʔ		pillar
柲	bì	pit	*prit {*pri[t]}	ADJ	shaft, handle (of a weapon)
柳	liǔ	ljuwX	*ruʔ {*([m]ə.)ruʔ}		willow
柴	zì	dzrɛ	*dzre {*[dz]re(j)}		firewood
栅	cè	tsrhɛk	*tsʰˁrek {*[tsʰ]ˁrek}		hedge
栈	zhàn	dzrænH	*dzˁran-s {*[dz]ˁr[a][n]-s}		shed
栈	zhàn	dzrænX	*dzˁranʔ {*[dz]ˁr[a][n]ʔ}		shed
栈	zhàn	dzrɛnX	*dzranʔ {*[dz]r[a][n]ʔ}		shed
栎	lì	lek	*rˁewk {*[r]ˁewk}		oak
树	shù	dzyuH	*m-toʔ-s		tree
树	shù	dzyuX	*m-toʔ	VERB	plant (v.); place upright
栖	qī	sej	*s-nˁər		bird's nest
栖	qī	sej	*s-nˁər	VERB	roost (v.)
栗	lì	lit	*rit {*[r]i[t]}		chestnut tree
根	gēn	kon	*kˁən {*[k]ˁə[n]}		root, trunk
格	gé	kæk	*kˁrak		go to
栽	zāi	tsoj	*tsˁə {*[ts]ˁə}	VERB	plant (v.)
栾	luán	lwan	*mə.rˁon {*[m]ə.rˁon}		corners of the rim of an oval bell
栾	luán	lwan	*rˁon {*rˁo[n]}		emaciated, worn
桀	jié	gjet	*N-k‹r›at {*N-[k]‹r›at}		remarkable; hero
桀	jié	gjet	*m-k‹r›at {*m-[k]‹r›at}		perch for fowls
桀	jié	kjet	*k‹r›at {*[k]‹r›at}		lift, raise
桁	héng	hæng	*ɡˁraŋ {*[ɡ]ˁraŋ}		wooden lid
桃	táo	daw	*C.lˁaw		peach
案	àn	ʔanH	*ʔˁan-s {*ʔˁa[n]-s}		stool; tray
桌	zhuō	træwk	*tˁrawk (no pre-Qin exx.)		table
桑	sāng	sang	*sˁaŋ {*[s]ˁaŋ}		mulberry tree
桓	huán	hwan	*ɢʷˁar {*[ɢ]ʷˁar}		pillar; martial-looking
桡	náo	nræwH	*nˁrew-s {*[n]ˁrew-s}		bent wood
桡	ráo	nyew	*ŋew {*[ŋ]ew}  (‹ uvular?)		oar
桥	qiáo	gjew	*ɡaw {*[ɡ](r)aw}		bridge
桼	qī	tshit	*tsʰit {*[tsʰ]i[t]}		varnish
梁	liáng	ljang	*raŋ {*[r]aŋ}		beam; bridge
梅	méi	mwoj	*C.mˁə		plum tree
梓	zǐ	tsiX	*tsəʔ {*[ts]əʔ}		Catalpa
梗	gěng	kængX	*kˁraŋʔ		suffering
梜	jiā	kæp	*kˁ‹r›ep		chopsticks
條	tiáo	dew	*lˁiw {*[l]ˁiw}		arrange
條	tiáo	dew	*lˁiw	NOUN	branch (n.), shoot (n.)
梦	mèng	mjuwngH	*C.məŋ-s		dream
梯	tī	thej	*l̥ˁəj {*l̥ˁ[ə]j}		stairs
械	xiè	hɛjH	*m-kˁrək-s {*[m]-kˁrək-s}		fetters; weapon
梳	shū	srjo	*sra		comb
检	jiǎn	kjemX	*kramʔ {*[k]r[a]mʔ}	NOUN	measure (n.)
棃	lí	lij	*C.rəj {*C.r[ə][j]}		pear tree, pear
棄	qì	khjijH	*kʰit-s {*[kʰ]i[t]-s}		throw away, abandon
棅	bìng	pjængH	*praŋʔ-s	NOUN	a handle
棋	qí	gi	*Cə.ɡə {*Cə.[ɡ](r)ə}		chess, board game
棗	zǎo	tsawX	*tsˁuʔ {*[ts]ˁuʔ}		jujube
棘	jí	kik	*krək		thorns
棚	péng	bong	*C.bˁəŋ		awning, sail
棠	táng	dang	*dˁaŋ {*[d]ˁaŋ}	NOUN	a kind of pear tree (Pyrus)
棣	dì	dejH	*N.rˁəp-s {*[N.]rˁəp-s}		dang-dejH cherry tree
棧	zhàn	dzrænH	*dzˁran-s {*[dz]ˁr[a][n]-s}		shed
棧	zhàn	dzrænX	*dzˁranʔ {*[dz]ˁr[a][n]ʔ}		shed
棧	zhàn	dzrɛnX	*dzranʔ {*[dz]r[a][n]ʔ}		shed
棲	qī	sej	*s-nˁər		bird's nest
棺	guān	kwan	*kʷˁan {*kʷˁa[n]}		inner coffin
椁	guǒ	kwak	*kʷˁak		outer coffin
椄	jiē	tsjep	*tsap {*[ts]ap}		peg, tenon
植	zhí	driH	*N-t‹r›ək-s		grow, flourish
植	zhí	driH	*m-t‹r›ək-s	VERB	to plant, set upright
植	zhí	dzyik	*m-tək	VERB	to plant; plants
椎	chuí	drwij	*k.druj		hammer
椒	jiāo	tsew	*s.tˁiw		pepper plant
椒	jiāo	tsjew	*S.tew		pepper plant
椭	tuǒ	thwaX	*l̥ˁojʔ		oval
椹	zhēn	trim	*trəm {*tr[ə]m}		chopping-block
椽	chuán	drjwen	*lron		beam, rafter
楊	yáng	yang	*laŋ		poplar
楎	huī	xjwɨj	*qʷʰər		clothes-peg
楎	hún	hwon	*ɢʷˁər {*[ɢ]ʷˁər}		seed-plow
楔	xiē	set	*s.qˁet		wedge put in teeth of corpse
楚	chǔ	tsrhjoX	*s.r̥aʔ		thorns
楚	chǔ	tsrhjoX	*s.r̥aʔ {*[s.r̥]aʔ}		arrange in order
楚	chǔ	tsrhjoX	*s.r̥aʔ	PROPN	name of a state
楫	jí	tsjep	*tsəp {*[ts]əp}  V!		oar
業	yè	ngjæp	*m-qʰap {*[m-qʰ](r)[a]p}	NOUN	work (n.)
業	yè	ngjæp	*m-qʰap {*[m-qʰ](r)[a]p}		horizontal board of a bell stand or frame
業	yè	ngjæp	*ŋap {*[ŋ](r)[a]p}		strong, sturdy
楯	shǔn	zywinX	*Cə.lunʔ {*Cə.lu[n]ʔ}		shield
極	jí	gik	*N-kək {*N-k(r)ək}		extreme
楹	yíng	yeng	*leŋ		pillar
概	gài	kojH	*kˁət-s {*[k]ˁə[t]-s}	VERB	to strickle
榆	yú	yu	*lo		elm
榛	zhēn	tsrin	*tsrin {*tsri[n]}		hazel
榜	bàng	pængH	*pˁraŋ-s		oar
榮	róng	hjwæng	*N-qʷreŋ {*[N-qʷ]reŋ}		glory, honor
槈	nòu	nuwH	*nˁok-s	VERB	to hoe, to weed
槎	chá	dzræ	*dzˁraj {*[dz]ˁraj}		cut trees
槎	chá	dzræX	*dzˁrajʔ {*[dz]ˁrajʔ}	VERB	to cut trees
槐	huái	hwɛj	*ɡˁ‹r›uj {*[ɡ]ˁ‹r›uj}		Sophora
槐	huái	hwoj	*ɡˁuj {*[ɡ]ˁuj}		Sophora
槛	jiàn	hæmX	*ɡˁramʔ {*[ɡ]ˁramʔ}		straight-jetted (water)
槛	jiàn	hæmX	*ɡˁramʔ {*[ɡ]ˁramʔ}		railing; cage
槛	jiàn	hamX	*ɡˁamʔ {*[ɡ]ˁamʔ}		railing; cage
槨	guǒ	kwak	*kʷˁak		outer coffin
槮	sēn	tsrhim	*s.r̥əm {*s.r̥[ə]m}		tall (tree)
槷	niè	nget	*ŋˁet		vertical pole or post
樂	lè	lak	*rˁawk {*[rˁ]awk}		joy; enjoy
樂	yuè	ngæwk	*ŋˁrawk {*[ŋ]ˁrawk}		music
樛	jiū	kjiw	*k-riw (dial. › kriw)		down-curving (sc. branch)
樛	jiū	kjiw	*k-riw (dial. › kriw)	VERB	twist (v.)
樞	shū	ʔuw	*qˁo {*qˁ(r)o}	NOUN	a kind of elm
模	mó	mu	*mˁa		model
横	héng	hwæng	*C.ɡʷˁraŋ		crosswise; horizontal
樴	zhí	tsyik	*tək		pole
樸	pǔ	phæwk	*pʰˁrok		unworked wood
樹	shù	dzyuH	*m-toʔ-s		tree
樹	shù	dzyuX	*m-toʔ	VERB	plant (v.); place upright
樽	zūn	tswon	*tsˁun {*[ts]ˁu[n]}		wine-cup
橈	náo	nræwH	*nˁrew-s {*[n]ˁrew-s}		bent wood
橈	ráo	nyew	*ŋew {*[ŋ]ew}  (‹ uvular?)		oar
橋	qiáo	gjew	*ɡaw {*[ɡ](r)aw}		bridge
橐	tuó	thak	*tʰˁak		sack; bellows
橘	jú	kjwit	*s.kʷit {*[s.k]ʷi[t]}		orange (tangerine?)
機	jī	kjɨj	*kəj		mechanism
橢	tuǒ	thwaX	*l̥ˁojʔ		oval
橫	héng	hwæng	*C.ɡʷˁraŋ		crosswise; horizontal
橹	lǔ	luX	*rˁaʔ {*[r]ˁaʔ}	NOUN	shield (n.)
檐	yán	yem	*Cə.ɢam {*Cə.[ɢ]am}		eaves
檐	yán	yem	*Cə.ɢam {*Cə.[ɢ]am}		temple gate
檖	suì	zwijH	*sə.lut-s {*sə.lu[t]-s}	NOUN	a kind of pear tree
檡	shì	syek	*l̥ak {*l̥Ak}		spec. of jujube tree
檢	jiǎn	kjemX	*kramʔ {*[k]r[a]mʔ}	NOUN	measure (n.)
檻	jiàn	hæmX	*ɡˁramʔ {*[ɡ]ˁramʔ}		straight-jetted (water)
檻	jiàn	hæmX	*ɡˁramʔ {*[ɡ]ˁramʔ}		railing; cage
檻	jiàn	hamX	*ɡˁamʔ {*[ɡ]ˁamʔ}		railing; cage
櫂	zhào	dræwH	*lˁrewk-s		oar
櫃	guì	gwijH	*ɡruj-s {*[ɡ]ruj-s}		box
櫓	lǔ	luX	*rˁaʔ {*[r]ˁaʔ}	NOUN	shield (n.)
櫟	lì	lek	*rˁewk {*[r]ˁewk}		oak
權	quán	gjwen	*Cə.ɡror {*Cə.[ɡ]r[o]r}		weight of a steelyard
欒	luán	lwan	*mə.rˁon {*[m]ə.rˁon}		corners of the rim of an oval bell
欒	luán	lwan	*rˁon {*rˁo[n]}		emaciated, worn
欠	qiàn	khjomH	*kʰom-s {*[k]ʰ(r)om-s}		yawn
次	cì	tshijH	*s-n̥ij-s {*[s-n̥]i[j]-s}	VERB	lodge (v.)
次	cì	tshijH	*s-n̥ij-s {*[s-n̥]i[j]-s}		put in order; second
欢	huān	xwan	*qʷʰˁar		rejoice; joyous
欣	xīn	xjɨn	*qʰər		rejoice
欬	kài	khojH	*kʰˁək-s		cough
欱	hē	xop	*qʰˁəp {*qʰˁ[ə]p}		sip, drink
欲	yù	yowk	*ɢok {*ɢ(r)ok}	VERB	desire (v.)
欺	qī	khi	*kʰə {*kʰ(r)ə}	VERB	to deceive, cheat
欿	kǎn	khomX	*k-r̥ˁəmʔ		covet
欿	kǎn	khomX	*kʰˁomʔ {*[kʰ]ˁomʔ}		insufficient
欿	kǎn	khomX	*kʰˁomʔ {*[kʰ]ˁomʔ}		despondent
歆	xīn	xim	*qʰəm {*[qʰ](r)əm}		enjoy (fragrance)
歇	xiē	xjot	*qʰat	VERB	cease, rest (v.)
歈	yú	duw	*lˁo	NOUN	a kind of song
歌	gē	ka	*kˁaj {*[k]ˁaj}		sing, song
歎	tān	than	*n̥ˁar	VERB	to sigh
歙	xī	xip	*qʰəp {*qʰ(r)[ə]p}	VERB	contract (v.)
歡	huān	xwan	*qʷʰˁar		rejoice; joyous
止	zhǐ	tsyiX	*təʔ		foot; stop
正	zhēng	tsyeng	*C.teŋ		1st (month)
正	zhèng	tsyengH	*teŋ-s		correct (adj., v.)
此	cǐ	tshjeX	*tsʰeʔ {*[tsʰ]e(j)ʔ}	PRON	this
步	bù	buH	*mə-bˁa-s {*mə-[b]ˁa-s}		step
武	wǔ	mjuX	*maʔ {*m(r)aʔ}		military
歧	qí	gjie	*N-ke (dial.: no palatalization)		forked (road)
歲	suì	sjwejH	*s-qʷʰat-s		year
歷	lì	lek	*rˁek {*[r]ˁek}		pass by; in turn
歸	guī	kjwɨj	*kʷəj {*[k]ʷəj}	VERB	return (v.)
死	sǐ	sijX	*sijʔ	VERB	die (v.)
歿	mò	mwot	*mˁut	VERB	to dive, drown, die
殁	mò	mwot	*mˁut	VERB	to dive, drown, die
殃	yāng	ʔjang	*ʔaŋ	NOUN	calamity
殄	tiǎn	denX	*dˁənʔ {*[d]ˁə[n]ʔ}		cease; destroy
殆	dài	dojX	*lˁəʔ		danger
殉	xùn	zwinH	*s.ɢʷin-s {*s.[ɢ]ʷi[n]-s}		accompany in death
殊	shū	dzyu	*do {*[d]o}		die; different
残	cán	dzan	*dzˁan {*[dz]ˁa[n]}		injure; remnant
殖	zhí	dzyik	*N-tək	VERB	grow, flourish (v.)
殖	zhí	dzyik	*m-tək	VERB	plant (v.)
殘	cán	dzan	*dzˁan {*[dz]ˁa[n]}		injure; remnant
殣	jǐn	ginH	*ɡrər-s {*[ɡ]rə[r]-s}		die of starvation
殳	shū	dzyu	*do {*[d]o}	NOUN	a kind of lance
段	duàn	twanH	*tˁon-s {*tˁo[n]-s}		hammer
殷	yān	ʔɛn	*ʔˁrər {*ʔˁrə[r]}		dark-red
殷	yīn	ʔjɨn	*ʔər		(dynastic name)
殷	yīn	ʔjɨn	*ʔər {*ʔə[r]}		ample, many
殸	qìng	khengH	*C.qʰˁeŋ-s {*[C.qʰ]ˁeŋ-s}		hanging musical stone
殺	shā	srɛt	*s‹r›at		kill
殺	shài	srɛjH	*s‹r›at-s		diminish
殼	què	khæwk	*kʰˁrok {*[kʰ]ˁrok}		hollow shell, hollow
殿	diàn	denH	*dˁən-s {*[N-t]ˁə[n]-s}		palace
殿	diàn	tenH	*tˁən-s {*tˁə[n]-s}		rear (building, army unit)
毀	huǐ	xjweX	*m̥ajʔ {*[m̥](r)ajʔ}		demolish
毁	huǐ	xjweX	*m̥ajʔ {*[m̥](r)ajʔ}		demolish
毂	gǔ	kuwk	*kˁok {*[k]ˁok}		nave of a wheel
毋	wú	mju	*mo		do not
母	mǔ	muwX	*məʔ (? or *mˁoʔ)		mother
每	měi	mwojX	*mˁəʔ		each
毒	dú	dowk	*dˁuk {*[d]ˁuk}	NOUN	poison (n.)
毒	dú	dowk	*m-dˁuk-s {*m-[d]ˁuk-s}	VERB	to poison (v.)
毓	yù	yuwk	*m-quk	VERB	to produce
比	bǐ	pjijX	*C.pijʔ		compare
比	bì	pjijH	*pij-s		combine; all
毕	bì	pjit	*pit {*pi[t]}		wooden fork
毕	bì	pjit	*pit {*pi[t]}		bird-net
毕	bì	pjit	*pit {*pi[t]}	VERB	finish (v.)
毖	bì	pijH	*prit-s {*pri[t]-s}		cautious
毗	pí	bjij	*bij {*[b]ij}		assist
毙	bì	bjiejH	*bet-s {*[b]e[t]-s}		fall down (from wound or illness)
毛	máo	maw	*C.mˁaw		hair
毡	zhān	tsyen	*tan {*ta[n]}	NOUN	felt (n.)
毫	háo	haw	*ɡˁaw {*[ɡ]ˁaw}		fine animal hair
毳	cuì	tshjwejH	*tsʰop-s {*[tsʰ]op-s}		fine hair; felt
毳	cuì	tsrhjwejH	*tsʰ‹r›op-s {*[tsʰ]‹r›op-s}		down, fine hair
氈	zhān	tsyen	*tan {*ta[n]}	NOUN	felt (n.)
氏	shì	dzyeX	*k.deʔ		clan
氐	dī	tej	*tˁij		Western tribes
氐	dǐ	tejX	*tˁijʔ		bottom
民	mín	mjin	*miŋ {*mi[ŋ]}		people
氓	méng	mɛng	*mˁriŋ {*mˁr[i]ŋ}		population, people
气	qì	khjɨjH	*C.qʰəp-s		(inhaled thing:) breath, air, vapors
气	qì	khjɨjH	*kʰəp-s {*[k]ʰəp-s}		cloudy vapors
气	xì	xjɨjH	*qʰət-s	VERB	to present food
氣	qì	khjɨjH	*kʰəp-s {*[k]ʰəp-s}		cloudy vapors
氣	xì	xjɨjH	*qʰət-s	VERB	to present food
水	shuǐ	sywijX	*s.turʔ (E dialect *-r › *-j)		water; river
永	yǒng	hjwængX	*ɢʷraŋʔ {*[ɢ]ʷraŋʔ}		long (time)
汀	tīng	theng	*tʰˁeŋ		level land beside water
汁	zhī	tsyip	*t.kəp {*[t.k][ə]p}		juice
求	qiú	gjuw	*ɡu {*[ɡ](r)u}		seek
汉	hàn	xanH	*n̥ˁar-s (W dialect: *n̥- › x-, *-r › *-n)		(river name)
汋	yuè	yak	*m-qewk	VERB	ladle (v.)
汎	fàn	bjuwng	*bum {*[b](r)[u]m}		float about; universally
汗	hàn	hanH	*Cə.ɡˁar-s {*Cə.[ɡ]ˁa[r]-s}	NOUN	sweat (n.)
汙	wā	ʔwæ	*qʷˁra		impure
汝	rǔ	nyoX	*naʔ		you (sg.)
江	jiāng	kæwng	*kˁroŋ		(Yangzi) river
池	chí	drje	*Cə.lraj	NOUN	pool (n.)
污	wā	ʔwæ	*qʷˁra		impure, vile
汤	shāng	syang	*l̥aŋ		amply-flowing
汤	tāng	thang	*l̥ˁaŋ		hot liquid
汤	tāng	thang	*l̥ˁaŋ		(proper name:) founder of Shāng dynasty
汩	gǔ	kwot	*kˁut {*[k]ˁut}		regulate (rivers)
汪	wāng	ʔwang	*qʷˁaŋ		vast; pool
汰	dài	dajH	*lˁat-s {*lˁa[t]-s}		wave
汶	mén	mwon	*mˁən {*mˁə[n]}		dirty
決	jué	kwet	*kʷˁet {*[k]ʷˁet}		open a passage for a stream
決	jué	kwet	*kʷˁet {*[k]ʷˁet}		open; decide
沈	chén	drim	*lrəm {*[l]r[ə]m} ~ *m-lr[ə]m	VERB	sink (v.)
沈	chén	drim	*lrəm {*[l]r[ə]m}		sacrifice in which gifts are sunk in water
沈	chén	drimH	*lrəm-s {*[l]r[ə]m-s}		sacrifice in which gifts are sunk in water
沈	shěn	syimX	*l̥əmʔ {*[l̥][ə]mʔ}	ADJ	(name of a state)
沈	shěn	tsyhimX	*tʰəmʔ {*tʰ[ə]mʔ}		liquid
沍	hù	huH	*N-qˁaʔ-s		shut in, stop up
沓	tà	dop	*m-rˁəp		join, unite
沔	miǎn	mjienX	*m.nerʔ		richly flowing stream
沙	shā	sræ	*sˁraj {*[s]ˁraj}		sand
沟	gōu	kuw	*kˁo {*[k]ˁ(r)o}		irrigation canal
沮	jǔ	dzjoX	*dzaʔ {*[dz]aʔ}		stop, prevent
河	hé	ha	*C.ɡˁaj {*C.[ɡ]ˁaj}		river
沸	fèi	pjɨjH	*Nə.put-s {*Nə.p[u][t]-s}	VERB	boil (v.)
治	chí	dri	*C.lrə		regulate, arrange
治	zhì	driH	*lrə-s		regulate, arrange
沼	zhǎo	tsyewX	*tawʔ		pool
沾	zhān	trjem	*trem {*[t]rem}		moisten
沿	yán	ywen	*lon	ADJ	go along (a river); follow
況	kuàng	xjwangH	*m̥aŋ-s {*[m̥]aŋ-s}		how much the more
泄	xiè	sjet	*s-lat		leak, ooze
泄	xiè	yejH	*lat-s		leak, ooze
泅	qiú	zjuw	*s-N.ru {*[s-N].ru}		swim
泉	quán	dzjwen	*s-N-ɢʷar I!		spring, source
法	fǎ	pjop	*p.kap {*[p.k]ap}		model, law
泚	cǐ	tshjeX	*tsʰeʔ {*[tsʰ]e(j)ʔ}	ADJ	clear (adj.)
泛	fàn	phjomH	*pʰom-s {*pʰ(r)[o]m-s}	VERB	to float
泝	sù	suH	*s-ŋˁak-s		go against current
泣	qì	khip	*k-r̥əp		weep
泥	ní	nej	*C.nˁəj {*C.nˁ[əj]} (~ *nˁ[əj]ʔ)		mud
泥	ní	nej	*nˁəj {*nˁ[ə]j}		mud
泥	ní	nejH	*nˁər-s {*nˁər(ʔ)-s}		impeded, obstructed (Lunyu)
注	zhù	trjuH	*tro-s {*tro(ʔ)-s}	VERB	to conduct water
泯	mǐn	mjin	*min {*mi[n]}		destroy
泰	tài	thajH	*l̥ˁat-s {*l̥ˁa[t]-s}		great
泳	yǒng	hjwængH	*ɢʷraŋ-s {*[ɢ]ʷraŋ(ʔ)-s}		go in water, wade
泻	xiě	sjæX	*s-qʰaʔ {*s-qʰAʔ}	VERB	to drain off
泽	zé	dræk	*lˁrak		marsh; moisture
洁	jié	ket	*kˁet {*[k]ˁet}		pure, purify
洋	yáng	yang	*ɢaŋ {*ɢ(r)aŋ}		'great expanse of water'
洒	sǎ	srɛX	*C.s‹r›ərʔ	VERB	sprinkle (v.)
洒	sǎ	srɛjX	*C.s‹r›ərʔ		sprinkle
洒	sǎ	srjeX	*C.s‹r›ərʔ		sprinkle
洒	xǐ	sejX	*sˁərʔ {*[s]ˁərʔ}		wash
洗	xǐ	sejX	*sˁərʔ {*[s]ˁərʔ}		wash
洗	xiǎn	senX	*sˁərʔ (W dialect)		wash
洟	tì	thejH	*l̥ˁəj-s {*[l̥]ˁ[ə]j-s}		mucus from the nose
津	jīn	tsin	*tsin {*[ts]i[n]}	NOUN	ford (n.)
洧	wěi	hwijX	*ɢʷrəʔ {*[ɢ]ʷrəʔ}	PROPN	name of a river
洫	xù	xwik	*m̥ik {*m̥(r)ik}		channel; moat
洲	zhōu	tsyuw	*tu		islet
洳	rú	nyo	*na	PROPN	name of a river
洳	rù	nyoH	*na-s		wet ground
洽	qià	hɛp	*ɢˁ‹r›op {*[ɢ]ˁ‹r›[o]p}		accord with
洿	wū	ʔu	*qʷˁa		impure
流	liú	ljuw	*ru {*[r]u}	VERB	flow (v.)
浅	qiǎn	tshjenX	*tsʰenʔ {*[ts]ʰe[n]ʔ}		shallow
浆	jiāng	tsjang	*tsaŋ {*[ts]aŋ}	NOUN	drink (n.)
浊	zhuó	dræwk	*N-tˁrok		muddy
测	cè	tsrhik	*tsʰrək {*[tsʰ]rək}	VERB	fathom (v.)
浍	kuài	kwajH	*kˁop-s {*[k]ˁop-s}		watering channel, drain
济	jǐ	tsejX	*tsˁijʔ {*[ts]ˁijʔ}		numerous
济	jǐ	tsejX	*tsˁəjʔ {*[ts]ˁəjʔ}	ADV	stately
济	jì	tsejH	*tsˁij-s {*[ts]ˁ[i]j(ʔ)-s}		cross a stream; rescue
济	jì	tsejH	*tsˁij-s {*[ts]ˁ[i]j(ʔ)-s}		stop
浑	hún	hwon	*ɡˁur {*[ɡ]ˁur}		chaotic
浑	hún	hwonX	*ɡˁur {*[ɡ]ˁurʔ}		chaotic
浒	hǔ	xuX	*qʰˁaʔ		river bank
浥	yì	ʔip	*q‹r›ip		moist, moisten
浦	pǔ	phuX	*pʰˁaʔ		river bank
浩	hào	hawX	*ɡˁuʔ {*[ɡ]ˁuʔ}		vast
浪	láng	lang	*rˁaŋ {*[r]ˁaŋ}	ADJ	(name of a river)
浮	fú	bjuw	*m.bu {*m.b(r)u}	VERB	float (v.)
海	hǎi	xojX	*m̥ˁəʔ (dial. *m̥ˁ- › x-)		sea
涂	tú	du	*lˁa	VERB	to plaster
涂	tú	du	*lˁa		path
涂	tú	du	*lˁa		road
消	xiāo	sjew	*sew {*[s]ew}		dissolve; disappear
涕	tì	thejH	*l̥ˁəjʔ-s {*[l̥]ˁ[ə]jʔ-s}	NOUN	tears (n.)
涕	tì	thejX	*l̥ˁəjʔ {*[l̥]ˁ[ə]jʔ}	NOUN	tears (n.)
涟	lián	ljen	*ran {*[r]a[n]}		ripple; drip
涣	huàn	xwanH	*qʷʰˁan-s {*qʷʰˁa[n]-s}		amply-flowing
涤	dí	dek	*lˁiwk	VERB	wash, clean (v.)
涧	jiàn	kænH	*kˁran-s {*[k]ˁra[n]-s}		stream in a ravine
涯	yá	ngɛ	*ŋˁrar		river bank; limit
液	yè	yek	*N.rak {*N.rAk}		fluid
涵	hán	hom	*ɡˁom {*[ɡ]ˁ[o]m}		soak, overflow
涼	liáng	ljang	*C.raŋ		cold
淋	lín	lim	*rəm {*[r][ə]m}		pour
淑	shū	dzyuwk	*diwk {*[d]iwk}		fine, good
淢	xù	xwik	*m̥ik {*m̥(r)ik}		channel; moat
淨	jìng	dzjengH	*N-tseŋ-s	ADJ	clean (adj.)
淨	jìng	dzjengH	*m-tseŋ-s	VERB	cleanse (v.t.)
淫	yín	yim	*N.rəm {*N.r[ə]m}		excess
淬	cuì	tshwojH	*tsʰˁut-s {*[tsʰ]ˁu[t]-s}		dip into a fluid
淮	huái	hwɛj	*ɡʷˁrij {*[ɡ]ʷˁrij}	ADJ	(name of a river)
深	shēn	syim	*l̥əm {*[l̥][ə]m}		deep
深	shēn	syimH	*l̥əm-s {*[l̥][ə]m-s}		depth
淳	chún	dzywin	*dur {*[d]ur}	NOUN	a pair
淳	chún	dzywin	*dur {*[d]ur}		simple, unadorned
淳	chún	dzywin	*dur {*[d]ur}		ample
淳	zhūn	tsywin	*tur		moisten
淳	zhǔn	tsywinX	*turʔ		measure of breadth (of cloth)
淵	yuān	ʔwen	*ʔʷˁin {*[ʔ]ʷˁi[n]}		abyss
淹	yān	ʔjem	*ʔom {*ʔ(r)om}		submerge, soak
淺	qiǎn	tshjenX	*tsʰenʔ {*[ts]ʰe[n]ʔ}		shallow
清	qīng	tshjeng	*tsʰeŋ	ADJ	clear (adj.)
渊	yuān	ʔwen	*ʔʷˁin {*[ʔ]ʷˁi[n]}		abyss
渐	jiān	tsjem	*tsam {*[ts]am}		moisten
渐	jiàn	dzjemX	*dzamʔ {*[dz]amʔ}	ADV	gradually; advance
渔	yú	ngjo	*ŋa {*[ŋ](r)a}	VERB	to fish
渙	huàn	xwanH	*qʷʰˁan-s {*qʷʰˁa[n]-s}		amply-flowing
渚	zhǔ	tsyoX	*taʔ		islet
渝	yú	yu	*lo	VERB	change (v.)
渠	qú	gjo	*ɡa {*[ɡ](r)a}		canal
温	wēn	ʔwon	*ʔˁun		warm; gentle
測	cè	tsrhik	*tsʰrək {*[tsʰ]rək}	VERB	fathom (v.)
渴	kě	khat	*Nə-kʰˁat		thirsty
游	yóu	yuw	*N-ru {*[N-]ru}		float, swim
渺	miǎo	mjiewX	*mewʔ {*[m]ewʔ}		vast (of water)
渾	hún	hwon	*ɡˁur {*[ɡ]ˁur}		chaotic
渾	hún	hwonX	*ɡˁur {*[ɡ]ˁurʔ}		chaotic
湎	miǎn	mjienX	*menʔ		sink in (wine)
湑	xǔ	sjoX	*s-raʔ (dial. › s-)	VERB	to strain (spirits)
湯	shāng	syang	*l̥aŋ		amply-flowing
湯	tāng	thang	*l̥ˁaŋ		hot liquid
湯	tāng	thang	*l̥ˁaŋ		(proper name:) founder of Shāng dynasty
湿	shī	syip	*qʰip {*[qʰ]ip}	VERB	to flap (sc. the ears)
溃	kuì	hwojH	*ɡʷˁəj-s {*[ɡʷ]ˁ[ə]j-s}		break through an embankment (of water)
溉	gài	kojH	*kˁət-s {*[k]ˁə[t]-s}	VERB	to wash
準	zhǔn	tsywinX	*turʔ		water-level
溝	gōu	kuw	*kˁo {*[k]ˁ(r)o}		irrigation canal
溢	yì	yit	*N-qik {*N-q(r)ik}		overflow
溪	xī	khej	*kʰˁe		valley with stream in it
溫	wēn	ʔwon	*ʔˁun		warm; gentle
溺	nì	nek	*nˁewk	VERB	to sink
溺	niào	newH	*kə.nˁewk-s		urine
溼	shī	syip	*s-qʰip {*s-[qʰ][i]p}		low wet ground
滅	miè	mjiet	*met		destroy
滋	zī	tsi	*tsə {*[ts]ə}		abundant
滌	dí	dek	*lˁiwk	VERB	wash, clean (v.)
滑	huá	hwɛt	*Nə-ɡˁrut		slippery
滔	tāo	thaw	*l̥ˁu		rushing water
滩	tān	than	*n̥ˁar (E dial.: *n̥ˁ- › th-)		foreshore
滸	hǔ	xuX	*qʰˁaʔ		river bank
漁	yú	ngjo	*ŋa {*[ŋ](r)a}	VERB	to fish
漏	lòu	luwH	*Nə-rˁok-s {*[Nə-r]ˁok-s}	VERB	leak (v.)
演	yǎn	yenX	*lerʔ {*[ɢ][a][r]ʔ}		flow out, extend
漢	hàn	xanH	*n̥ˁar-s (W dialect: *n̥- › x-, *-r › *-n)		(river name)
漣	lián	ljen	*ran {*[r]a[n]}		ripple; drip
漫	màn	manH	*mˁan-s {*mˁa[n]-s}		wide, limitless
漱	shù	srjuwH	*m-srok-s		wash
漸	jiān	tsjem	*tsam {*[ts]am}		moisten
漸	jiàn	dzjemX	*dzamʔ {*[dz]amʔ}	ADV	gradually; advance
漿	jiāng	tsjang	*tsaŋ {*[ts]aŋ}	NOUN	drink (n.)
潔	jié	ket	*kˁet {*[k]ˁet}		pure, purify
潛	qián	dzjem	*dzom {*[dz][o]m}		go under water
潛	qián	dzjemH	*dzom-s {*[dz][o]m-s}	VERB	to hide; secretly
潜	qián	dzjem	*dzom {*[dz][o]m}		go under water
潜	qián	dzjemH	*dzom-s {*[dz][o]m-s}	VERB	to hide; secretly
潟	xì	sjek	*s-qʰak {*s-qʰAk}		salty soil
潨	zhōng	dzowng	*N-s-tˁuŋ		junction of two rivers
潨	zhōng	tsyuwng	*tuŋ		junction of two rivers
潭	tán	dom	*C.lˁəm {*C.lˁ[ə]m}		deep, pond
潮	cháo	drjew	*N-t‹r›aw {*[N]-t‹r›aw}		morning tide
潰	kuì	hwojH	*ɡʷˁəj-s {*[ɡʷ]ˁ[ə]j-s}		break through an embankment (of water)
澄	chéng	dring	*drəŋ {*[d]rəŋ}		limpid, clear
澗	jiàn	kænH	*kˁran-s {*[k]ˁra[n]-s}		stream in a ravine
澡	zǎo	tsawX	*mə-tsˁawʔ	VERB	wash (v.)
澤	zé	dræk	*lˁrak		marsh; moisture
澮	kuài	kwajH	*kˁop-s {*[k]ˁop-s}		watering channel, drain
澳	ào	ʔawH	*ʔˁuk-s		bay, cove
澹	dàn	damX	*lˁamʔ {*[l]ˁamʔ}		calm
激	jī	kek	*kˁewk {*[k]ˁewk}		dam up and cause to rush up (of water)
濁	zhuó	dræwk	*N-tˁrok		muddy
濈	jí	tsrip	*s.q‹r›ip {*s.q‹r›[i]p}		crowded together
濊	huò	xwat	*qʷʰˁat		sound of water
濑	lài	lajH	*C.rˁat-s {*C.rˁa[t]-s}		rapids
濕	shī	syip	*qʰip {*[qʰ]ip}	VERB	to flap (sc. the ears)
濟	jǐ	tsejX	*tsˁijʔ {*[ts]ˁijʔ}		numerous
濟	jǐ	tsejX	*tsˁəjʔ {*[ts]ˁəjʔ}	ADV	stately
濟	jì	tsejH	*tsˁij-s {*[ts]ˁ[i]j(ʔ)-s}		cross a stream; rescue
濟	jì	tsejH	*tsˁij-s {*[ts]ˁ[i]j(ʔ)-s}		stop
濡	rú	nyu	*no		wet, glossy
濯	zhào	dræwH	*lˁrewk-s		wash clothes
濯	zhuó	dræwk	*lˁrewk		wash
瀉	xiě	sjæX	*s-qʰaʔ {*s-qʰAʔ}	VERB	to drain off
瀋	shěn	tsyhimX	*tʰəmʔ {*tʰ[ə]mʔ}		liquid
瀑	bào	buwk	*bˁawk {*[b]ˁawk}		waterfall?
瀡	suǐ	sjweH	*s-loj-s		slippery
瀨	lài	lajH	*C.rˁat-s {*C.rˁa[t]-s}		rapids
瀰	mǐ	mejX	*m.nˁerʔ	ADJ	a rich and full flow (of a river)
灋	fǎ	pjop	*pap {*p(r)ap}		model, law
灑	sǎ	srɛX	*C.s‹r›ərʔ	VERB	sprinkle (v.)
灑	sǎ	srjeX	*C.s‹r›ərʔ		sprinkle
灘	tān	than	*n̥ˁar (E dial.: *n̥ˁ- › th-)		foreshore
火	huǒ	xwaX	*qʷʰˁəjʔ {*[qʷʰ]ˁəjʔ}		fire
灭	miè	mjiet	*met		destroy
灯	dēng	tong	*k-tˁəŋ		lamp
灵	líng	leng	*rˁeŋ {*[r]ˁeŋ}		supernatural
灸	jiǔ	kjuwX	*kʷəʔ {*[k]ʷəʔ}		cauterize by burning tinder
災	zāi	tsoj	*tsˁə {*[ts]ˁə}	NOUN	calamity
灾	zāi	tsoj	*tsˁə {*[ts]ˁə}	NOUN	calamity
灾	zāi	tsoj	*tsˁə {*[ts]ˁə}	NOUN	calamity
炉	lú	lu	*rˁa {*[r]ˁa}		stove
炙	zhì	tsyæH	*tak-s {*tAk-s}		roast, broil
炙	zhì	tsyek	*tak {*tAk}		roast, broil
炤	zhào	tsyewH	*taw-s		shine on
炭	tàn	thanH	*tʰˁan-s {*[tʰ]ˁa[n]-s}		charcoal, coal
点	diǎn	temX	*tˁemʔ		black spot
為	wéi	hjwe	*ɢʷaj {*ɢʷ(r)aj}		make, do, act as
為	wèi	hjweH	*ɢʷaj-s {*[ɢ]ʷ(r)aj-s}	ADP	for, because
炽	chì	tsyhiH	*tʰək-s		blaze
烁	shuò	syak	*r̥ewk (dial. *r̥- › x-, palatalizing)		melt, infuse
烁	shuò	syak	*r̥ewk (dial. *r̥- › x-, palatalizing)	VERB	shine (v.)
烂	làn	lanH	*rˁan-s {*[r]ˁan-s}		cooked until soft
烈	liè	ljet	*rat {*[r]at}		blazing; brilliant
烏	wū	ʔu	*qˁa		crow, raven; black
烏	wū	ʔu	*ʔˁa {*[ʔ]ˁa}		oh!
烕	xuè	xjwiet	*m̥et		extinguish, destroy
烖	zāi	tsoj	*tsˁə {*[ts]ˁə}	NOUN	calamity
烜	huǐ	xjweX	*qʷʰarʔ (dial. *-r › *-j)		sunlight
烝	zhēng	tsying	*təŋ	VERB	to rise (of steam); steam (v.t.)
烟	yān	ʔen	*qˁin {*[q]ˁi[n]}		vapor, smoke
烟	yān	ʔen	*qˁin {*[q]ˁi[n]}		smoke
烦	fán	bjon	*ban {*[b]a[n]}		troubled
烧	shāo	syew	*ŋ̊ew {*[ŋ̊]ew}		burn
烬	jìn	dzinH	*dzin-s {*[dz]i[n](ʔ)-s}		ashes, combusted
热	rè	nyet	*C.nat (or *C.ŋet?)		hot
烹	pēng	phæng	*p.qʰˁraŋ {*[p.qʰ]ˁraŋ}	VERB	boil (v.)
焉	yān	ʔjen	*ʔan {*ʔa[n]}		how
焉	yān	hjen	*ʔan {*([ʔ])a[n]} (atonic)		(3p locative pronoun)
焞	tūn	thwoj	*tʰˁur		ample
焞	tūn	thwon	*tʰˁur		dim starlight
焠	cuì	tshwojH	*tsʰˁut-s {*[tsʰ]ˁu[t]-s}		burn
無	wú	mju	*ma		not have
焫	ruò	nywet	*not		hot, burning; to burn
然	rán	nyen	*nan {*[n]a[n]}		so, thus; (adv suffix)
煁	chén	dzyim	*dəm {*[d][ə]m}		small furnace
煇	huī	xjwɨj	*qʷʰər		brilliant
煌	huáng	hwang	*ɢʷˁaŋ {*[ɢ]ʷˁaŋ}		brilliant
煑	zhǔ	tsyoX	*taʔ		boil, cook
煙	yān	ʔen	*qˁin {*[q]ˁi[n]}		smoke
照	zhào	tsyewH	*taw-s		shine on
煩	fán	bjon	*ban {*[b]a[n]}		troubled
煮	zhǔ	tsyoX	*taʔ {*(C.)taʔ}		boil, cook
熄	xī	sik	*sək		extinguish
熊	xióng	hjuwng	*C.ɢʷəm {*C.[ɢ]ʷ(r)əm}	NOUN	bear (n.)
熏	xūn	xjun	*qʰun {*qʰu[n]}	VERB	to smoke; vapor, odor
熒	yíng	hweng	*N-qʷˁeŋ {*[N]-qʷˁeŋ}		dazzle
熙	xī	xi	*qʰə {*qʰ(r)ə}		splendor
熟	shú	dzyuwk	*duk {*[d]uk}		cooked, ripe
熬	áo	ngaw	*ŋˁaw	VERB	fry, roast (v.)
熱	rè	nyet	*C.nat (or *C.ŋet?)		hot
熸	jiān	tsjem	*tsom {*ts[o]m}		extinguish
熹	xī	xi	*qʰə {*qʰ(r)ə}		shine
熾	chì	tsyhiH	*tʰək-s		blaze
燂	qián	zjem	*sə-lom		heat; roast; boil (meat)
燂	xún	dom	*lˁom	VERB	to heat
燃	rán	nyen	*C.nan {*C.na[n]}		burn
燈	dēng	tong	*k-tˁəŋ		lamp
燒	shāo	syew	*ŋ̊ew {*[ŋ̊]ew}		burn
燔	fán	bjon	*bar {*[b]ar}		burn, roast
燕	yàn	ʔenH	*ʔˁen-s {*ʔˁe[n]-s}	NOUN	swallow (n.)#
燕	yàn	ʔenH	*ʔˁen-s {*ʔˁe[n]-s}		feast
營	yíng	yweng	*ɢʷeŋ {*[ɢ]ʷeŋ}		demarcate, encamp
燥	sào	sawH	*C.sˁawʔ-s		dry
燥	zào	sawX	*C.sˁawʔ		dry
燼	jìn	dzinH	*dzin-s {*[dz]i[n](ʔ)-s}		ashes, combusted
燿	yào	yewH	*lewk-s		shine
爇	ruò	nywet	*not	VERB	to burn
爍	shuò	syak	*r̥ewk (dial. *r̥- › x-, palatalizing)		melt, infuse
爍	shuò	syak	*r̥ewk (dial. *r̥- › x-, palatalizing)	VERB	shine (v.)
爐	lú	lu	*rˁa {*[r]ˁa}		stove
爓	xún	zim	*sə-ləm {*[sə-l][ə]m}		sacrifice of boiled meat
爓	yàn	yemH	*ɢom-s {*[ɢ]om-s}	NOUN	brightness
爛	làn	lanH	*rˁan-s {*[r]ˁan-s}		cooked until soft
爤	làn	lanH	*rˁan-s {*[r]ˁan-s}		cooked until soft
爪	zhǎo	tsræwX	*[ts]ˁruʔ		claw
爭	zhēng	tsrɛng	*tsˁreŋ {*[ts]ˁreŋ} ~ m-tsˁreŋ (or mə-tsˁreŋ)		strife, quarrel
爰	yuán	hjwon	*ɢʷan {*ɢʷa[n]}		thereupon
爱	ài	ʔojH	*qˁəp-s {*[q]ˁəp-s}	VERB	to love; to grudge (‹ ‘draw close to oneself’?)
爵	jué	tsjak	*tsewk {*[ts]ewk}		nobility, rank
父	fǔ	pjuX	*paʔ {*p(r)aʔ}		(respectful suffix in male names)
父	fù	bjuX	*N-paʔ {*[N-p](r)aʔ}		father
爻	yáo	hæw	*N-kˁraw		change; hexagram
爻	yáo	hæw	*N-kˁraw		change; hexagram
爾	ěr	nejX	*nˁeʔ {*nˁe(j)ʔ}		numerous
爾	ěr	nyeX	*neʔ {*ne(j)ʔ}	ADV	(adv. suffix)
爾	ěr	nyeX	*neʔ {*ne(j)ʔ}		you(r)
牀	chuáng	dzrjang	*k.dzraŋ		bed
片	piàn	phenH	*pʰˁen-s {*pʰˁe[n]-s}		half; partial
牍	dú	duwk	*ˁok {*lˁok}		tablet
牖	yǒu	yuwX	*luʔ {*[l]uʔ}		window
牘	dú	duwk	*ˁok {*lˁok}		tablet
牙	yá	ngæ	*m-ɢˁ‹r›a		tooth
牛	niú	ngjuw	*ŋʷə {*[ŋ]ʷə} (‹ uvular?)		ox
牝	pìn	bjijX	*birʔ {*[b]irʔ} (dial. *-r › *-j)		female of animals
牝	pìn	bjinX	*birʔ {*[b]irʔ}		female of animals
牡	mǔ	muwX	*muʔ		male
牧	mù	mjuwk	*mək	VERB	to herd, herdsman
物	wù	mjut	*C.mut		thing
牵	qiān	khen	*kʰˁin {*[k]ʰˁi[n]}		pull, lead, drag
牵	qiān	khen	*kʰˁin {*[k]ʰˁi[n]}		pull, lead, drag
特	tè	dok	*dˁək {*[d]ˁək}		bull
牺	xī	xje	*ŋ̊aj {*ŋ̊(r)a[j]}		sacrificial animal
牼	kēng	hɛng	*m-kʰˁ‹r›eŋ		shank bone
牼	kēng	khɛng	*kʰˁ‹r›eŋ		shank bone
牽	qiān	khen	*kʰˁin {*[k]ʰˁi[n]}		pull, lead, drag
牽	qiān	khen	*kʰˁin {*[k]ʰˁi[n]}		pull, lead, drag
犀	xī	sej	*s.lˁəj		rhinoceros
犁	lí	lij	*rij {*[r][i]j}		plough (n., v.)
犆	tè	dok	*dˁək {*[d]ˁək}		single
犊	dú	duwk	*lˁok		calf
犒	kào	khawH	*kʰˁaw-s {*[kʰ]ˁaw-s}		remunerate (soldiers) with food
犗	jiè	kæjH	*kˁrat-s		castrate
犢	dú	duwk	*lˁok		calf
犧	xī	xje	*ŋ̊aj {*ŋ̊(r)a[j]}		sacrificial animal
犬	quǎn	khwenX	*kʷʰˁenʔ {*[k]ʷʰˁ[e][n]ʔ}		dog
状	zhuàng	dzrjangH	*dzraŋ-s {*[dz]raŋ-s}		form, appearance
犹	yóu	yuw	*ɢu {*[ɢ(r)]u}		still, yet
犹	yóu	yuw	*ɢu {*[ɢ(r)]u}		similar
狀	zhuàng	dzrjangH	*dzraŋ-s {*[dz]raŋ-s}		form, appearance
狂	kuáng	gjwang	*k-ɢʷaŋ {*[k-ɢʷ]aŋ}		mad, reckless
狃	niǔ	nrjuwX	*Cə.n‹r›uʔ		animal tracks
狄	dí	dek	*lˁek	ADJ	(name of a northern tribe)
狊	jú	kwek	*kʷˁek	PROPN	place name
狎	xiá	hæp	*ɡˁrap {*[ɡ]ˁr[a]p}		disrespectful
狐	hú	hu	*ɡʷˁa {*[ɡ]ʷˁa}		fox
狗	gǒu	kuwX	*Cə.kˁroʔ {*Cə.[k]ˁroʔ}		dog
狝	xiǎn	sjenX	*s.nerʔ {*s.[n]e[r]ʔ}		autumnal hunt
狩	shòu	syuwH	*s.tuʔ-s	VERB	to hunt
独	dú	duwk	*dˁok {*[d]ˁok}		alone; only
狭	xiá	hɛp	*N-kˁ‹r›ep		narrow
狱	yù	ngjowk	*ŋrok {*[ŋ]rok}		trial, lawsuit
狶	xǐ	xjɨjX	*qʰəjʔ		swine
狹	xiá	hɛp	*N-kˁ‹r›ep		narrow
狼	láng	lang	*rˁaŋ {*[r]ˁaŋ}		wolf
狾	zhì	tsyejH	*ket-s {*ke[t]-s}		mad (dog)
猎	liè	ljep	*rap {*r[a]p}		hunt
猘	jì	kjejH	*k‹r›et-s {*k‹r›e[t]-s}		mad (dog)
猨	yuán	hjwon	*ɢʷan {*[ɢ]ʷa[n]}		monkey
猪	zhū	trjo	*tra		pig
猫	māo	mæw	*C.mˁraw		cat
猬	wèi	hjwɨjH	*ɢʷət-s {*[ɢ]ʷə[t]-s}		porcupine
献	xiàn	sa	*s-ŋˁar		offer, present
献	xiàn	xjonH	*ŋ̊ar-s		offer, present
猱	náo	naw	*nˁu	NOUN	a kind of monkey
猴	hóu	huw	*mə-ɡˁo {*mə-ɡˁ(r)o}		monkey
猶	yóu	yuw	*ɢu {*[ɢ(r)]u}		still, yet
猶	yóu	yuw	*ɢu {*[ɢ(r)]u}		similar
猾	huá	hwɛt	*ɡˁrut {*[ɡ]ˁrut}		crafty
猾	huá	hwɛt	*m-kˁrut		disturb, trouble
獄	yù	ngjowk	*ŋrok {*[ŋ]rok}		trial, lawsuit
獐	zhāng	tsyang	*taŋ		fallow-deer
獨	dú	duwk	*dˁok {*[d]ˁok}		alone; only
獭	tǎ	that	*r̥ˁat		otter
獮	xiǎn	sjenX	*s.nerʔ {*s.[n]e[r]ʔ}		autumnal hunt
獲	huò	hwɛk	*m-qʷˁrak	VERB	catch (v.)
獵	liè	ljep	*rap {*r[a]p}		hunt
獶	náo	naw	*nˁu	NOUN	a kind of monkey
獸	shòu	syuwH	*s.tu-s {*s.tu(ʔ)-s}		(wild) animal
獺	tǎ	that	*r̥ˁat		otter
獻	xiàn	sa	*s-ŋˁar		offer, present
獻	xiàn	xjonH	*ŋ̊ar-s		offer, present
玄	xuán	hwen	*ɢʷˁin {*[ɢ]ʷˁi[n]}		dark
率	lǜ	lwit	*rut {*[r]ut}		norm, standard
率	shuài	srwijH	*s-rut-s	VERB	lead (v.); commander
率	shuài	srwit	*s-rut		follow, go along
玉	yù	ngjowk	*ŋok {*[ŋ](r)ok} (‹ uvular?)		jade
王	wáng	hjwang	*ɢʷaŋ		king
王	wàng	hjwangH	*ɢʷaŋ-s	VERB	be king
玩	wàn	ngwanH	*ŋˁon-s {*[ŋ]ˁo[n]-s}		plaything
环	huán	hwæn	*C.ɢʷˁren	NOUN	ring (n.)
现	xiàn	henH	*N-kˁen-s {*N-[k]ˁen-s}		appear
玷	diàn	temH	*tˁemʔ-s		black spot, flaw
玷	diàn	temX	*tˁemʔ		black spot
玺	xǐ	sjeX	*s.nerʔ {*s.[n]e[r]ʔ}	NOUN	seal (n.)
珉	mín	min	*mrən {*mr[ə][n]}	NOUN	a kind of precious stone
珍	zhēn	trin	*trən {*trə[n]}		precious thing
現	xiàn	henH	*N-kˁen-s {*N-[k]ˁen-s}		appear
球	qiú	gjuw	*Cə.ɡu {*Cə.[ɡ](r)[u]}		'ball'?
琅	láng	lang	*rˁaŋ {*[r]ˁaŋ}	ADJ	(a kind of precious stone)
理	lǐ	liX	*mə.rəʔ		reason; principle
理	lǐ	liX	*rəʔ {*([m]ə.)rəʔ}		cut jade; regulate
琐	suǒ	swaX	*sˁojʔ {*[s]ˁojʔ}		chain
琐	suǒ	swaX	*sˁojʔ {*[s]ˁojʔ}		small, fragment
琭	lù	luwk	*rˁok {*(p.)rˁok}		precious stone
琴	qín	gim	*C.ɢəm {*[C.ɢ](r)[ə]m}		lute
瑕	xiá	hæ	*ɡˁra {*[ɡ]ˁra}		flaw, blemish
瑟	sè	srit	*s.mrit {*[s.m]ri[t]}		lute
瑣	suǒ	swaX	*sˁojʔ {*[s]ˁojʔ}		chain
瑣	suǒ	swaX	*sˁojʔ {*[s]ˁojʔ}		small, fragment
瑰	guī	kwoj	*kˁuj {*[k]ˁuj}	NOUN	kind of precious stone
瑳	cuǒ	tshaX	*tsʰˁarʔ		white and brilliant
璊	mén	mwon	*mˁur		red gem
璧	bì	pjiek	*pek		circular jade insignium
環	huán	hwæn	*C.ɢʷˁren	NOUN	ring (n.)
璽	xǐ	sjeX	*s.nerʔ {*s.[n]e[r]ʔ}	NOUN	seal (n.)
瓜	guā	kwæ	*kʷˁra		melon, gourd
瓢	piáo	bjiew	*bew {*(Cə.)[b]ew}		gourd
瓦	wǎ	ngwæX	*C.ŋʷˁrajʔ {*C.ŋʷˁra[j]ʔ}		roof tile
瓬	fǎng	pjangX	*paŋʔ		pottery
瓮	wèng	ʔuwngH	*qˁoŋ-s		earthen jar
甄	zhēn	tsyin	*t.qin {*t.qi[n]}		potter's wheel
甑	zèng	tsingH	*S-təŋ-s		boiler for steaming rice
甕	wèng	ʔuwngH	*qˁoŋ-s {*[q]ˁoŋ-s}		earthen jar
甗	yǎn	ngjenH	*ŋar-s {*ŋ(r)ar-s}		boiler
甗	yǎn	ngjon	*ŋar		boiler
甘	gān	kam	*kˁam {*[k]ˁ[a]m}		sweet
甚	shèn	dzyimH	*t.ɢəmʔ-s {*[t.ɢ][ə]mʔ-s}		excessive
甚	shèn	dzyimX	*t.ɢəmʔ {*[t.ɢ][ə]mʔ}		excessive, very
生	shēng	sræng	*N-sreŋ		fresh, raw
生	shēng	sræng	*sreŋ		bear, be born; live
生	shēng	srjæng	*sreŋ		bear, be born; live
產	chǎn	srɛnX	*s-ŋrarʔ	VERB	bear (v.), produce
甥	shēng	sræng	*s.reŋ		SiSo or SiDa; DaHu
用	yòng	yowngH	*m.loŋ-s	VERB	use (v.)
甫	fǔ	pjuX	*paʔ {*p(r)aʔ}		begin
甫	fǔ	pjuX	*praʔ		great
甯	níng	neng	*nˁeŋ		peace
田	tián	den	*lˁiŋ		field; to hunt
由	yóu	yuw	*lu {*l[u]}		follow; from
甲	jiǎ	kæp	*kˁrap {*[k]ˁr[a]p}		1st heavenly stem; shell
申	shēn	syin	*l̥in {*l̥i[n]}		9th earthly branch
电	diàn	denH	*lˁin-s {*lˁi[n]-s}		lightning
男	nán	nom	*nˁəm {*nˁ[ə]m}		man, male
甸	diàn	denH	*lˁiŋ-s		open space outside city
甹	pīng	pheng	*p.l̥ˁeŋ {*[p.l̥]ˁeŋ}		frank words (SW)
町	tǐng	thengX	*tʰˁeŋʔ		then(g)X.thwanX 'trampled (field)
畀	bì	pjijH	*pik-s {*pi[k]-s}		give
畋	diàn	denH	*lˁiŋ-s		cultivate a field
畋	tián	den	*lˁiŋ		hunt
界	jiè	kɛjH	*kˁret-s {*kˁr[e][t]-s}		boundary
畏	wèi	ʔjwɨjH	*ʔuj-s	VERB	fear (v.)
畐	fú	bjuwk	*bək {*[b]ək}	NOUN	fullness
畔	pàn	banH	*m-pˁan-s		bank between fields
留	liú	ljuw	*C.ru		stay, remain
畛	zhěn	tsyinX	*tənʔ {*tə[n]ʔ}		path between fields
畜	chù	trhjuwH	*qʰ‹r›uk-s		nourish
畜	chù	trhjuwk	*qʰ‹r›uk		nourish
畜	xù	xjuwH	*qʰuk-s		nourish
畜	xù	xjuwk	*qʰuk		nourish
畝	mǔ	muwX	*məʔ (‹ *mˁoʔ?)		Chinese acre
畢	bì	pjit	*pit {*pi[t]}		wooden fork
畢	bì	pjit	*pit {*pi[t]}		bird-net
畢	bì	pjit	*pit {*pi[t]}	VERB	finish (v.)
略	lüè	ljak	*rak {*[r]ak}		draw a boundary; outline
番	bō	pa	*pˁar		martial
番	fān	phjon	*pʰar	NOUN	a turn, a time
畫	huà	hwɛH	*C-ɡʷˁrek-s	NOUN	drawing (n.)
畫	huà	hwɛk	*ɡʷˁrek	VERB	draw (v.)
畮	mǔ	muwX	*məʔ		Chinese acre
異	yì	yiH	*ɢək-s {*[ɢ]ək-s}		different
畴	chóu	drjuw	*dru {*[d]ru}		in the past, yesterday
畴	chóu	drjuw	*dru {*[d]ru}		plowed field
當	dāng	tang	*tˁaŋ	VERB	match (v.)
當	dàng	tangH	*tˁaŋ-s		suitable
畺	jiāng	kjang	*kaŋ		boundary, limit
畽	tuǎn	thwanX	*tʰˁonʔ		then(g)X.thwanX 'trampled (field)
疆	jiāng	kjang	*kaŋ		boundary
疇	chóu	drjuw	*dru {*[d]ru}		in the past, yesterday
疇	chóu	drjuw	*dru {*[d]ru}		plowed field
疋	shū	srjo	*sra		foot
疎	shū	srjo	*sra		wide apart
疏	shū	srjo	*sra		wide apart
疐	zhì	trijH	*t-lrit-s {*[t-l]ri[t]-s}	VERB	slip (v.)
疑	yí	ngi	*ŋə {*[ŋ](r)ə} (‹ uvular)		doubt
疛	zhǒu	trjuwX	*truʔ {*[t]ruʔ}		pain in the intestines
疡	yáng	yang	*laŋ {*[l]aŋ}		sore, ulcer
疥	jiè	kɛjH	*kˁrep-s {*kˁr[e]p-s}		scabby disease
疫	yì	ywek	*ɢʷek		epidemic
疮	chuāng	tsrhjang	*tsʰraŋ {*[tsʰ]raŋ}		boil, tumor
疹	zhèn	trhinH	*tʰrən-s {*tʰrə[n]-s}		fever
疾	jí	dzit	*dzit {*[dz]i[t]}	NOUN	sickness
病	bìng	bjængH	*braŋ-s {*[b]raŋ-s}		extreme illness
痈	yōng	ʔjowng	*qoŋ {*q(r)oŋ}		ulcer
痒	yáng	yang	*ɢaŋ {*[ɢ](r)aŋ}		disease; suffer
痒	yáng	zjang	*s-ɢaŋ {*s-[ɢ]aŋ}		disease; harm
痒	yǎng	yangX	*Cə.ɢaŋʔ		itch
痛	tòng	thuwngH	*l̥ˁoŋ-s	VERB	to be pained
痡	pū	phju	*pʰa {*pʰ(r)a}		suffering, exhausted
痡	pū	phu	*pʰˁa		suffering, exhausted
痼	gù	kuH	*kˁa-s {*[k]ˁa-s}		chronic (of illness)
瘃	zhú	trjowk	*trok {*[t]rok}		chilblain
瘈	jì	kjiejH	*ket-s {*ke[t]-s} (dial. › k-)		mad (dog)
瘈	zhì	tsyejH	*ket-s {*ke[t]-s}		mad (dog)
瘍	yáng	yang	*laŋ {*[l]aŋ}		sore, ulcer
瘏	tú	du	*dˁa {*[d]ˁa}		fatigued, disabled
瘡	chuāng	tsrhjang	*tsʰraŋ {*[tsʰ]raŋ}		boil, tumor
瘳	chōu	trhjuw	*r̥iw		recover
癙	shǔ	syoX	*l̥aʔ {*[l̥]aʔ}		hidden suffering
癢	yǎng	yangX	*Cə.ɢaŋʔ		itch
癣	xuǎn	sjenX	*sarʔ {*[s]arʔ}		ringworm
癬	xuǎn	sjenX	*sarʔ {*[s]arʔ}		ringworm
癰	yōng	ʔjowng	*qoŋ {*q(r)oŋ}		ulcer
癸	guǐ	kjwijX	*kʷijʔ		10th heavenly stem
登	dēng	tong	*k-tˁəŋ	NOUN	a kind of sacrificial vessel
登	dēng	tong	*tˁəŋ		ascend
發	fā	pjot	*Cə.pat		fly forth
白	bái	bæk	*bˁrak		white
百	bǎi	pæk	*pˁrak	NUM	hundred
皀	xiāng	xjang	*qʰaŋ		fragrance
皁	zào	dzawX	*dzˁuʔ {*[dz]ˁuʔ}		acorn, black-dyeing fruit
的	dì	tek	*t-lˁewk {*[t-l]ˁewk}		bright; mark in a target
皆	jiē	kɛj	*kˁrij		all
皇	huáng	hwang	*ɢʷˁaŋ {*[ɢ]ʷˁaŋ}		yellow and white spotted
皇	huáng	hwang	*ɢʷˁaŋ {*[ɢ]ʷˁaŋ}		sovereign
皋	gāo	kaw	*kˁu {*[k]ˁu}		announce
皤	pó	ba	*bˁar {*[b]ˁar}		white, white-haired
皮	pí	bje	*m-paj {*m-[p](r)aj}		skin
盂	yú	hju	*ɢʷa {*[ɢ]ʷ(r)a}	NOUN	a formation of a hunting party
盆	pén	bwon	*bˁən {*(Cə.)[b]ˁə[n]}		bowl, basin
益	yì	ʔjiek	*qik (dial. › *-ek)		increase
盍	hé	hap	*m-kˁap {*m-[k]ˁap}	VERB	thatch, cover (v.)
盐	yán	yem	*N.rom {*N.r[o]m}	NOUN	salt (n.)
盐	yàn	yemH	*N.rom-s {*N.r[o]m-s}	NOUN	salt (n.)
监	jiān	kæm	*kˁram {*[k]ˁram}		inspect
监	jiàn	kæmH	*kˁram-s		mirror
盖	gài	kajH	*kˁap-s {*[k]ˁap-s}	VERB	cover (v.); cover (n.)
盗	dào	dawH	*dˁaw-s {*[d]ˁaw(k)-s}		steal
盘	pán	ban	*bˁan		tray, basin
盛	chéng	dzyeng	*deŋ {*[d]eŋ}	ADJ	put in (a receptacle)
盛	shèng	dzyengH	*deŋ-s {*[d]eŋ-s}		full, abundant
盜	dào	dawH	*dˁaw-s {*[d]ˁaw(k)-s}		steal
盝	lù	luwk	*rˁok {*(pə.)rˁok}		draw off water
盟	méng	mjæng	*mraŋ		covenant
盡	jìn	dzinX	*Cə.dzinʔ {*Cə.[dz]i[n]ʔ}	VERB	exhaust (v.)
監	jiān	kæm	*kˁram {*[k]ˁram}		inspect
監	jiàn	kæmH	*kˁram-s		mirror
盤	pán	ban	*bˁan		tray, basin
目	mù	mjuwk	*C.muk {*C.m(r)[u]k}		eye
盲	máng	mæng	*mˁ‹r›aŋ		blind
直	zhí	drik	*N-t‹r›ək		straight
相	xiāng	sjang	*saŋ {*[s]aŋ}	ADV	mutually
相	xiàng	sjangH	*saŋ-s {*[s]aŋ-s}		appearance, quality
盾	dùn	dwonX	*lˁunʔ {*lˁu[n]ʔ}		shield
省	xǐng	sjengX	*seŋʔ {*[s]eŋʔ}		inspect
眄	miǎn	menX	*mˁenʔ {*mˁe[n]ʔ}		look askance
眇	miǎo	mjiewX	*mewʔ		very small, minute
眉	méi	mij	*mrər		eyebrow
看	kàn	khanH	*kʰˁar-s {*kʰˁa[r]-s}		gaze at
眔	tà	dop	*m-rˁəp		reach to; and
真	zhēn	tsyin	*tin {*ti[n]}		true, real
眨	zhǎ	tsrɛp	*mə-tsˁrap {*mə-tsˁr[a]p} (‹ *mə-S.pˁrap ?)		blink
眺	tiào	thewH	*l̥ˁew-s		look from a distance
眼	wěn	ngonX	*ŋˁənʔ {*ŋˁə[n]ʔ}		protrude as a knob
眼	yǎn	ngɛnX	*ŋˁ‹r›ənʔ {*[ŋ]ˁ‹r›ə[n]ʔ}		eye
眾	zhòng	tsyuwngH	*tuŋ-s		numerous
着	zhù	trjoH	*t‹r›ak-s	NOUN	place (n.); visible
着	zhuó	drjak	*m-t‹r›ak		put on clothes; be attached
着	zhuó	trjak	*t‹r›ak	VERB	to place
睇	dì	dejH	*lˁəj-s		look at
睇	tī	thej	*l̥ˁəj {*l̥ˁ[ə]j} ~ *l̥ˁ[ə]jʔ		look at
睘	qióng	hwæn	*ɢʷˁren {*[ɢ]ʷˁren}		turn around, return
睠	juàn	kjwenH	*kron-s {*[k]ro[n]-s}		look on with affection
睦	mù	mjuwk	*mruk		concord
睩	lù	luwk	*rˁok {*(p.)rˁok}		look carefully
睫	jié	tsjep	*tsap {*[ts][a]p}		eyelashes
睹	dǔ	tuX	*tˁaʔ		see
瞀	mào	mæwk	*mˁ‹r›uk		troubled eyesight
瞋	chēn	tsyhin	*tʰin {*tʰi[n]}	VERB	glare (v.)
瞏	qióng	gjwieng	*ɡʷeŋ {*[ɡ]ʷeŋ}		scared, sad
瞒	mán	man	*mˁor {*mˁ[o][r]}	VERB	be deceived
瞞	mán	man	*mˁor {*mˁ[o][r]}	VERB	be deceived
瞠	chēng	trhæng	*tʰˁraŋ		look straight at, stare
瞻	zhān	tsyem	*t.qam {*[t.q]am}		see, look at
瞽	gǔ	kuX	*kˁaʔ {*[k]ˁaʔ}		blind
矛	máo	mjuw	*mu {*m(r)u}	NOUN	a kind of lance
矜	jīn	king	*k.riŋ (dial. › k-, *-iŋ › -ing)	VERB	pity (v.)
矜	jīn	king	*kriŋ		boastful
矜	qín	gin	*ɡriŋ	NOUN	kind of lance
矢	shǐ	syijX	*l̥ijʔ {*l̥i[j]ʔ}		arrow
矣	yǐ	hiX	*qəʔ (atonic)	PART	(final particle)
知	zhī	trje	*tre		know
矫	jiǎo	kjewX	*kawʔ {*[k](r)[a]wʔ}		falsify
短	duǎn	twanX	*tˁorʔ		short
矯	jiǎo	kjewX	*kawʔ {*[k](r)[a]wʔ}		falsify
石	shí	dzyek	*dak {*dAk}		stone
砀	dàng	dangH	*lˁaŋ-s		veined stone
研	yán	ngen	*m-qʰˁer		grind; examine
砚	yàn	ngenH	*ŋˁer-s {*[ŋ]ˁe[r]-s} (‹ uvular)		smooth stone; inkstone
砠	jū	tshjo	*tsʰa {*[tsʰ]a}		rock covered with earth
砥	zhǐ	tsyijX	*tijʔ		whetstone
破	pò	phaH	*pʰˁaj-s	VERB	break (v.)
砺	lì	ljejH	*rat-s {*(mə-)rat-s}		grindstone
砾	lì	lek	*rˁewk {*[r]ˁewk}		pebbles
硎	xíng	heng	*ɢˁeŋ {*[ɢ]ˁeŋ}		whetstone
硏	yán	ngen	*ŋˁer {*[ŋ]ˁe[r]} (‹ uvular)		grind, examine
硏	yán	ngenH	*ŋˁer-s {*[ŋ]ˁe[r]-s} (‹ uvular)		inkstone
硕	shuò	dzyek	*dak {*[d]Ak}		great, stately
确	què	khæwk	*kʰˁrawk {*[k]ʰˁrawk}		solid, firm
硯	yàn	ngenH	*ŋˁer-s {*[ŋ]ˁe[r]-s} (‹ uvular)		smooth stone; inkstone
碎	suì	swojH	*s-tsʰˁut-s {*[s-tsʰ]ˁu[t]-s}		break
碑	bēi	pje	*pre		pillar
碧	bì	pjæk	*prak		light blue
碩	shuò	dzyek	*dak {*[d]Ak}		great, stately
碭	dàng	dangH	*lˁaŋ-s		veined stone
確	què	khæwk	*kʰˁrawk {*[k]ʰˁrawk}		solid, firm
磋	cuō	tsha	*tsʰˁaj {*[tsʰ]ˁaj}	VERB	file, polish (v.)
磨	mó	ma	*mˁaj		rub, grind
磨	mó	maH	*mˁaj-s		grinding stone
磬	qìng	khengH	*C.qʰˁ eŋ-s {*[C.qʰ]ˁeŋ-s}		suspend
礪	lì	ljejH	*rat-s {*(mə-)rat-s}		grindstone
礫	lì	lek	*rˁewk {*[r]ˁewk}		pebbles
示	shì	zyijH	*s-ɡijʔ-s	VERB	show (v.)
礼	lǐ	lejX	*rˁijʔ {*[r]ˁijʔ}		propriety, ceremony
社	shè	dzyæX	*m-tʰaʔ {*m-tʰAʔ}		sacrifice to the spirit of the soil
祀	sì	ziX	*s-ɢəʔ {*s-[ɢ]əʔ}		sacrifice; year
祇	qí	gjie	*k.de {*[k.d]e} (dial. › *ɡ-, no palatalization)		earth spirit
祉	zhǐ	trhiX	*tʰrəʔ {*[tʰ]rəʔ}		blessings
祊	bēng	pæng	*pˁraŋ		temple gate
祐	yòu	hjuwX	*ɢʷəʔ {*[ɢ]ʷəʔ}		help, blessing
祓	fèi	phjut	*pʰut		CHECK
祓	fèi	pjojH	*pot-s {*po[t]-s}		expel noxious influences
祖	zǔ	tsuX	*tsˁaʔ {*[ts]ˁaʔ}		ancestor
祜	hù	huX	*ɡˁaʔ {*[ɡ]ˁaʔ}		blessing
祝	zhòu	tsyuwH	*tuk-s	VERB	to curse
祝	zhù	tsyuwk	*tuk		cut off, break
祝	zhù	tsyuwk	*tuk		pray, recite
神	shén	zyin	*Cə.lin {*Cə.li[n]}		spirit
祟	suì	swijH	*s-lut-s		evil forces, noxious influences
祠	cí	zi	*sə.lə		sacrifice
祡	chái	dzrɛ	*C.dzˁre {*C.dzˁre(j)}		firewood
祥	xiáng	zjang	*s-ɢaŋ		auspicious
票	piào	phjiew	*pʰew		leaping flames (SW)
祭	jì	tsjejH	*tset-s {*[ts]et-s}		sacrifice
祼	guàn	kwanH	*kˁor-s {*[k]ˁor(ʔ)-s}		pour out libation
祿	lù	luwk	*rˁok {*(p.)rˁok}		blessing
禀	bǐng	limX	*p.rimʔ		rations
禀	bǐng	pimX	*p.rimʔ (dial. › *primʔ)		receive
禀	bǐng	pimX	*p.rimʔ (dial. › *primʔ)		rations
禀	bǐng	pimX	*p.rimʔ (dial. › *primʔ)		rations; receive
禀	lǐn	limX	*p.rimʔ		rations
禁	jìn	kimH	*krəm-s {*kr[ə]m-s}		prohibit
禄	lù	luwk	*rˁok {*(p.)rˁok}		blessing
禅	shàn	dzyenH	*dar-s {*[d]ar-s}		hand over to another
禋	yīn	ʔjin	*qin {*[q]i[n]}		sacrifice
福	fú	pjuwk	*pək		blessing
禦	yù	ngjoX	*m-qʰaʔ {*m-qʰ(r)aʔ}		withstand; hinder
禪	shàn	dzyenH	*dar-s {*[d]ar-s}		hand over to another
禫	dàn	domX	*N.rˁumʔ {*[N.]rˁ[u]mʔ}		sacrifice at end of mourning
禮	lǐ	lejX	*rˁijʔ {*[r]ˁijʔ}		propriety, ceremony
离	chī	trhje	*C.r̥aj {*r̥aj}		mountain demon
离	lí	lje	*raj {*[r]aj}		meet with, encounter
离	lí	lje	*raj {*[r]aj}		depart from
离	lì	ljeH	*raj-s {*[r]aj-s}		reject
禽	qín	gim	*C.ɢəm {*[C.ɢ](r)[ə]m}		bird; animal
禽	qín	gim	*C.ɢəm {*[C.ɢ](r)[ə]m}		catch, capture
禾	hé	hwa	*ɢˁoj {*[ɢ]ˁoj}		growing grain
秀	xiù	sjuwH	*s-lu-s {*[s-l]u(ʔ)-s}	VERB	to flower
私	sī	sij	*səj {*[s]əj}		private
秅	chá	dræ	*dˁra {*[d]ˁra}	NOUN	a certain number of sheaves of grain
秆	gǎn	kanX	*kˁarʔ {*kˁa[r]ʔ}		straw of grain
秉	bǐng	pjængX	*praŋʔ		grasp
秋	qiū	tshjuw	*tsʰiw		autumn; crop
种	zhǒng	tsyowngX	*k.toŋʔ		seed
种	zhòng	tsyowngH	*toŋʔ-s {*(mə-)toŋʔ-s}	VERB	sow (v.)
秕	bǐ	pjijX	*pijʔ		chaff; petty
秦	qín	dzin	*dzin {*[dz]i[n]}		Qín (place name)
秫	shú	zywit	*mə.lut ~ *C.lut		glutinous millet
积	jī	tsjek	*tsek {*[ts]ek}		accumulate
称	chēng	tsyhing	*tʰəŋ		weigh; evaluate; call
称	chèng	tsyhingH	*mə-tʰəŋ-s		steelyard
秸	jiē	kɛt	*kˁrit {*kˁri[t]}		stalk of grain
移	yí	ye	*laj	VERB	move (v.)
秽	huì	ʔjwojH	*qʷat-s		bad weeds; filth
稂	láng	lang	*rˁaŋ {*[r]ˁaŋ}		weed in field of grain
稅	shuì	sywejH	*l̥ot-s		tax
程	chéng	drjeng	*C.lreŋ	ADJ	Chéng (a surname)
稌	tú	thu	*l̥ˁa		glutinous rice
稍	shào	sræwH	*srew-s {*[s](ˁ)rew-s}	ADV	gradually
税	shuì	sywejH	*l̥ot-s		tax
稗	bài	bɛH	*C.bˁre-s {*C.[b]ˁre-s}		weed resembling grain
稙	zhí	trik	*trək		earliest-sown grain
稚	zhì	drijH	*lrəj-s		young
稟	bǐng	pimX	*p.rimʔ (dial. › *primʔ)		receive
稟	bǐng	pimX	*p.rimʔ (dial. › *primʔ)		rations
稟	lǐn	limX	*p.rimʔ		rations
稠	chóu	drjuw	*driw {*[d]riw}		dense, thick
稣	sū	su	*s.ŋˁa		gather into sheaves (SW)
種	zhǒng	tsyowngX	*k.toŋʔ		seed
種	zhòng	tsyowngH	*toŋʔ-s {*(mə-)toŋʔ-s}	VERB	sow (v.)
稱	chēng	tsyhing	*tʰəŋ		weigh; evaluate; call
稱	chèng	tsyhingH	*mə-tʰəŋ-s		steelyard
稷	jì	tsik	*tsək {*[ts]ək}		millet (Setaria italica)
稸	xù	xjuwk	*qʰuk		store; harbor (feelings)
稹	zhěn	tsyinX	*tinʔ {*ti[n]ʔ}		dense, compact
稺	zhì	drijH	*lrəj-s		late-sown grain
稻	dào	dawX	*lˁuʔ {*[l]ˁuʔ}		rice, paddy
稼	jià	kæH	*kˁra-s		grain; sow (v.)
稽	jī	kej	*kˁij		accord with
稽	jī	kej	*kˁij		cultivate (field)
稽	jī	kej	*kˁij		calculate
稽	jī	khejX	*kʰˁijʔ {*[kʰ]ˁijʔ}		bow the head to the ground
稿	gǎo	kawX	*Cə.kˁawʔ {*Cə.[k]ˁawʔ}		straw
穄	jì	tsjejH	*tset-s {*[ts][e][t]-s}		de-husked grains of Panicum m., nin-glutinous.
穆	mù	mjuwk	*miwk {*m(r)iwk}		harmonious
穈	mén	mwon	*mˁur		red millet
穌	sū	su	*s.ŋˁa		gather into sheaves (SW)
積	jī	tsjek	*tsek {*[ts]ek}		accumulate
穎	yǐng	ywengX	*ɢʷeŋʔ {*[ɢ]ʷeŋʔ}		point of an ear of grain
穑	sè	srik	*srək		reap
穗	suì	zwijH	*s.ɢʷit-s {*s.[ɢ]ʷi[t]-s}		ear of grain
穟	suì	zwijH	*s.ɢʷit-s {*s.[ɢ]ʷi[t]-s}		ear of grain
穡	sè	srik	*srək		reap
穢	huì	ʔjwojH	*qʷat-s		bad weeds; filth
穫	huò	hwak	*ɢʷˁak {*[ɢ]ʷˁak}		reap
穴	xué	hwet	*ɢʷˁit {*[ɢ]ʷˁi[t]}		cave, pit
穷	qióng	gjuwng	*ɡuŋ {*[ɡ](r)uŋ}		poor
穷	qióng	gjuwng	*m-ɡuŋ {*m-[ɡ](r)uŋ}		exhaust
空	kōng	khuwng	*kʰˁoŋ		hollow, empty; hole
空	kǒng	khuwngX	*kʰˁoŋʔ		hollow, empty; hole
穿	chuān	tsyhwen	*tʰon {*tʰo[n]}		bore through
突	tū	dwot	*m-tʰˁut		burst through
突	tū	thwot	*tʰˁut		break through; suddenly
窃	qiè	tshet	*tsʰˁet {*[tsʰ]ˁet}		steal
窈	yǎo	ʔewX	*ʔˁewʔ {*ʔˁ[e]wʔ}		'ewX-dewX hidden; deep
窒	zhì	trit	*trik {*[t]ri[t]}	VERB	stop up (v.)
窜	cuàn	tshwanH	*tsʰˁon-s {*[tsʰ]ˁo[n]-s}		hide; flee
窞	dàn	domX	*lˁomʔ {*rˁomʔ} in 坎窞		khomX-domX hole or pit
窟	kū	khwot	*kʰˁut {*[kʰ]ˁut}		cave, hole
窥	kuī	khjwie	*kʷʰe	VERB	pry, spy (v.)
窮	qióng	gjuwng	*ɡuŋ {*[ɡ](r)uŋ}		poor
窮	qióng	gjuwng	*m-ɡuŋ {*m-[ɡ](r)uŋ}		exhaust
窰	yáo	yew	*law		kiln
窺	kuī	khjwie	*kʷʰe	VERB	pry, spy (v.)
窻	chuāng	tsrhæwng	*s-l̥ˁ‹r›oŋ		window
竄	cuàn	tshwanH	*tsʰˁon-s {*[tsʰ]ˁo[n]-s}		hide; flee
竈	zào	tsawH	*tsˁuk-s {*[ts]ˁuk-s}		cooking-place, stove
竊	qiè	tshet	*tsʰˁet {*[tsʰ]ˁet}		steal
立	lì	lip	*k.rəp	VERB	stand (v.)
竖	shù	dzyuX	*doʔ {*[d]oʔ}		attendant
竞	jìng	gjængH	*m-kraŋʔ-s ~ C-kraŋʔ-s		strive; compete
章	zhāng	tsyang	*taŋ		brilliant; distinctive mark; to display
童	tóng	duwng	*dˁoŋ {*(Cə.)[d]ˁoŋ}		boy
竭	jié	gjet	*N-krat {*N-[k]rat}	VERB	exhaust (v.)
端	duān	twan	*tˁor	NOUN	tip (n.)
競	jìng	gjængH	*m-kraŋʔ-s ~ C-kraŋʔ-s		strive; compete
竹	zhú	trjuwk	*truk		bamboo
竽	yú	hju	*ɢʷa {*[ɢ]ʷ(r)a}		reed organ
竿	gān	kan	*kˁar		pole, rod
笃	dǔ	towk	*tˁuk		firm, solid
笄	jī	kej	*kˁer {*[k]ˁe[r]}  (dial. *-r › *-j)		hairpin
笋	sǔn	swinX	*s-qʷinʔ {*s-qʷi[n]ʔ}		‘bamboo sprouts’
笑	xiào	sjewH	*s-law-s	VERB	to laugh
笔	bǐ	pit	*p.rut {*p.[r]ut} (borrowed as *prut from Qin dial.)		writing brush
笠	lì	lip	*k.rəp		bamboo-splint hat
第	dì	dejH	*lˁəjʔ-s {*[l]ˁəjʔ-s}		sequence
笴	gǎn	kanX	*kˁarʔ		shaft of an arrow
笼	lóng	luwng	*k.rˁoŋ		cage, coop
笼	lǒng	luwngX	*k.rˁoŋʔ		basket; cage
筆	bǐ	pit	*p.rut {*p.[r]ut} (borrowed as *prut from Qin dial.)		writing brush
等	děng	tongX	*tˁəŋʔ		step, grade
筋	jīn	kjɨn	*C.kən {*C.[k]ə[n]}		sinew
筍	sǔn	swinX	*s-qʷinʔ {*s-qʷi[n]ʔ}		‘bamboo sprouts’
筐	kuāng	khjwang	*k.pʰaŋ {*[k.pʰ]aŋ}		square basket
筑	zhù	trjuwk	*truk		pound earth, build
筒	tǒng	duwng	*lˁoŋ		tube
答	dá	top	*tˁəp {*[t]ˁ[ə]p}		answer
策	cè	tsrhɛk	*tsʰrek {*[tsʰ](ˁ)rek}		tablet, record
筚	bì	pjit	*pit {*pi[t]}		wattle
筠	yún	hwin	*ɢʷrin {*[ɢ]ʷri[n]}		rind of bamboo
筦	guǎn	kwanX	*kˁonʔ {*[k]ˁo[n]ʔ}		tube; flute
筵	yán	yen	*lan {*la[n]}		bamboo mat
简	jiǎn	kɛnX	*kˁrenʔ {*kˁre[n]ʔ}		bamboo slip for writing
简	jiǎn	kɛnX	*kˁrenʔ {*kˁre[n]ʔ}		select, large-minded, etc.
箕	jī	ki	*kə {*k(r)ə}		winnowing basket
箙	fú	bjuwk	*bək {*[b]ək}	NOUN	a quiver
管	guǎn	kwanX	*kˁonʔ {*[k]ˁo[n]ʔ}		tube; flute
箫	xiāo	sew	*sˁiw		pan-pipe
箭	jiàn	tsjenH	*tsen-s {*[ts]en-s}		arrow
箴	zhēn	tsyim	*t.kəm {*t.[k]əm}		needle
節	jié	tset	*tsˁik		joint of bamboo
範	fàn	bjomX	*bomʔ {*[b](r)omʔ}		casting mold
篇	piān	phjien	*pʰen {*pʰe[n]}		section in writing
築	zhù	trjuwk	*truk		pound earth, build
篑	kuì	khwɛjH	*kʰˁruj-s		basket
篝	gōu	kuw	*kˁo {*[k]ˁ(r)o}		bamboo cage
篤	dǔ	towk	*tˁuk		firm, solid
篪	chí	drje	*lre	NOUN	a kind of flute
篮	lán	lam	*k.rˁam		basket
篳	bì	pjit	*pit {*pi[t]}		wattle
簋	guǐ	kwijX	*kʷruʔ		guǐ ritual vessel
簚	mì	mek	*mˁek {*mˁ[e]k}	NOUN	cover (n.)
簟	diàn	demX	*lˁimʔ {*[l]ˁimʔ}		bamboo mat
簠	fǔ	pjuX	*paʔ {*p(r)aʔ}	ADJ	(a kind of ritual vessel)
簡	jiǎn	kɛnX	*kˁrenʔ {*kˁre[n]ʔ}		bamboo slip for writing
簡	jiǎn	kɛnX	*kˁrenʔ {*kˁre[n]ʔ}		select, large-minded, etc.
簣	kuì	khwɛjH	*kʰˁruj-s		basket
簪	zān	tsom	*Cə.tsˁəm {*Cə.[ts]ˁ[ə]m}		hairpin
簪	zān	tsrim	*tsrəm {*tsr[ə]m}		hairpin
簫	xiāo	sew	*sˁiw		pan-pipe
簳	gǎn	kanX	*kˁarʔ		slender bamboo
簸	bǒ	paX	*pˁajʔ	VERB	winnow (v.)
簸	bò	paH	*pˁajʔ-s	VERB	winnow (v.)
簾	lián	ljem	*rem {*[r]em}		bamboo curtain
簿	bù	buX	*bˁaʔ {*[b]ˁaʔ}	NOUN	register (n.)
籁	lài	lajH	*rˁat-s {*rˁa[t]-s}		tube
籃	lán	lam	*k.rˁam		basket
籍	jí	dzjek	*dzak {*[dz]Ak}	NOUN	register (n.)
籟	lài	lajH	*rˁat-s {*rˁa[t]-s}		tube
籠	lóng	luwng	*k.rˁoŋ		cage, coop
籠	lǒng	luwngX	*k.rˁoŋʔ		basket; cage
籥	yuè	yak	*lewk		flute; key; tube
米	mǐ	mejX	*C.mˁijʔ		rice grains, dehusked and polished
籹	nǚ	nrjoX	*nraʔ	ADJ	gjoX-nrjoX (a kind of cake)
类	lèi	lwijH	*rut-s {*[r]u[t]-s}		category
粉	fěn	pjunX	*mə.pənʔ		flour
粒	lì	lip	*k.rəp		grains of rice
粔	jù	gjoX	*N-kaʔ {*[N]-k(r)aʔ}		cakes
粗	cū	tshu	*N-sˁra		coarse, thick (as hair)
粝	lì	lajH	*rˁat-s {*([m]ə-)rˁat-s}		dehusked but not polished grain.
粝	lì	lat	*rˁat {*([m]ə-)rˁat}		dehusked but not polished grain.
粝	lì	ljejH	*rat-s {*([m]ə-)rat-s}		Unhusked but not polished grain.
粢	zī	tsij	*tsij {*[ts]ij}		Setaria italica
粤	yuè	hjwot	*ɢʷat {*[ɢ]ʷat}		generous, favorable
粥	zhōu	tsyuwk	*t-quk {*[t-q]uk}		gruel
粦	lín	lin	*rən {*[r]ə[n]}		will-o'-the wisp
粪	fèn	pjunH	*pur-s {*p[u]r-s}		manure, dirt
粮	liáng	ljang	*raŋ {*[r]aŋ}		grain, provisions
粲	càn	tshanH	*tsʰˁar-s {*[tsʰ]ˁar-s}		bright and white
粵	yuè	hjwot	*ɢʷat {*[ɢ]ʷat}		generous, favorable
精	jīng	tsjeng	*tseŋ		fine rice; pure
糊	hú	hu	*Cə.ɡˁa	VERB	to paste (v.)
糜	mí	mje	*C.maj {*C.m(r)aj}		rice gruel; destroy, crush
糞	fèn	pjunH	*pur-s {*p[u]r-s}		manure, dirt
糟	zāo	tsaw	*tsˁu {*[ts]ˁu}		dregs
糧	liáng	ljang	*raŋ {*[r]aŋ}		grain, provisions
糲	lì	lajH	*rˁat-s {*([m]ə-)rˁat-s}		dehusked but not polished grain.
糲	lì	lat	*rˁat {*([m]ə-)rˁat}		dehusked but not polished grain.
糲	lì	ljejH	*rat-s {*([m]ə-)rat-s}		Unhusked but not polished grain.
系	jì	kejH	*Cə.kˁe-s	VERB	tie (v.)
系	xì	hejH	*m-kˁek-s		attach; suspend
系	xì	hejH	*m-kˁek-s {*[m]-kˁek-s}	VERB	bind (v.)
系	xì	kejH	*kˁek-s	VERB	tie (v.)
糾	jiū	kjiwX	*k‹r›iwʔ		plait, unite
紀	jǐ	kiX	*kəʔ {*k(r)əʔ}		leading thread
紂	zhòu	drjuwX	*druʔ {*[d]ruʔ}		leather belt used on the rump of a horse hitched to a cart; name of last Shāng ruler
紃	xún	zwin	*s.dun {*s.du[n]}		silk cord
約	yào	ʔjiewH	*qewk-s		bond, agreement
約	yuē	ʔjak	*qewk {*q(r)ewk}		bond, agreement
約	yuē	ʔjak	*qewk {*q(r)ewk}		bind
紅	hóng	huwng	*ɡˁoŋ		pink
紆	yū	ʔju	*qʷa {*qʷ(r)a}		bent, crooked
納	nà	nop	*nˁəp {*nˁ[ə]p}		bring or send in
紐	niǔ	nrjuwX	*n‹r›uʔ		fastener
紓	shū	syo	*l̥a	ADV	leisurely
紓	shū	zyoX	*Cə.laʔ	VERB	to be remiss
純	chún	dzywin	*dun {*[d]un}		pure, unmixed
紙	zhǐ	tsyeX	*k.teʔ		paper
紝	rèn	nrim	*n‹r›əm {*n‹r›[ə]m}		weave
紝	rèn	nyim	*nəm {*n[ə]m}		weave
素	sù	suH	*sˁak-s {*[s]ˁak-s}		white silk
紡	fǎng	phjangX	*pʰaŋʔ		twist, spin
索	suǒ	sak	*sˁak {*[s]ˁak}		twist a rope
索	suǒ	sak	*sˁak {*[s]ˁak}	VERB	search (v.)
累	lěi	ljwe	*roj {*[r]oj}		rope (to tie s.o. up)
累	lěi	ljweX	*rojʔ {*[r]ojʔ}		accumulate
細	xì	sejH	*sˁər-s {*[s]ˁər-s}		small, minute
紱	fú	pjut	*put		silk band for a seal
紳	shēn	syin	*l̥in {*[l̥]i[n]}		sash around the waist
紵	zhù	drjoX	*mə-draʔ		ramie; flax
紽	tuó	da	*lˁaj		bundle of threads
終	zhōng	tsyuwng	*tuŋ		end
絇	qú	gju	*ɡo {*[ɡ](r)o}		decoration on the toe of a shoe
絏	xiè	sjet	*s-lat {*s-l[a]t}		rope, fetters
結	jié	ket	*kˁit {*kˁi[t]}		tie, knot
絓	guà	kwɛH	*kʷˁre-s {*[k]ʷˁre-s}		entangled
絕	jué	dzjwet	*dzot {*[dz]ot}		cut off
絞	jiǎo	kæwX	*k-rˁiwʔ {*k-rˁ[i]wʔ} (dial. › *krˁ[i]wʔ)		twist; strangle
給	jǐ	kip	*kəp {*[k](r)[ə]p}		furnish
絮	xù	sjoH	*s-na-s		raw silk, floss
絲	sī	si	*sə {*[s]ə}		silk
絷	zhí	trip	*t‹r›ip		rope, tether; bind
絹	juàn	kjwienH	*kʷen-s {*[k]ʷen-s}	NOUN	a kind of silk stuff
綏	suí	swij	*s.nuj	VERB	comfort (v.)
經	jīng	keng	*k-lˁeŋ		regulate; norm
綜	zòng	tsowngH	*s-tˁuŋ-s	VERB	collect (v.)
綠	lǜ	ljowk	*pə.rok		green
綢	chóu	drjuw	*driw {*[d]riw}		bind round
綦	qí	gi	*ɡə {*[ɡ](r)ə}		gray or bluish-black
綦	qí	gi	*ɡə {*[ɡ](r)ə}		sandal cord
綦	qí	giH	*ɡə-s {*[ɡ](r)ə()-s}		sandal cord
維	wéi	ywij	*ɢʷij (? ‹ *ɢʷuj)		rope for tying
綱	gāng	kang	*kˁaŋ		guiding rope of net
網	wǎng	mjangX	*maŋʔ		net
綸	lún	kwɛn	*k.rˁun {*k.rˁu[n]} (dial. › *kˁrun)		woof; twist a cord
綸	lún	lwin	*k.run {*k.ru[n]}		woof; twist a cord
綺	qǐ	khjeX	*kʰajʔ {*[k]ʰ(r)a[j]ʔ}		patterned silk
綽	chuò	tsyhak	*tʰawk		indulgent, gentle
緇	zī	tsri	*tsrə {*[ts]rə}		black
緌	ruí	nywij	*nuj		tassel
緒	xù	zjoX	*s-m-taʔ		arrange in order
緡	mín	min	*mə-run {*mə-ru[n]} (dial. › mru[n])		wrap around
緡	mín	min	*mə-run (dial. › *mrun)		cord
緣	yuán	ywen	*lon		go along, follow
緧	qiū	tshjuw	*tsʰu {*[tsʰ]u}		crupper
編	biān	pen	*pˁen {*pˁe[n]}		plait, weave
編	biān	pjien	*pen {*pe[n]}		plait, weave
緩	huǎn	hwanX	*ɢʷˁanʔ {*[ɢ]ʷˁa[n]ʔ}		slack; slow
練	liàn	lenH	*rˁen-s {*[r]ˁen-s}		sized white silk
縊	yì	ʔejH	*qˁik-s {*qˁ[i]k-s}		strangle
縗	cuī	tshwoj	*N-s.rˁuj {*[N]-s.rˁuj}		mourning clothes
縛	fù	bjak	*bak	VERB	bind (v.)
縝	zhēn	tsyin	*tin {*ti[n]}		dense, fine-textured
縟	rù	nyowk	*nok		variegated
縣	xiàn	hwenH	*Cə.ɡʷˁen-s {*Cə.[ɡ]ʷˁe[n]-s}		district
縣	xuán	hwen	*ɡʷˁen {*[ɡ]ʷˁe[n]}		suspend
縫	féng	bjowng	*boŋ {*(mə-)[b](r)oŋ} ~ C.[b](r)oŋ.		sew
縫	fèng	bjowngH	*C.boŋ-s {*C.[b](r)oŋ-s}		seam
縱	zòng	tsjowngH	*tsoŋ-s {*[ts]oŋ-s}		let loose
縶	zhí	trip	*t‹r›ip		rope, tether; bind
縷	lǚ	ljuX	*roʔ {*[r]oʔ}		thread
績	jī	tsek	*tsˁek {*[ts]ˁek}		twist, spin
績	jì	tsek	*tsˁek {*[ts]ˁek}		achieve; achievement
繁	fán	bjon	*bar {*[b]ar}		abundant, numerous
織	zhī	tsyik	*tək	VERB	weave (v.)
繕	shàn	dzyenH	*ɡenʔ-s {*[ɡ]e[n]ʔ-s}		(make good:) repair
繘	jú	kjwit	*C.qʷit {*C.qʷi[t]}		well-rope
繘	yù	ywit	*N.qʷit {*N.qʷi[t]}		well-rope
繞	rǎo	nyewH	*ŋewʔ-s {*[ŋ]ewʔ-s} (‹ uvular?)	VERB	to wind round
繞	rǎo	nyewX	*ŋewʔ {*[ŋ]ewʔ} (‹ uvular?)		curved
繡	xiù	sjuwH	*siw-s {*[s]iw(k)-s}		embroider
繩	shéng	zying	{*Cə.ləŋ}		string, cord
繫	jì	kejH	*Cə.kˁe-s	VERB	tie (v.)
繫	xì	hejH	*m-kˁek-s		attach; suspend
繰	zǎo	tsawX	*mə-tsˁawʔ		bleach; wash
纂	zuǎn	tswanX	*tsˁonʔ {*[ts]ˁo[n]ʔ}		silk band
纊	kuàng	khwangH	*kʷʰˁaŋ-s		fine floss silk; quilted
續	xù	zjowk	*sə.lok		continue
纏	chán	drjen	*dran {*[d]ra[n]}		bind, wind
纓	yīng	ʔjieng	*ʔeŋ		ribbon
纕	xiāng	sjang	*s-naŋ		belt, sash; girth
纠	jiū	kjiwX	*k‹r›iwʔ		plait, unite
纡	yū	ʔju	*qʷa {*qʷ(r)a}		bent, crooked
红	hóng	huwng	*ɡˁoŋ		pink
纣	zhòu	drjuwX	*druʔ {*[d]ruʔ}		leather belt used on the rump of a horse hitched to a cart; name of last Shāng ruler
约	yào	ʔjiewH	*qewk-s		bond, agreement
约	yuē	ʔjak	*qewk {*q(r)ewk}		bond, agreement
约	yuē	ʔjak	*qewk {*q(r)ewk}		bind
纩	kuàng	khwangH	*kʷʰˁaŋ-s		fine floss silk; quilted
纪	jǐ	kiX	*kəʔ {*k(r)əʔ}		leading thread
纯	chún	dzywin	*dun {*[d]un}		pure, unmixed
纲	gāng	kang	*kˁaŋ		guiding rope of net
纳	nà	nop	*nˁəp {*nˁ[ə]p}		bring or send in
纴	rèn	nrim	*n‹r›əm {*n‹r›[ə]m}		weave
纴	rèn	nyim	*nəm {*n[ə]m}		weave
纵	zòng	tsjowngH	*tsoŋ-s {*[ts]oŋ-s}		let loose
纶	lún	kwɛn	*k.rˁun {*k.rˁu[n]} (dial. › *kˁrun)		woof; twist a cord
纶	lún	lwin	*k.run {*k.ru[n]}		woof; twist a cord
纸	zhǐ	tsyeX	*k.teʔ		paper
纺	fǎng	phjangX	*pʰaŋʔ		twist, spin
纻	zhù	drjoX	*mə-draʔ		ramie; flax
纽	niǔ	nrjuwX	*n‹r›uʔ		fastener
纾	shū	syo	*l̥a	ADV	leisurely
纾	shū	zyoX	*Cə.laʔ	VERB	to be remiss
绂	fú	pjut	*put		silk band for a seal
练	liàn	lenH	*rˁen-s {*[r]ˁen-s}		sized white silk
绅	shēn	syin	*l̥in {*[l̥]i[n]}		sash around the waist
细	xì	sejH	*sˁər-s {*[s]ˁər-s}		small, minute
织	zhī	tsyik	*tək	VERB	weave (v.)
终	zhōng	tsyuwng	*tuŋ		end
经	jīng	keng	*k-lˁeŋ		regulate; norm
结	jié	ket	*kˁit {*kˁi[t]}		tie, knot
绕	rǎo	nyewH	*ŋewʔ-s {*[ŋ]ewʔ-s} (‹ uvular?)	VERB	to wind round
绕	rǎo	nyewX	*ŋewʔ {*[ŋ]ewʔ} (‹ uvular?)		curved
给	jǐ	kip	*kəp {*[k](r)[ə]p}		furnish
绝	jué	dzjwet	*dzot {*[dz]ot}		cut off
绞	jiǎo	kæwX	*k-rˁiwʔ {*k-rˁ[i]wʔ} (dial. › *krˁ[i]wʔ)		twist; strangle
绢	juàn	kjwienH	*kʷen-s {*[k]ʷen-s}	NOUN	a kind of silk stuff
绣	xiù	sjuwH	*siw-s {*[s]iw(k)-s}		embroider
绥	suí	swij	*s.nuj	VERB	comfort (v.)
绩	jī	tsek	*tsˁek {*[ts]ˁek}		twist, spin
绩	jì	tsek	*tsˁek {*[ts]ˁek}		achieve; achievement
绪	xù	zjoX	*s-m-taʔ		arrange in order
续	xù	zjowk	*sə.lok		continue
绮	qǐ	khjeX	*kʰajʔ {*[k]ʰ(r)a[j]ʔ}		patterned silk
绰	chuò	tsyhak	*tʰawk		indulgent, gentle
绳	shéng	zying	{*Cə.ləŋ}		string, cord
维	wéi	ywij	*ɢʷij (? ‹ *ɢʷuj)		rope for tying
绸	chóu	drjuw	*driw {*[d]riw}		bind round
综	zòng	tsowngH	*s-tˁuŋ-s	VERB	collect (v.)
绿	lǜ	ljowk	*pə.rok		green
缁	zī	tsri	*tsrə {*[ts]rə}		black
缓	huǎn	hwanX	*ɢʷˁanʔ {*[ɢ]ʷˁa[n]ʔ}		slack; slow
缕	lǚ	ljuX	*roʔ {*[r]oʔ}		thread
编	biān	pen	*pˁen {*pˁe[n]}		plait, weave
编	biān	pjien	*pen {*pe[n]}		plait, weave
缗	mín	min	*mə-run {*mə-ru[n]} (dial. › mru[n])		wrap around
缗	mín	min	*mə-run (dial. › *mrun)		cord
缘	yuán	ywen	*lon		go along, follow
缚	fù	bjak	*bak	VERB	bind (v.)
缛	rù	nyowk	*nok		variegated
缜	zhēn	tsyin	*tin {*ti[n]}		dense, fine-textured
缝	féng	bjowng	*boŋ {*(mə-)[b](r)oŋ} ~ C.[b](r)oŋ.		sew
缝	fèng	bjowngH	*C.boŋ-s {*C.[b](r)oŋ-s}		seam
缞	cuī	tshwoj	*N-s.rˁuj {*[N]-s.rˁuj}		mourning clothes
缠	chán	drjen	*dran {*[d]ra[n]}		bind, wind
缢	yì	ʔejH	*qˁik-s {*qˁ[i]k-s}		strangle
缨	yīng	ʔjieng	*ʔeŋ		ribbon
缮	shàn	dzyenH	*ɡenʔ-s {*[ɡ]e[n]ʔ-s}		(make good:) repair
缲	zǎo	tsawX	*mə-tsˁawʔ		bleach; wash
缶	fǒu	pjuwX	*puʔ {*p(r)uʔ}		earthenware
缺	quē	khwet	*Nə-kʷʰˁet {*Nə-[k]ʷʰˁet}		break; defective
缾	píng	beng	*bˁeŋ {*(Cə.)[b]ˁeŋ}		pitcher
罂	yīng	ʔɛng	*ʔˁreŋ {*[ʔ]ˁreŋ}		jar, vase
罃	yīng	ʔɛng	*ʔˁreŋ {*[ʔ]ˁreŋ}		[in proper name]
罄	qìng	khengH	*kʰˁeŋ-s {*[kʰ]ˁeŋ-s}		empty; exhaustively
罌	yīng	ʔɛng	*ʔˁreŋ {*[ʔ]ˁreŋ}		jar, vase
网	wǎng	mjangX	*maŋʔ		net
网	wǎng	mjangX	*maŋʔ		net
罔	wǎng	mjangX	*C.maŋʔ		net
罕	hǎn	xanX	*qʰˁarʔ {*qʰˁa[r]ʔ}		rare
罕	hǎn	xanX	*qʰˁarʔ {*qʰˁa[r]ʔ}		net
罗	luó	la	*rˁaj	ADJ	a kind of net (on a handle?) (SW: 'bird net')
罚	fá	bjot	*bat {*[b][a]t}		punish
罛	gū	ku	*kʷˁa		net
罢	bà	bɛX	*bˁrajʔ {*[b]ˁrajʔ}		stop, cease
罢	pí	bje	*braj {*[b]raj}		wear out, exhaust
罩	zhào	træwH	*tˁrawk-s {*tˁr[a]wk-s}		basket for covering
罪	zuì	dzwojX	*Cə.dzˁujʔ		crime, offense
置	zhì	triH	*trək-s	VERB	put, place (v.)
罰	fá	bjot	*bat {*[b][a]t}		punish
署	shǔ	dzyoH	*m-taʔ-s	VERB	to place; position
罴	pí	pje	*praj		brown-and-white bear
罵	mà	mæH	*C.mˁra-s		scold, revile
罷	bà	bɛX	*bˁrajʔ {*[b]ˁrajʔ}		stop, cease
罷	pí	bje	*braj {*[b]raj}		wear out, exhaust
罹	lí	lje	*raj {*[r]aj}		drag into; trouble
羁	jī	kje	*kraj		bridle,halter
羅	luó	la	*rˁaj	ADJ	a kind of net (on a handle?) (SW: 'bird net')
羆	pí	pje	*praj		brown-and-white bear
羈	jī	kje	*kraj		bridle,halter
羊	yáng	yang	*ɢaŋ		sheep
羌	qiāng	khjang	*C.qʰaŋ		western tribes
羌	qiāng	khjang	*C.qʰaŋ		western tribes
美	měi	mijX	*mrəjʔ {*[m]rəjʔ}		beautiful
羕	yàng	yangH	*ɢaŋʔ-s {*[ɢ](r)aŋʔ-s}		long
羖	gǔ	kuX	*Cə.kʷˁaʔ		ram
羞	xiū	sjuw	*s-nu		shame
羣	qún	gjun	*ɡur {*[ɡ]ur}		flock, herd, group
羨	xiàn	zjenH	*s-N-qar-s {*s-N-[q]a[r]-s}		covet, desire
羨	xiàn	zjenH	*s-ɢan-s {*s-[ɢ]a[n]-s}		surplus, affluence
義	yì	ngjeH	*ŋaj-s {*ŋ(r)aj-s}		duty; justice
羲	xī	xje	*ŋ̊aj {*ŋ̊(r)aj}		(proper name)
羴	shān	syen	*s.tan		smell of sheep
羶	shān	syen	*s.tan		smell of sheep
羸	léi	ljwe	*roj {*[r]o[j]}		entangle
羹	gēng	kæng	*kˁraŋ		soup
羽	yǔ	hjuX	*ɢʷaʔ {*[ɢ]ʷ(r)aʔ}		feather, wing
翅	chì	syeH	*s-kʰe-s		wing
翊	yì	yik	*N.rək {*[N].rəp} (dial. › *-k)		next day
翌	yì	yik	*N.rəp {*[N].rəp}		next day
翌	yì	yik	*ɢrəp (dial. › -k)		wing
翏	liù	ljuwH	*riw-s {*[r]iw-s}		whistling of the wind
翔	xiáng	zjang	*s-ɢaŋ {*s-[ɢ]aŋ}		fly back and forth; soar
翕	xì	xip	*qʰəp {*qʰ(r)[ə]p}		united, harmonious
翕	xì	xip	*qʰəp {*qʰ(r)[ə]p}		draw in; inhale
翘	qiáo	gjiew	*ɡew {*[ɡ]ew} (failure to palatalize is unexplained)		long tail-feather
翘	qiáo	gjiew	*ɡew {*[ɡ]ew}		raise
翙	huì	xwajH	*qʷʰˁat-s		rustling of wings
翟	dí	dek	*lˁewk		pheasant
翦	jiǎn	tsjenX	*tsenʔ {*[ts][e][n]ʔ}	VERB	cut (v.)
翩	piān	phjien	*pʰen {*pʰe[n]}		fly, flutter about
翫	wàn	ngwanH	*ŋˁon-s {*[ŋ]ˁo[n]-s}		familiar with
翯	hè	hæwk	*ɡˁrawk {*[ɡ]ˁrawk}		white (of birds)
翰	hàn	hanH	*ɡˁar-s {*[ɡ]ˁar-s}		pheasant; feather, wing
翰	hàn	hanH	*ɡˁar-s {*[ɡ]ˁar-s}		high
翰	hàn	hanH	*m-kˁar-s		prop up, support
翹	qiáo	gjiew	*ɡew {*[ɡ]ew} (failure to palatalize is unexplained)		long tail-feather
翹	qiáo	gjiew	*ɡew {*[ɡ]ew}		raise
翼	yì	yik	*ɢrəp (dial. › -k)		wing
翽	huì	xwajH	*qʷʰˁat-s		rustling of wings
翾	xuān	xjwien	*qʷʰen		fly about
耀	yào	yewH	*lewk-s		shine
老	lǎo	lawX	*C-rˁuʔ		old
者	zhě	tsyæX	*taʔ {*tAʔ}		[nominalizing particle]
耆	qí	gij	*ɡrij {*[ɡ]rij}		old
而	ér	nyi	*nə		and, but
耐	nài	nojH	*nˁə-s		endure
耑	duān	twan	*tˁor	NOUN	tip (n.)
耕	gēng	kɛng	*kˁ‹r›eŋ	VERB	plough (v.)
耙	pá	bæ	*bˁra {*[b]ˁra}	NOUN	rake (n.)
耜	sì	ziX	*sə-ləʔ		ploughshare; to plough
耦	ǒu	nguwX	*ŋˁoʔ {*ŋˁ(r)oʔ}	NOUN	pair (n.)
耨	nòu	nuwH	*nˁok-s	VERB	to hoe, to weed
耳	ěr	nyiX	*C.nəʔ		ear
耳	ěr	nyiX	*nəʔ		=而已 “that’s all”
耴	zhé	trjep	*t-nrep		hanging ears (used as N.Pr.)
耻	chǐ	trhiX	*n̥rəʔ {*n̥rə(ŋ)ʔ}		shame; ashamed
耽	dān	tom	*t-qˁəm {*[t-q]ˁ[ə]m}		take pleasure
耿	gěng	kɛngX	*kˁreŋʔ {*[k]ˁreŋʔ}		brilliant; wide awake
聂	niè	nrjep	*nrep		promise
聊	liáo	lew	*rˁiw {*[r]ˁiw}		rely on
聋	lóng	luwng	*C.rˁoŋ		deaf
职	zhí	tsyik	*tək		duties of office
聖	shèng	syengH	*l̥eŋ-s	NOUN	sage (n.)
聚	jù	dzjuH	*m-tsʰoʔ-s		bring together
聚	jù	dzjuX	*m-tsʰoʔ		bring together
聞	wén	mjun	*mun {*mu[n]}	VERB	hear (v.)
聩	kuì	ngwɛjH	*ŋˁreaj-s {*[ŋ]ˁruj-s}		deaf
聪	cōng	tshuwng	*tsʰˁoŋ {*[tsʰ]ˁoŋ}		hear well; intelligent
聰	cōng	tshuwng	*tsʰˁoŋ {*[tsʰ]ˁoŋ}		hear well; intelligent
聲	shēng	syeng	*l̥eŋ {*[l̥]eŋ}	NOUN	sound (n.)
聵	kuì	ngwɛjH	*ŋˁreaj-s {*[ŋ]ˁruj-s}		deaf
聶	niè	nrjep	*nrep		promise
職	zhí	tsyik	*tək		duties of office
聽	tīng	theng	*l̥ˁeŋ		listen
聽	tìng	thengH	*l̥ˁeŋ-s		listen to; obey
聾	lóng	luwng	*C.rˁoŋ		deaf
聿	yù	ywit	*N.rut {*[N.]rut}		following, thereupon
聿	yù	ywit	*m-rut {*[m-]rut}		writing stylus or brush
肃	sù	sjuwk	*siwk	VERB	contract (v.); shrivel
肃	sù	sjuwk	*siwk	VERB	present (v.)
肃	sù	sjuwk	*siwk	VERB	beat (v.)
肃	sù	sjuwk	*siwk		eager; swift
肅	sù	sjuwk	*siwk	VERB	contract (v.); shrivel
肅	sù	sjuwk	*siwk	VERB	present (v.)
肅	sù	sjuwk	*siwk	VERB	beat (v.)
肅	sù	sjuwk	*siwk		eager; swift
肆	sì	sijH	*s-ləp-s		unrestrained
肉	ròu	nyuwk	*k.nuk		meat, flesh
肌	jī	kij	*krəj {*krə[j]}		flesh
肖	xiāo	sjew	*sew {*[s]ew}		disappear
肖	xiào	sjewH	*sew-s {*[s]ew-s}		resemble
肘	zhǒu	trjuwX	*t-k‹r›uʔ		elbow
肙	yuān	ʔwen	*qʷˁen		small worm (SW)
肚	dǔ	tuX	*tˁaʔ		belly, stomach
肚	dù	duX	*m-tˁaʔ	ADV	belly
肜	róng	yuwng	*m.ruŋ {*m.rum} (dial.  *-um › -uŋ)		sacrifice on a following day
肝	gān	kan	*s.kˁar {*s.kˁa[r]}		liver
肠	cháng	drjang	*lraŋ		intestines
股	gǔ	kuX	*kʷˁaʔ		thigh
肢	zhī	tsye	*ke		limb
肤	fū	pju	*pra		skin
肥	féi	bjɨj	*bər {*[b][ə]r}	ADJ	fat (adj.)
肩	jiān	ken	*kˁen {*[k]ˁe[n]}	NOUN	shoulder (n.)
肱	gōng	kwong	*kʷˁəŋ {*[k]ʷˁəŋ}		(upper) arm
育	yù	yuwk	*m-quk		breed, produce
肴	yáo	hæw	*ɡˁraw {*[ɡ]ˁraw}		food
肺	fèi	phjojH	*pʰot-s {*pʰo[t]-s}		lung
肾	shèn	dzyinX	*ɡinʔ {*[ɡ]i[n]ʔ}		kidney
肿	zhǒng	tsyowngX	*toŋʔ		swell, swollen; tumor
胁	xié	xjæp	*qʰ‹r›ep		flank, side of the body
胃	wèi	hjwɨjH	*ɢʷət-s {*[ɢ]ʷə[t]-s}		stomach
胆	dǎn	tamX	*tˁamʔ {*[t]ˁamʔ}		gall
胉	bó	phak	*pʰˁak		shoulder blade
背	bèi	bwojH	*m-pˁək-s		turn the back on
背	bèi	pwojH	*pˁək-s	NOUN	the back
胎	tāi	thoj	*l̥ˁə		fetus
胑	zhī	tsye	*ke		branch, limb
胙	zuò	dzuH	*dzˁak-s {*[dz]ˁak-s}		sacrificial meat and wine
胜	shēng	sying	*l̥əŋ		equal to, capable of
胜	shèng	syingH	*l̥əŋ-s		overcome; surpass
胞	bāo	pæw	*pˁ‹r›u		womb
胡	hú	hu	*ɡˁa {*[ɡ]ˁa}		foreigners in the north
胤	yìn	yinH	*[ɢ]ər-s {*[ɢ]ə[n]-s}		descendants
胫	jìng	hengH	*m-kʰˁeŋ-s		leg, shank
胳	gē	kak	*C.qˁak {*[C.q]ˁak}		armpit
胶	jiāo	kæw	*kˁriw {*[k]ˁriw}		glue
胶	jiǎo	kæwX	*kˁriwʔ {*[k]ˁriwʔ}		glue
能	néng	noj	*nˁə	NOUN	a kind of bear
能	néng	nong	*nˁə {*nˁə(ŋ)}	NOUN	a kind of bear
能	néng	nong	*nˁə {*nˁə(ʔ)} ~ *nˁəŋ		able; ability
脀	zhēng	tsying	*təŋ		present (meat) in sacrifice
脂	zhī	tsyij	*kij		fat, grease
脅	xié	xjæp	*qʰ‹r›ep		flank, side of the body
脈	mài	mɛk	*C.mˁ‹r›ik {*C.mˁ‹r›[i]k}		vein
脉	mài	mɛk	*C.mˁ‹r›ik {*C.mˁ‹r›[i]k}		vein
脉	mài	mɛk	*mˁ‹r›ik {*[m]ˁ‹r›[i]k}		vein
脊	jǐ	tsjek	*tsek {*[ts]ek}		spine, backbone
脑	nǎo	nawX	*nˁuʔ {*nˁ[u]ʔ}		brain
脓	nóng	nowng	*C.nˁuŋ		pus
脚	jiǎo	kjak	*kak {*[k]ak}		leg, foot
脚	jiǎo	kjak	*s.kak		leg, foot
脛	jìng	hengH	*m-kʰˁeŋ-s		leg, shank
脣	chún	zywin	*sə.dur {*sə.[d]ur}		lip
脩	xiū	sjuw	*s-liw		dried meat
脫	tuō	dwajH	*lˁot-s		easy, leisurely
脫	tuō	dwat	*lˁot		remove outer covering
脫	tuō	thwat	*mə-l̥ˁot		peel off
脯	fǔ	pjuX	*paʔ {*p(r)aʔ}		dried meat
脰	dòu	duwH	*kə.dˁok-s		neck
脱	tuō	dwajH	*lˁot-s		easy, leisurely
脱	tuō	dwat	*lˁot		remove outer covering
脱	tuō	thwat	*mə-l̥ˁot		peel off
脶	luó	lwa	*k.rˁoj		fingerprint
腆	tiǎn	thenX	*tʰˁənʔ {*tʰˁə[n]ʔ}		thick, ample
腊	là	lap	*rˁap {*[r]ˁap}		winter sacrifice
腎	shèn	dzyinX	*ɡinʔ {*[ɡ]i[n]ʔ}		kidney
腡	luó	lwa	*k.rˁoj		fingerprint
腦	nǎo	nawX	*nˁuʔ {*nˁ[u]ʔ}		brain
腫	zhǒng	tsyowngX	*toŋʔ		swell, swollen; tumor
腯	tú	dwot	*lˁut		fat
腰	yāo	ʔjiew	*ʔew		waist
腳	jiǎo	kjak	*s.kak		leg, foot
腸	cháng	drjang	*lraŋ		intestines
腹	fù	pjuwk	*puk {*p(r)uk}	ADV	belly
腻	nì	nrijH	*nrij-s {*nri[j]-s}	ADV	oily
腼	tiǎn	thenX	*t-kʰˁenʔ {*t-[kʰ]ˁe[n]ʔ}		visible
腾	téng	dong	*lˁəŋ	VERB	to mount; oppress
膉	yì	ʔjiek	*qek {*q[e]k}		throat
膊	pò	phak	*pʰˁak		dismember
膏	gāo	kaw	*Cə.kˁaw {*Cə.[k]ˁaw}	NOUN	lard (n.)
膏	gāo	kawH	*kˁaw-s {*[k]ˁaw-s}	VERB	smear with lard (v.)
膚	fū	pju	*pra		skin
膝	xī	sit	*s-tsik		knee
膠	jiāo	kæw	*kˁriw {*[k]ˁriw}		glue
膠	jiǎo	kæwX	*kˁriwʔ {*[k]ˁriwʔ}		glue
膩	nì	nrijH	*nrij-s {*nri[j]-s}	ADV	oily
膷	xiāng	xjang	*qʰaŋ {*[qʰ]aŋ}		beef soup
膺	yīng	ʔing	*qəŋ {*[q](r)əŋ}		breast(plate); oppose
膻	shān	syen	*s.tan {*[s.t]a[n]}		smell of sheep
膽	dǎn	tamX	*tˁamʔ {*[t]ˁamʔ}		gall
膿	nóng	nowng	*C.nˁuŋ		pus
臂	bì	pjieH	*pek-s		arm
臆	yì	ʔik	*ʔək {*ʔ(r)ək}		bosom
臊	sāo	saw	*m-sˁaw		fat of swine or dog
臘	là	lap	*rˁap {*[r]ˁap}		winter sacrifice
臝	luǒ	lwaX	*kˁorʔ-rˁorʔ (redup. infixed form from *kˁorʔ 'fruit')		kwaX.lwaX a kind of gourd
臣	chén	dzyin	*ɡin {*[ɡ]i[n]}		slave, subject
臥	wò	ngwaH	*ŋˁoj-s {*[ŋ]ˁ[o]j-s}		lie down, sleep
臧	zāng	tsang	*tsˁaŋ {*[ts]ˁaŋ}		good
臨	lín	lim	*rəm {*(p.)r[ə]m}		look down at
自	zì	dzijH	*N-tsit-s {*N-tsi[t]-s}	ADV	self (adv.)
自	zì	dzijH	*S.bit-s {*S.[b]i[t]-s}	VERB	to follow; from
臭	chòu	tsyhuwH	*t-qʰu-s {*t-qʰu(ʔ)-s}	VERB	odor, to stink (intransitive)?
臭	chòu	xjuwH	*qʰu-s {*[qʰ]u(ʔ)-s}	VERB	odor, to stink (intransitive)?
臭	chòu	xjuwH	*qʰu-s {*[qʰ]u(ʔ)-s}	VERB	odor, to stink (intransitive)?
至	zhì	tsyijH	*tit-s {*ti[t]-s}		arrive
致	zhì	trijH	*trit-s {*tri[t]-s}		(cause to arrive): transmit
臺	tái	doj	*lˁə		tower
臼	jiù	gjuwX	*C.ɡʷəʔ {*C.[ɡ]ʷ(r)əʔ}		mortar
臽	xiàn	hɛmH	*ɡˁrom-s {*[ɡ]ˁrom(ʔ)-s}		small pit
臾	yú	yu	*ɢo {*[ɢ](r)o}		pull, drag
臿	chā	tsrhɛp	*tsʰ‹r›op {*[tsʰ](ˁ)‹r›op}		pestle
舁	yú	yoX	*C.ɢaʔ		give
舂	chōng	syowng	*s-toŋ	VERB	hull grain, beat (v.) stick for beating (n.)
舄	xì	sjek	*s.qʰak {*s.qʰAk}		slipper, shoe
舄	xì	tshjak	*s.qʰak {*s.qʰAk}  (dial. › tsh-, › -jak)		slipper, shoe
舅	jiù	gjuwX	*ɡuʔ {*[ɡ](r)uʔ}		MoBr
舆	yú	yo	*m-qa {*m-q(r)a}		vehicle, carriage; carry on shoulders
與	yǔ	yoX	*C.ɢaʔ		give; for; and
與	yù	yoH	*ɢaʔ-s		participate in
興	xīng	xing	*qʰəŋ {*qʰ(r)əŋ}		lift, rise
舉	jǔ	kjoX	*C.qaʔ {*C.q(r)aʔ}		lift, raise
舉	jǔ	kjoX	*kaʔ {*[k](r)aʔ}		all
舊	jiù	gjuwH	*N-kʷəʔ-s		old
舌	shé	zyet	*mə.lat		tongue
舍	shě	syæX	*l̥aʔ {*l̥Aʔ}		set aside, give up
舍	shě	syæX	*l̥aʔ {*l̥Aʔ}		set aside, give up
舍	shè	syæH	*r̥ak-s {*r̥Ak-s}		lodging-house
舐	shì	zyeX	*Cə.leʔ		lick
舒	shū	syo	*l̥a		slow, easy
舓	shì	zyeX	*Cə.leʔ	VERB	to lick
舛	chuǎn	tsyhwenX	*tʰonʔ {*[tʰ]o[n]ʔ}		oppose, contrary
舞	wǔ	mjuX	*kə.maʔ {*kə.m(r)aʔ}	VERB	dance (v.)
舟	zhōu	tsyuw	*tu		boat
航	háng	hang	*N-ɡˁaŋ {*[N]-[g]ˁaŋ}		boat; two boats tied together
舫	fǎng	pangH	*pˁaŋ-s		boat
舫	fǎng	pjangH	*paŋ-s		boat
舵	duò	daX	*lˁajʔ  ~ *C.lˁajʔ		rudder; helm
船	chuán	zywen	*Cə.lon {*Cə.lo[n]}		boat
良	liáng	ljang	*raŋ {*[r]aŋ}		good
艰	jiān	kɛn	*kˁrər {*kˁrə[r]}		difficulty
艱	jiān	kɛn	*kˁrər {*kˁrə[r]}		difficulty
色	sè	srik	*srək		color; countenance
艴	bó	bwot	*bˁut {*[b]ˁut}		annoyed looks
艴	fú	phjut	*pʰut		annoyed looks
艺	yì	ngjiejH	*ŋet-s I!		cultivation, art, skill
艾	ài	ngajH	*C.ŋˁat-s {*C.ŋˁa[t]-s}		Artemisia; moxa
节	jié	tset	*tsˁik		joint of bamboo
芋	yù	hjuH	*ɢʷa-s {*[ɢ]ʷ(r)a-s}		taro (Colocasia antiquorum?)
芐	xià	hæH	*ɡˁra-s {*[ɡ]ˁra()-s}		rush, sedge
芒	huǎng	xwangX	*m̥ˁaŋʔ		obscure, confused
芒	máng	mang	*mˁaŋ		awn, beard of grain
芗	xiāng	xjang	*qʰaŋ		fragrance
芥	jiè	kɛjH	*kˁret-s {*kˁr[e][t]-s}		mustard plant
花	huā	xwæ	*qʷʰˁra	NOUN	flower (n.)
芳	fāng	phjang	*pʰaŋ {*[pʰ]aŋ}		fragrant
芴	hū	xwot	*m̥ˁut		careless; confused
芸	yún	hjun	*ɢʷən {*[ɢ]ʷə[n]}		ample, rich
芻	chú	tsrhju	*tsʰro {*[tsʰ]ro}		grass for fuel or fodder
芼	mào	mawH	*mˁaw-s {*mˁaw(k)-s}		cull and cook
芽	yá	ngæ	*m-ɢˁra {*m-[ɢ]ˁra}		shoot, sprout
苍	cāng	tshang	*tsʰˁaŋ {*[tsʰ]ˁaŋ}		deep blue or green
苏	sū	su	*s.ŋˁa		revive
苑	yuǎn	ʔjwonX	*ʔorʔ {*[ʔ]o[r]ʔ}	NOUN	resentment
苑	yuǎn	ʔjwonX	*ʔorʔ {*[ʔ]o[r]ʔ}		park for hunting
苗	miáo	mjew	*maw {*m(r)aw}	NOUN	sprout (n.)
苞	bāo	pæw	*pˁ‹r›u		reed mat for wrapping
苟	gǒu	kuwX	*kˁoʔ {*[k]ˁ(r)oʔ}		if really
若	ruò	nyak	*nak	PRON	you
若	ruò	nyak	*nak		agree
苦	kǔ	khuX	*kʰˁaʔ		bitter
苫	shān	syem	*s.tem		thatch
苫	shàn	syemH	*s-tem-s		thatch
英	yīng	ʔjæng	*ʔraŋ		flower, blossom
茀	fú	phjut	*pʰut {*pʰ[u]t}		shrubby
茀	fú	pjut	*pət {*p[ə]t}		remove dense vegetation
范	fàn	bjomX	*bomʔ {*[b](r)omʔ}		casting mold
范	fàn	bjomX	*bomʔ {*(Cə.)[b](r)omʔ}		( surname)
范	fàn	bjomX	*m-pʰomʔ {*[m-pʰ](r)omʔ}		bee
茅	máo	mæw	*C.mˁru	NOUN	kind of grass; 'thatch'
茆	mǎo	mæwX	*mˁruʔ		Brasenia
茇	bá	bat	*m-pˁat		halt in the open
茇	bá	pat	*pˁat		halt in the open
茎	jīng	hɛng	*m-k-lˁ‹r›eŋ	NOUN	stalk (n.)
茙	róng	nyuwng	*nuŋ (‹ *num?)	NOUN	a kind of bean
茝	zhǐ	tsyiX	*t-qəʔ		Iris
茷	pèi	bajH	*bˁat-s {*[b]ˁ[a][t]-s}		streamer, flutter
茹	rú	nyoH	*naʔ-s		swallow, eat
茹	rú	nyoX	*naʔ		swallow, eat
荀	xún	swin	*s.qʷin {*s.qʷi[n]}		spec. of plant; (proper name]
荂	huā	xju	*qʷʰa {*qʷʰ(r)a}		flower
荅	dá	top	*tˁəp {*[t]ˁ[ə]p}		small bean
荆	jīng	kjæng	*kreŋ {*[k]reŋ}		briar
荇	xìng	hængX	*ɡˁraŋʔ {*[ɡ]ˁraŋʔ}		Limnanthemum nymphoides
草	cǎo	tshawX	*tsʰˁuʔ {*[tsʰ]ˁuʔ}		grass, plants
荊	jīng	kjæng	*kreŋ {*[k]reŋ}		briar
荏	rěn	nyimX	*nəmʔ {*n[ə]mʔ} (‹ *num?)	NOUN	a kind of big beans
荐	jiàn	dzenH	*N-tsˁən-s {*N-tsˁə[n]-s}		grass, herb
荐	jiàn	dzenH	*dzˁər-s {*[dz]ˁə[r]-s}	NOUN	a second time
荐	jiàn	tsenH	*Cə.tsˁər-s {*Cə.[ts]ˁə[r]-s}		grass, fodder
荒	huāng	xwang	*m̥ˁaŋ		weed-covered
荡	dàng	dangH	*lˁaŋ-s		throw out, purify from
荣	róng	hjwæng	*N-qʷreŋ {*[N-qʷ]reŋ}		glory, honor
荤	xūn	xjun	*qʰun {*qʰu[n]}		Allium
荧	yíng	hweng	*N-qʷˁeŋ {*[N]-qʷˁeŋ}		dazzle
荫	yìn	ʔimH	*qəm-s {*q(r)[ə]m-s}		shade
药	yào	yak	*m-rewk {*m-r[e]wk}		medicinal plant
荷	hé	ha	*ɡˁaj {*[ɡ]ˁaj}		lotus
莊	zhuāng	tsrjang	*tsraŋ {*[ts]raŋ}		dignified, grave
莒	jǔ	kjoX	*k.raʔ (dial. › kraʔ)		plant; place name
莖	jīng	hɛng	*m-k-lˁ‹r›eŋ	NOUN	stalk (n.)
莘	shēn	srin	*srin {*sri[n]}		long, drawn-out
莠	yǒu	yuwX	*luʔ {*[l]uʔ}		weeds
莫	mò	mak	*mˁak		there is no X such that X …
莫	mò	mak	*mˁak	VERB	deliberate (v.) (loan)
莲	lián	len	*k.rˁen {*k.[r]ˁe[n]}		lotus fruit
获	huò	hwak	*ɢʷˁak {*[ɢ]ʷˁak}		reap
获	huò	hwɛk	*m-qʷˁrak	VERB	catch (v.)
菇	gū	ku	*mə.kˁa		mushroom
菉	lù	ljowk	*rok {*(p.)rok}	ADJ	(name of a plant)
菌	jùn	gwinX	*ɡrunʔ {*[ɡ]runʔ}		mushroom
菜	cài	tshojH	*m-sˁrəʔ-s		vegetables
華	huā	xwæ	*qʷʰˁra	NOUN	flower (n.)
華	huá	hwæ	*N-qʷʰˁra	VERB	flower (v.); flowery (adj.)
華	huà	hwæH	*ɢʷˁra-s {*[ɢ]ʷˁra-s}	PROPN	[name of a mountain]
萃	cuì	dzwijH	*dzəp-s {*[dz][ə]p-s}		collect, crowd
萋	qī	tshej	*tsʰˁəj {*[tsʰ]ˁəj}		ample, rich, luxuriant
萏	dàn	domX	*rˁomʔ (in a binom)		homX.domX lotus flower
营	yíng	yweng	*ɢʷeŋ {*[ɢ]ʷeŋ}		demarcate, encamp
萧	xiāo	sew	*sˁiw		Artemisia
萧	xiāo	sew	*sˁiw		蕭蕭 neighing of horses
萬	wàn	mjonH	*C.man-s {*C.ma[n]-s}		10000
落	luò	lak	*kə.rˁak	VERB	fall (v.)
葉	yè	yep	*lap {*l[a]p}		leaf
著	zhù	trjoH	*t‹r›ak-s	NOUN	place (n.); visible
著	zhuó	drjak	*m-t‹r›ak		put on clothes; be attached
著	zhuó	trjak	*t‹r›ak	VERB	to place
葚	shèn	zyimX	*sə-dəmʔ {*sə-d[ə]mʔ}		mulberry fruit
葫	hú	hu	*ɡˁa {*[ɡ]ˁa}		gourd
葬	zàng	tsangH	*tsˁaŋ-s {*[ts]ˁaŋ-s}		bury
葱	cōng	tshuwng	*tsʰˁoŋ {*[ts]ʰˁoŋ}		onion
葷	xūn	xjun	*qʰun {*qʰu[n]}		Allium
蒙	méng	muwng	*mˁoŋ	VERB	cover (v.)
蒡	páng	bang	*bˁaŋ {*[b]ˁaŋ}	ADJ	(a kind of plant)
蒦	huò	hwɛk	*m-qʷˁrak		catch, get
蒲	pú	bu	*bˁa {*[b]ˁa}		part of personal name
蒸	zhēng	tsying	*təŋ		twigs as firewood
蒹	jiān	kem	*kˁem {*[k]ˁem}		rush, sedge
蒼	cāng	tshang	*tsʰˁaŋ {*[tsʰ]ˁaŋ}		deep blue or green
蓁	zhēn	tsrin	*tsrin {*[ts]ri[n]}		luxuriant
蓄	xù	trhjuwk	*qʰ‹r›uk		collect, store
蓋	gài	kajH	*kˁap-s {*[k]ˁap-s}	VERB	cover (v.); cover (n.)
蓍	shī	syij	*s-kij		Achillea (?)
蓐	rù	nyowk	*nok		straw bedding
蓑	suō	swa	*sˁoj {*[s]ˁoj}		raincoat of straw of rush
蓝	lán	lam	*N-k.rˁam		indigo
蓮	lián	len	*k.rˁen {*k.[r]ˁe[n]}		lotus fruit
蓳	jìn	kjɨnH	*kər-s {*kə[r]-s}		aconite
蓳	jìn	kjɨnX	*kərʔ {*kə[r]ʔ}		(kind of vegetable)
蓺	yì	ngjiejH	*ŋet-s I!	VERB	to sow
蔑	miè	met	*mˁet		destroy; not have
蔓	wàn	mjonH	*C.man-s {*C.ma[n]-s}		creep; creeping plant
蔚	wèi	ʔjwɨjH	*ʔut-s		Artemisia
蔚	yù	ʔjut	*ʔut		Artemisia
蔡	cài	tshajH	*s.r̥ˁat-s	ADJ	(name of a state)
蔥	cōng	tshuwng	*tsʰˁoŋ {*[ts]ʰˁoŋ}		onion
蔬	shū	srjo	*sra		vegetable, grain
蔭	yìn	ʔimH	*qəm-s {*q(r)[ə]m-s}		shade
蔹	lián	ljem	*ram {*[r][a]m}	ADJ	(a kind of creeping plant)
蔽	bì	pjiejH	*pet-s {*pe[t]-s}	VERB	cover (v.)
蕃	fān	pjon	*par		hedge, screen
蕃	fán	bjon	*bar {*[b]ar}		luxuriant (growth); flourishing
蕑	jiān	kɛn	*k.rˁan (dial. › *kˁr-)		orchid
蕑	jiān	kɛn	*k.rˁen {*k.rˁe[n]} (dial. *k.rˁ- › kˁr-)		lotus fruit (Ode 145.2)
蕨	jué	kjwot	*Cə.kot	ADJ	bracken (a kind of edible fern)
蕩	dàng	dangH	*lˁaŋ-s		throw out, purify from
蕭	xiāo	sew	*sˁiw		Artemisia
蕭	xiāo	sew	*sˁiw		蕭蕭 neighing of horses
蕴	yǔn	ʔjunX	*ʔunʔ		accumulate, block up
蕴	yùn	ʔjunH	*ʔunʔ-s		accumulate, block up
薁	yù	ʔjuwk	*ʔuk {*ʔ(r)uk}		wild vine
薄	bó	bak	*bˁak {*(Cə.)[b]ˁak}		thin
薅	hāo	xaw	*qʰˁu	VERB	clear away, weed (v.)
薌	xiāng	xjang	*qʰaŋ		fragrance
薑	jiāng	kjang	*kaŋ		ginger
薖	kē	khwa	*kʷʰˁaj		great
薙	tì	thejH	*l̥ˁij-s		clear weeds
薦	jiàn	tsenH	*Cə.tsˁər-s {*Cə.[ts]ˁə[r]-s}		grass, fodder
薨	hōng	xwong	*m̥ˁəŋ	VERB	to die (of king or prince)
薪	xīn	sin	*sin {*si[n]}		firewood
薰	xūn	xjun	*qʰun {*qʰu[n]}		Allium
薶	mái	mɛj	*mˁrə		bury
藉	jí	dzjek	*dzak {*[dz]Ak}	NOUN	tribute (n.)
藉	jiè	dzjæH	{*[dz]Ak-s}		loan, borrow
藉	jiè	dzjæH	*dzak-s {*[dz]Ak-s}		straw bedding; (base oneself on:) depend on
藍	lán	lam	*N-k.rˁam		indigo
藏	cáng	dzang	*m-tsʰˁaŋ	VERB	store (v.)
藏	zàng	dzangH	*dzˁaŋ-s {*[dz]ˁaŋ-s}	NOUN	store, repository (n.)
藘	lǘ	ljo	*ra {*[r]a}		rúlǘ ‹ nyo-ljo ‹ *na.la 'madder (plant)'
藙	yì	ngjɨjH	*ŋət-s {*[ŋ]ə[t]-s}		Zanthoxylum (Sichuan pepper)
藚	xù	zjowk	*sə.lok		Alisma plantago
藝	yì	ngjiejH	*ŋet-s I!		cultivation, art, skill
藥	yào	yak	*m-rewk {*m-r[e]wk}		medicinal plant
藩	fān	pjon	*par	NOUN	hedge (n.)
藻	zǎo	tsawX	*tsˁawʔ {*[ts]ˁawʔ}	NOUN	kind of water plant
蘇	sū	su	*s.ŋˁa		revive
蘊	yǔn	ʔjunX	*ʔunʔ		accumulate, block up
蘊	yùn	ʔjunH	*ʔunʔ-s		accumulate, block up
蘞	lián	ljem	*ram {*[r][a]m}	ADJ	(a kind of creeping plant)
蘭	lán	lan	*k.rˁan		orchid
虍	hū	xu	*qʰˁra (dial. *qˁʰr- ›ŋ̊ˁ- › x-)		tiger
虎	hǔ	xuX	*qʰˁraʔ (W dial.)		tiger
虐	nüè	ngjak	*ŋawk {*[ŋ](r)awk}		cruel
虑	lǜ	ljoH	*ra-s {*[r]a-s}		think, consider
虒	sī	sje	*s.le		(place name)
虔	qián	gjen	*ɡran {*[ɡ]ra[n]}		kill; cut (v.)
處	chǔ	tsyhoX	*t.qʰaʔ	VERB	be at
處	chù	tsyhoH	*t.qʰaʔ-s	NOUN	place (n.)
虚	xū	khjo	*C.qʰa {*C.qʰ(r)a}		hill, mound; abandoned city
虚	xū	xjo	*qʰa {*qʰ(r)a}		empty
虛	xū	khjo	*C.qʰa {*C.qʰ(r)a}		hill, mound; abandoned city
虛	xū	xjo	*qʰa {*qʰ(r)a}		empty
虞	yú	ngju	*ŋʷa {*[ŋ]ʷ(r)a}		foresee
虞	yú	ngju	*ŋʷa {*[ŋ]ʷ(r)a}		gamester; forester
號	háo	haw	*C.ɡˁaw {*[C.ɡ]ˁaw}		call out
號	háo	hawH	*Cə.ɡaw-s {*Cə.[ɡ]ˁaw-s}	NOUN	command, call (n.)
虢	guó	kwæk	*kʷˁrak {*[k]ʷˁrak}		(place name)
虧	kuī	khjwe	*kʷʰaj {*[k]ʷʰ(r)aj}		diminish
虫	chóng	drjuwng	*C.lruŋ		insect
虮	qí	gjɨj	*C.ɡəj {*C.[ɡ]əj}		[not in GSR:] leech
虹	jiàng	kæwngH	*kˁroŋ-s		rainbow
虺	huī	xwoj	*r̥ˁuj {*[r̥]ˁu[j]} (dial. *r̥- › x-)		exhausted, weary
虺	huǐ	xjwɨjX	*r̥ujʔ {*[r̥]u[j]ʔ} (dial. *r̥- › x-)		snake-brood
虽	suī	swij	*s-qʷij		although; even if
虾	há	hæ	*ɡˁra {*[ɡ]ˁra}		hae-mae frog
虿	chài	trhæjH	*mə-r̥ˁat-s {*mə-r̥ˁa[t]-s}		scorpion
蚀	shí	zyik	*mə-lək		(eat:) eclipse
蚁	yǐ	ngjeX	*m-qʰajʔ {*m-qʰ(r)ajʔ}		ant
蚉	wén	mjun	*C.mən {*C.mə[n]}		mosquito
蚊	wén	mjun	*C.mən {*C.mə[n]}		mosquito
蚌	bàng	bæwngX	*bˁroŋʔ {*[b]ˁroŋʔ}		oyster, mussel
蚓	yǐn	yinX	*m-qərʔ {*[m-q](r)ə[r]ʔ}		earth-worm (khjuw.yinX)
蚕	cán	dzom	*C.dzˁəm {*C.dzˁ[ə]m}		silkworm
蚤	zǎo	tsawX	*kə.tsˁuʔ {*kə.[ts]ˁuʔ}		flea
蚯	qiū	khjuw	*kʷʰə {*[k]ʷʰə}		earth-worm (khjuw.yinX)
蚳	chí	drij	*drij {*[d]rij}		ant egg
蛇	shé	zyæ	*Cə.laj {*Cə.lAj}		snake
蛊	gǔ	kuX	*kˁaʔ {*[k]ˁaʔ}		noxious vermin
蛎	lì	ljejH	*mə-rat-s		stinging insect
蛙	wā	ʔwɛ	*qʷˁre		frog
蛛	zhū	trju	*tro		*tre-tro spider
蛮	mán	mæn	*mˁron {*mˁro[n]}		southern foreigner
蛰	zhé	drip	*drip {*[d]rip}		hibernate; cluster
蛻	tuì	thwajH	*l̥ˁot-s		exuviae of insects or reptiles
蛻	yuè	ywet	*lot		exuviae of insects or reptiles
蛾	é	nga	*ŋˁaj		silkworm
蛾	yǐ	ngjeX	*m-qʰajʔ {*m-qʰ(r)ajʔ}		ant
蜀	shǔ	dzyowk	*dok {*[d]ok}		caterpillar; Shu [place name]
蜂	fēng	phjowng	*pʰoŋ {*pʰ(r)oŋ}		bee
蜃	shèn	dzyinX	*dərʔ {*[d]ərʔ}		clam, oyster
蜉	fú	bjuw	*bu {*[b](r)u}	ADV	mayfly
蜎	yuān	ʔjwienX	*qʷenʔ		crawl (as an insect); soft, bending
蜎	yuān	ʔwen	*qʷˁen		crawl (as an insect); soft, bending
蜎	yuān	gjwienX	*m-k-qʷenʔ {*[m-k-qʷ]enʔ}		crawl (as an insect); soft, bending
蜕	tuì	thwajH	*l̥ˁot-s		exuviae of insects or reptiles
蜕	yuè	ywet	*lot		exuviae of insects or reptiles
蜗	wō	kwæ	*k.rˁoj (dial. › *kˁroj)		snail
蜚	fěi	pjɨjX	*pəjʔ		noxious insect
蜜	mì	mjit	*mit		honey
蜡	là	lap	*k.rˁap		wax
蜯	bàng	bæwngX	*bˁroŋʔ {*[b]ˁroŋʔ}		oyster, mussel
蜴	yì	yek	*lek		lizard
蜾	guǒ	kwaX	*kˁorʔ-rˁorʔ (redup. infixation ‹ *kˁorʔ)		kwaX.lwaX a kind of wasp
蝇	yíng	ying	*m.rəŋ	NOUN	fly (n.)
蝇	yíng	ying	*m.rəŋ	NOUN	fly (n.)
蝉	chán	dzyen	*dar {*[d]a[r]}		cicada
蝓	yú	zyu	*Cə.lo		snail
蝕	shí	zyik	*mə-lək		(eat:) eclipse
蝗	huáng	hwang	*ɢʷˁaŋ {*[ɢ]ʷˁaŋ}		locust
蝟	wèi	hjwɨjH	*ɢʷət-s {*[ɢ]ʷə[t]-s}		porcupine
蝤	qiú	dzjuw	*dzu {*[dz]u}		tree-grub
蝦	há	hæ	*ɡˁra {*[ɡ]ˁra}		hae-mae frog
蝨	shī	srit	*srit {*sri[t]}		louse
蝸	wō	kwæ	*k.rˁoj (dial. › *kˁroj)		snail
融	róng	yuwng	*luŋ (? ‹ *lum)		hot air, steam, heat
螘	yǐ	ngjɨjX	*m-qʰəjʔ		ant
螘	yǐ	ngjeX	*m-qʰajʔ {*m-qʰ(r)ajʔ}		ant
螫	shì	syek	*qʰak {*qʰAk}	VERB	sting (v.)
螭	chī	trhje	*r̥aj (E. dial. *r̥- › trh-)		demon
螺	luó	lwa	*k.rˁoj		spiral
螼	qǐn	khinH	*C-qʰrərʔ-s {*C-qʰrə[r]ʔ-s}		earthworm
螼	qǐn	khinX	*C-qʰrərʔ {*C-qʰrə[r]ʔ}		earthworm
螽	zhōng	tsyuwng	*tuŋ		tsyuwng.sje locust
螾	yǐn	yinX	*m-qərʔ {*[m-q](r)ə[r]ʔ}		earthworm
蟄	zhé	drip	*drip {*[d]rip}		hibernate; cluster
蟣	qí	gjɨj	*C.ɡəj {*C.[ɡ]əj}		[not in GSR:] leech
蟬	chán	dzyen	*dar {*[d]a[r]}		cicada
蟲	chóng	drjuwng	*C.lruŋ		insect
蟹	xiè	hɛX	*m-kˁreʔ		crab
蟻	yǐ	ngjeX	*m-qʰajʔ {*m-qʰ(r)ajʔ}		ant
蠃	luǒ	lwaX	*rˁojʔ {*[r]ˁo[j]ʔ}		kwaX.lwaX a kind of wasp
蠅	yíng	ying	*m.rəŋ	NOUN	fly (n.)
蠅	yíng	ying	*m.rəŋ	NOUN	fly (n.)
蠆	chài	trhæjH	*mə-r̥ˁat-s {*mə-r̥ˁa[t]-s}		scorpion
蠟	là	lap	*k.rˁap		wax
蠣	lì	ljejH	*mə-rat-s		stinging insect
蠱	gǔ	kuX	*kˁaʔ {*[k]ˁaʔ}		noxious vermin
蠶	cán	dzom	*C.dzˁəm {*C.dzˁ[ə]m}		silkworm
蠹	dù	tuH	*tˁak-s		grubs in wood, vermin
蠻	mán	mæn	*mˁron {*mˁro[n]}		southern foreigner
血	xuè	xwet	*m̥ˁik		blood
衁	huāng	xwang	*m̥ˁaŋ		blood
衅	xìn	xinH	*m̥rər-s		smear with blood
行	háng	hang	*ɡˁaŋ {*[ɡ]ˁaŋ}		rank, row
行	xíng	hæng	*Cə.ɡˁraŋ	VERB	walk (v.)
行	xíng	hængH	*ɡˁraŋ-s {*[ɡ]ˁraŋ-s}	NOUN	action
衍	yǎn	yenX	*N-qanʔ {*N-q(r)anʔ}		overflow
術	shù	zywit	*Cə-lut		technique
衔	xián	hæm	*Cə.ɡˁram {*Cə.[ɡ]ˁr[a]m}	NOUN	a bit; hold in the mouth
街	jiē	kɛ	*kˁre {*[k]ˁre}		road-crossing
衛	wèi	hjwejH	*ɢʷat-s {*[ɢ]ʷ(r)a[t]-s}	VERB	to guard
衝	chōng	tsyhowng	*tʰoŋ		rush against
衡	héng	hæng	*ɡˁraŋ {*[ɡ]ˁraŋ}		beam of a steelyard
衣	yī	ʔjɨj	*ʔəj {*ʔ(r)əj}		clothes
衣	yì	ʔjɨjH	*ʔəj-s	VERB	wear (v.t.)
补	bǔ	puX	*Cə-pˁaʔ	VERB	to patch
表	biǎo	pjewX	*pawʔ {*p(r)awʔ}		exterior
衰	cuī	tshwoj	*N-sˁruj		mourning clothes
衰	shuāi	srwij	*sruj		diminish, decline
衵	rì	nyit	*nik	NOUN	a lady's clothes nearest to the body
衽	rèn	nyimH	*nəmʔ-s {*n[ə]mʔ-s}		skirts of robe, flaps; lapel
衽	rèn	nyimX	*nəmʔ {*n[ə]mʔ}		skirts of robe, flaps; lapel
衾	qīn	khim	*kʰəm {*[k]ʰ(r)[ə]m}		coverlet
袁	yuán	hjwon	*ɢʷan {*[ɢ]ʷa[n]}		long robe
袂	mèi	kwet	*k.mˁet (dial. › kw-)		sleeve
袂	mèi	mjiejH	*k.met-s		sleeve
袋	dài	dojH	*Cə.lˁək-s		bag
袍	páo	baw	*m.pˁu {*[m.p]ˁu}		long robe
袖	xiù	zjuwH	*sə.lu-s		sleeve
袗	zhěn	tsyinX	*tənʔ {*tə[n]ʔ}		unlined garment
被	bèi	bjeX	*m-pajʔ {*m-p(r)ajʔ}		cover self with
被	pī	phje	*mə-pʰaj {*mə-pʰ(r)aj}		cover oneself with
被	pì	phjeH	*pʰaj-s {*pʰ(r)aj-s}		cloak
袭	xí	zip	*sə-ləp {*sə-l[ə]p}		repeat; additional robe
袭	xí	zip	*sə.ləp {*sə.l[ə]p}		surprise attack
袺	jié	kɛt	*kˁ‹r›it {*kˁ‹r›i[t]}		lift up the skirts
袺	jié	ket	*kˁit {*kˁi[t]}		lift up the skirts
袼	gē	kæk	*C.q‹r›ak {*[C.q]ˁ‹r›ak}		armpit-seam of a coat
裁	cái	dzoj	*Cə.dzˁə {*[Cə.dz]ˁə}		cut out clothes
裏	lǐ	liX	*mə.rəʔ {*mə.[r]əʔ}		inside
裘	qiú	gjuw	*ɡʷə {*[ɡ]ʷə}		fur garment
裙	qún	gjun	*ɡur {*[ɡ]ur}		skirt
補	bǔ	puX	*Cə-pˁaʔ	VERB	to patch
裳	cháng	dzyang	*daŋ		lower garment
裸	luǒ	lwaX	*rˁorʔ {*rˁo[r]ʔ}		bare, naked
裹	guǒ	kwaX	*s.kˁorʔ {*s.[k]ˁo[r]ʔ}	VERB	to wrap
製	zhì	tsyejH	*tet-s	ADJ	cut out (a garment)
複	fù	pjuwk	*pruk {*p(r)uk}		double, lined (garment)
褐	hè	hat	*ɢˁat {*[ɢ]ˁat}		coarse cloth
褒	bāo	paw	*pˁu	VERB	praise (v.)
褚	zhǔ	trjoX	*traʔ	VERB	to store, to heap
褧	jiǒng	khwengX	*kʷʰˁeŋʔ		unlined hemp garment
褰	qiān	khjen	*kʰran {*kʰra[n]}		trousers; lift up (a garment)
褻	xiè	sjet	*s-ŋet		garment next to the body
襄	xiāng	sjang	*s-naŋ		remove
襄	xiāng	sjang	*s-naŋ		Xiāng (personal name)
襓	ráo	nyew	*ŋew {*[ŋ]ew} (‹ uvular?)		scabbard
襜	chān	tsyhem	*tʰam {*[tʰ]am}		apron; shake, move (skirts)
襢	zhàn	trjenH	*tranʔ-s {*tra[n]ʔ-s}	ADJ	(a ceremonial garment)
襢	zhàn	trjenX	*tranʔ {*tra[n]ʔ}	VERB	to bare
襢	zhàn	trjenX	*tranʔ {*tra[n]ʔ}	ADJ	(a ceremonial garment)
襦	rú	nyu	*no		jacket
襫	shì	syek	*qʰek {*[qʰ]ek}		raincoat of straw
襲	xí	zip	*sə-ləp {*sə-l[ə]p}		repeat; additional robe
襲	xí	zip	*sə.ləp {*sə.l[ə]p}		surprise attack
襾	yà	xæX	*qʰˁraʔ		cover
西	xī	sej	*s-nˁər		west
要	yào	ʔjiewH	*ʔew-s		important
覃	tán	dom	*N.rˁom {*N.rˁ[o]m}		extend, spread
覃	yǎn	yemX	*N-r[a]mʔ		pointed, sharp
覆	fù	phjuwk	*pʰuk {*pʰ(r)uk}		turn over
覈	hé	hɛk	*ɡˁrək {*[ɡ]ˁr[ə]k}		kernel
見	jiàn	kenH	*kˁen-s {*[k]ˁen-s}	VERB	see (v.)
見	xiàn	henH	*N-kˁen-s {*N-[k]ˁen-s}		appear
見	xiàn	henH	*m-kˁen-s {*m-[k]ˁen-s}		cause to appear, introduce
規	guī	kjwie	*kʷe		compass, circle
視	shì	dzyijH	*ɡijʔ-s		look, see
視	shì	dzyijX	*ɡijʔ		look, see
親	qīn	tshin	*tsʰin {*[tsʰ]i[n]}		close; parents
覯	gòu	kuwH	*kˁo-s {*kˁ(r)o-s}		come across, meet with
覺	jiào	kæwH	*kˁruk-s	VERB	awake (v.)
覺	jué	kæwk	*kˁruk		awake
觀	guān	kwan	*C.qʷˁar	VERB	look (v.)
觀	guàn	kwanH	*C.qʷˁar-s		watchtower
见	jiàn	kenH	*kˁen-s {*[k]ˁen-s}	VERB	see (v.)
见	xiàn	henH	*N-kˁen-s {*N-[k]ˁen-s}		appear
见	xiàn	henH	*m-kˁen-s {*m-[k]ˁen-s}		cause to appear, introduce
观	guān	kwan	*C.qʷˁar	VERB	look (v.)
观	guàn	kwanH	*C.qʷˁar-s		watchtower
规	guī	kjwie	*kʷe		compass, circle
视	shì	dzyijH	*ɡijʔ-s		look, see
视	shì	dzyijX	*ɡijʔ		look, see
觉	jiào	kæwH	*kˁruk-s	VERB	awake (v.)
觉	jué	kæwk	*kˁruk		awake
觏	gòu	kuwH	*kˁo-s {*kˁ(r)o-s}		come across, meet with
角	jiǎo	kæwk	*C.kˁrok		horn, corner
觞	shāng	syang	*l̥aŋ		goblet
解	jiě	kɛX	*kˁreʔ		cut up; unloose
解	xiè	hɛX	*N-kˁreʔ		=懈 lazy
解	xiè	hɛX	*N.kˁreʔ {*N-kˁreʔ}		understand
触	chù	tsyhowk	*tʰok		knock against
觯	zhī	tsye	*tar		ritual vessel
觴	shāng	syang	*l̥aŋ		goblet
觶	zhī	tsye	*tar		ritual vessel
觸	chù	tsyhowk	*tʰok		knock against
言	yán	ngjon	*ŋan {*ŋa[n]}		(a particle)
言	yán	ngjon	*ŋan {*ŋa[n]}		I, we
言	yán	ngjon	*ŋan {*ŋa[n]}		speak; speech
計	jì	kejH	*kˁij-s		calculate
訊	xùn	sinH	*sin-s {*[s]i[n]-s}		ask
討	tǎo	thawX	*tʰˁuʔ		examine; denounce
訏	xū	xju	*qʷʰa {*qʷʰ(r)a}		great
訓	xùn	xjunH	*l̥un-s {*l̥u[n]-s}  (dial. to x)		instruct
託	tuō	thak	*tʰˁak		entrust
記	jì	kiH	*C.kə-s {*C.k(r)ə()-s}	VERB	record (v.)
記	jì	kiH	*C.kə-s {*C.k(r)ə()-s}	VERB	record (v.)
訚	yín	ngin	*ŋrən {*[ŋ]rə[n]} (‹ uvular?)		affable, reasonable
訛	é	ngwa	*m-qʷʰˁaj		move; change
訟	sòng	zjowngH	*s.ɢoŋ-s {*s.[ɢ]oŋ-s}		litigate
訣	jué	kwet	*kʷˁet {*[k]ʷˁet}		farewell words
訥	nè	nwot	*nˁut		slow of speech
訧	yóu	hjuw	*ɢʷə {*[ɢ]ʷə}		fault, blame
訩	xiōng	xjowng	*qʰoŋ {*qʰ(r)oŋ}		litigate
訪	fǎng	phjangH	*pʰaŋ-s		enquire, scrutinize
設	shè	syet	*ŋ̊et		set up
許	xǔ	xjoX	*qʰaʔ {*qʰ(r)aʔ}		allow
訴	sù	suH	*s-ŋˁak-s		accuse, inform
訶	hē	xa	*qʰˁaj		shout, scold
訹	xù	swit	*s-lut		entice
診	zhěn	drinH	*m-trənʔ-s {*m-t‹r›ə[n]ʔ-s}		examine
診	zhěn	tsyinX	*tənʔ {*tə[n]ʔ}		examine
証	zhèng	tsyengH	*teŋ-s		remonstrate
訽	gòu	xuwH	*qʰˁoʔ-s {*qʰˁ(r)o-s}		revile, insult
詈	lì	ljeH	*C.raj-s		revile
詐	zhà	tsræH	*tsˁrak-s {*[ts]ˁrak-s}		treacherous
詒	dài	dojX	*lˁəʔ		deceive, cheat
詒	yí	yi	*lə		give to
詔	zhào	tsyewH	*taw-s		tell, announce
詞	cí	zi	*sə.lə		utterance
詠	yǒng	hjwængH	*ɢʷraŋ-s {*[ɢ]ʷraŋ-s}	VERB	chant (v.)
詣	yì	ngejH	*ŋˁij-s {*[ŋ]ˁij-s}		arrive
詤	huǎng	xwang	*m̥ˁaŋ		nonsense, lies
詤	huǎng	xwangX	*m̥ˁaŋʔ		lies
試	shì	syiH	*l̥ək-s		test, try
詩	shī	syi	*s.tə		poetry
詭	guǐ	kjweX	*kojʔ {*[k](r)ojʔ}		perverse
詰	jié	khjit	*kʰit {*[kʰ]i[t]}		interrogate, reprimand
話	huà	hwæjH	*ɡʷˁrat-s {*[ɡ]ʷˁrat-s}		speak; words
該	gāi	koj	*kˁə {*[k]ˁə}		all, complete
詳	xiáng	zjang	*s-ɢaŋ {*s-[ɢ]aŋ}		scrutinize fully
詹	zhān	tsyem	*tam {*[t]am}		garrulous
誄	lěi	lwijX	*rujʔ {*[r]ujʔ}		eulogy
誅	zhū	trju	*tro		punish; kill
誇	kuā	khwæ	*kʷʰˁra {*[kʷʰ]ˁra}		boast
誉	yù	yo	*m-qa {*m-q(r)a}	VERB	praise (v.)
誉	yù	yoH	*m-qa-s {*m-q(r)a-s}		praise, renown
誉	yù	yoH	*ɢa-s {*[ɢ](r)a-s}		joy
誌	zhì	tsyiH	*tək-s	NOUN	record (n.?)
認	rèn	nyinH	*nən-s {*nə[n]-s}		know
誓	shì	dzyejH	*dat-s {*[d][a]t-s}		swear
語	yǔ	ngjoX	*ŋaʔ {*ŋ(r)aʔ}		speak
語	yù	ngjoH	*ŋaʔ-s {*ŋ(r)aʔ-s}		tell
誠	chéng	dzyeng	*deŋ {*[d]eŋ}		sincere
誡	jiè	kɛjH	*kˁrək-s		warn
誣	wū	mju	*mo {*[m](r)[o]}		deceive
誤	wù	nguH	*ŋʷˁa-s		deceive; mistake
誥	gào	kawH	*kˁuk-s		announce, inform
誦	sòng	zjowngH	*sə-loŋ-s {*sə-[l]oŋ-s}		recite
誨	huì	xwojH	*m̥ˁə-s {*m̥ˁə()-s}		instruct
說	shuì	sywejH	*l̥ot-s		exhort
說	shuō	sywet	*l̥ot		speak, explain
說	yuè	ywet	*lot		pleased
誶	suì	dzwit	*m-tsut		reprimand; insult
誶	suì	swijH	*s-tsut-s {*s-tsu[t]-s}		reprimand; insult
誸	xuán	hen	*ɢˁin {*[ɢ]ˁi[n]}		speak quickly
誹	fěi	pjɨj	*pəj {*pə[j]}		slander
誾	yín	ngin	*ŋrən {*[ŋ]rə[n]} (‹ uvular?)		affable, reasonable
調	tiáo	dew	*dˁiw {*[d]ˁiw}	VERB	tune (v.), adjust
諂	chǎn	trhjemX	*qʰromʔ	VERB	flatter (v.)
諉	wěi	nrjweH	*nroj-s		implicate
請	qíng	dzjeng	*m-tsʰeŋ		request, invite
請	qǐng	tshjengX	*tsʰeŋʔ {*[tsʰ]eŋʔ}		request
諒	liàng	ljangH	*raŋ-s {*[r]aŋ-s}		sincere; trust (v.)
論	lún	lwin	*run {*[r]u[n]}		(in name of Lúnyǔ 論語)
論	lún	lwon	*rˁun {*[r]ˁu[n]}		discuss, examine
論	lùn	lwonH	*rˁun-s {*[r]ˁu[n]-s}		discussion, discourse
諗	shěn	syimX	*n̥imʔ		remonstrate
諛	yú	yu	*ɢo {*[ɢ](r)o}	VERB	flatter (v.)
諞	biàn	bjienH	*m-pʰenʔ-s {*[m-pʰ]enʔ-s}		glib-tongued
諞	biàn	bjienX	*m-pʰenʔ {*[m-pʰ]enʔ}		insincere words
諤	è	ngak	*ŋˁak		speak frankly
諫	jiàn	kænH	*kˁranʔ-s ~ *kˁranʔ		admonish
諮	zī	tsij	*tsij {*[ts]ij}		consult, plan
諶	chén	dzyim	*t.ɢəm {*[t.ɢ][ə]m}		reliable, to trust
諷	fèng	pjuwngH	*prəm-s	VERB	to recite
諸	zhū	tsyo	*ta		many
諸	zhū	tsyo	*ta ‹ *tə ʔa 之於		(fusion of 之 + 於)
諺	yàn	ngjenH	*ŋran-s {*ŋra[n]-s}		saying, proverb
諼	xuān	xjwon	*qʷʰan {*qʷʰa[n]}		forget
謀	móu	mjuw	*mə	VERB	plan (v.)
謁	yè	ʔjot	*qat		go to visit
謂	wèi	hjwɨjH	*ɢʷət-s {*[ɢ]ʷə[t]-s}		say, tell, call
謐	mì	mjit	*mit {*mi[t]}		gentle, mild
謔	xuè	xjak	*ŋ̊awk {*ŋ̊(r)awk}	VERB	ridicule, jest (v.)
謗	bàng	pangH	*pˁaŋ-s		slander
謙	qiān	khem	*k-r̥ˁem		modest
講	jiǎng	kæwngX	*kˁroŋʔ		explain; discuss
謝	xiè	zjæH	*sə-lak-s {*sə-lAk-s}		decline, renounce
謠	yáo	yew	*law		sing; song
謦	qǐng	khengX	*C.qʰˁeŋʔ {*[C.qʰ]ˁeŋʔ}		cough, clear the throat
謨	mó	mu	*mˁa {*mˁ[a]}	VERB	deliberate (v.)
謫	zhé	drɛk	*m-tˁrek		blame, punish
謫	zhé	trɛk	*C.tˁrek	VERB	blame (v.)
謬	miù	mjiwH	*mə-riw-s (dial. › *mriw-s)		lie, error ‹ 'twist the truth'
謹	jǐn	kjɨnX	*kərʔ {*kə[r]ʔ}		attentive, careful
譁	huá	xwæ	*qʷʰˁra		shout
證	zhèng	tsyingH	*təŋ-s		testify, prove
譌	é	ngwa	*m-qʷʰˁaj {*[m]-qʷʰˁaj}		false
譎	jué	kwet	*C.qʷˁit {*[C.q]ʷˁi[t]}		treacherous; deceive
譕	mú	mju	*ma {*m(r)a}		advise
譖	zèn	tsrimH	*tsrəm-s {*[ts]r[ə]m-s}		accuse
識	shí	syik	*s-tək		know
識	zhì	tsyiH	*tək-s		remember, commemorate
譣	qiān	tshjem	*s.qʰam {*s.qʰ[a]m } (dial. › tsh-)		insincere, ingratiating
譣	qiǎn	tshjemX	*s.qʰamʔ {*s.qʰ[a]mʔ}  (dial. › tsh-)		insincere, ingratiating
譣	xiān	sjem	*s.qʰam {*s.qʰ[a]m}		insincere, ingratiating
警	jǐng	kjængX	*kreŋʔ		warn, admonish
譬	pì	phjieH	*pʰek-s		example
譯	yì	yek	*lak {*lAk}		interpret
議	yì	ngjeH	*ŋaj-s {*ŋ(r)aj-s}		discuss
護	hù	huH	*ɢʷˁak-s {*[ɢ]ʷˁak-s}		protect
譽	yù	yo	*m-qa {*m-q(r)a}	VERB	praise (v.)
譽	yù	yoH	*m-qa-s {*m-q(r)a-s}		praise, renown
譽	yù	yoH	*ɢa-s {*[ɢ](r)a-s}		joy
讀	dú	duwk	*C.lˁok	VERB	read (v.)
讇	chǎn	trhjemX	*qʰromʔ	VERB	to flatter
變	biàn	pjenH	*pron-s {*pro[n]-s}	VERB	change (v.)
讎	chóu	dzyuw	*du {*[d]u}		pay back; enemy
讓	ràng	nyangH	*naŋ-s		yield
讞	yàn	ngjenH	*ŋar-s {*ŋ(r)ar-s}		announce a verdict
讞	yàn	ngjet	*ŋat {*ŋ(r)at}	ADJ	announce a sentence (of a court)
计	jì	kejH	*kˁij-s		calculate
认	rèn	nyinH	*nən-s {*nə[n]-s}		know
讨	tǎo	thawX	*tʰˁuʔ		examine; denounce
让	ràng	nyangH	*naŋ-s		yield
讬	tuō	thak	*tʰˁak		entrust
训	xùn	xjunH	*l̥un-s {*l̥u[n]-s}  (dial. to x)		instruct
议	yì	ngjeH	*ŋaj-s {*ŋ(r)aj-s}		discuss
讯	xùn	sinH	*sin-s {*[s]i[n]-s}		ask
记	jì	kiH	*C.kə-s {*C.k(r)ə()-s}	VERB	record (v.)
记	jì	kiH	*C.kə-s {*C.k(r)ə()-s}	VERB	record (v.)
讲	jiǎng	kæwngX	*kˁroŋʔ		explain; discuss
讷	nè	nwot	*nˁut		slow of speech
许	xǔ	xjoX	*qʰaʔ {*qʰ(r)aʔ}		allow
讹	é	ngwa	*m-qʷʰˁaj		move; change
论	lún	lwin	*run {*[r]u[n]}		(in name of Lúnyǔ 論語)
论	lún	lwon	*rˁun {*[r]ˁu[n]}		discuss, examine
论	lùn	lwonH	*rˁun-s {*[r]ˁu[n]-s}		discussion, discourse
讻	xiōng	xjowng	*qʰoŋ {*qʰ(r)oŋ}		litigate
讼	sòng	zjowngH	*s.ɢoŋ-s {*s.[ɢ]oŋ-s}		litigate
讽	fèng	pjuwngH	*prəm-s	VERB	to recite
设	shè	syet	*ŋ̊et		set up
访	fǎng	phjangH	*pʰaŋ-s		enquire, scrutinize
诀	jué	kwet	*kʷˁet {*[k]ʷˁet}		farewell words
证	zhèng	tsyingH	*təŋ-s		testify, prove
诃	hē	xa	*qʰˁaj		shout, scold
识	shí	syik	*s-tək		know
识	zhì	tsyiH	*tək-s		remember, commemorate
诈	zhà	tsræH	*tsˁrak-s {*[ts]ˁrak-s}		treacherous
诉	sù	suH	*s-ŋˁak-s		accuse, inform
诊	zhěn	drinH	*m-trənʔ-s {*m-t‹r›ə[n]ʔ-s}		examine
诊	zhěn	tsyinX	*tənʔ {*tə[n]ʔ}		examine
词	cí	zi	*sə.lə		utterance
诏	zhào	tsyewH	*taw-s		tell, announce
译	yì	yek	*lak {*lAk}		interpret
诒	dài	dojX	*lˁəʔ		deceive, cheat
诒	yí	yi	*lə		give to
诔	lěi	lwijX	*rujʔ {*[r]ujʔ}		eulogy
试	shì	syiH	*l̥ək-s		test, try
诗	shī	syi	*s.tə		poetry
诘	jié	khjit	*kʰit {*[kʰ]i[t]}		interrogate, reprimand
诚	chéng	dzyeng	*deŋ {*[d]eŋ}		sincere
诛	zhū	trju	*tro		punish; kill
话	huà	hwæjH	*ɡʷˁrat-s {*[ɡ]ʷˁrat-s}		speak; words
诡	guǐ	kjweX	*kojʔ {*[k](r)ojʔ}		perverse
诣	yì	ngejH	*ŋˁij-s {*[ŋ]ˁij-s}		arrive
该	gāi	koj	*kˁə {*[k]ˁə}		all, complete
详	xiáng	zjang	*s-ɢaŋ {*s-[ɢ]aŋ}		scrutinize fully
诫	jiè	kɛjH	*kˁrək-s		warn
诬	wū	mju	*mo {*[m](r)[o]}		deceive
语	yǔ	ngjoX	*ŋaʔ {*ŋ(r)aʔ}		speak
语	yù	ngjoH	*ŋaʔ-s {*ŋ(r)aʔ-s}		tell
误	wù	nguH	*ŋʷˁa-s		deceive; mistake
诰	gào	kawH	*kˁuk-s		announce, inform
诲	huì	xwojH	*m̥ˁə-s {*m̥ˁə()-s}		instruct
说	shuì	sywejH	*l̥ot-s		exhort
说	shuō	sywet	*l̥ot		speak, explain
说	yuè	ywet	*lot		pleased
诵	sòng	zjowngH	*sə-loŋ-s {*sə-[l]oŋ-s}		recite
请	qíng	dzjeng	*m-tsʰeŋ		request, invite
请	qǐng	tshjengX	*tsʰeŋʔ {*[tsʰ]eŋʔ}		request
诸	zhū	tsyo	*ta		many
诸	zhū	tsyo	*ta ‹ *tə ʔa 之於		(fusion of 之 + 於)
读	dú	duwk	*C.lˁok	VERB	read (v.)
诽	fěi	pjɨj	*pəj {*pə[j]}		slander
诿	wěi	nrjweH	*nroj-s		implicate
谀	yú	yu	*ɢo {*[ɢ](r)o}	VERB	flatter (v.)
谂	shěn	syimX	*n̥imʔ		remonstrate
调	tiáo	dew	*dˁiw {*[d]ˁiw}	VERB	tune (v.), adjust
谄	chǎn	trhjemX	*qʰromʔ	VERB	flatter (v.)
谅	liàng	ljangH	*raŋ-s {*[r]aŋ-s}		sincere; trust (v.)
谇	suì	dzwit	*m-tsut		reprimand; insult
谇	suì	swijH	*s-tsut-s {*s-tsu[t]-s}		reprimand; insult
谋	móu	mjuw	*mə	VERB	plan (v.)
谌	chén	dzyim	*t.ɢəm {*[t.ɢ][ə]m}		reliable, to trust
谏	jiàn	kænH	*kˁranʔ-s ~ *kˁranʔ		admonish
谑	xuè	xjak	*ŋ̊awk {*ŋ̊(r)awk}	VERB	ridicule, jest (v.)
谒	yè	ʔjot	*qat		go to visit
谓	wèi	hjwɨjH	*ɢʷət-s {*[ɢ]ʷə[t]-s}		say, tell, call
谔	è	ngak	*ŋˁak		speak frankly
谖	xuān	xjwon	*qʷʰan {*qʷʰa[n]}		forget
谘	zī	tsij	*tsij {*[ts]ij}		consult, plan
谚	yàn	ngjenH	*ŋran-s {*ŋra[n]-s}		saying, proverb
谝	biàn	bjienH	*m-pʰenʔ-s {*[m-pʰ]enʔ-s}		glib-tongued
谝	biàn	bjienX	*m-pʰenʔ {*[m-pʰ]enʔ}		insincere words
谟	mó	mu	*mˁa {*mˁ[a]}	VERB	deliberate (v.)
谢	xiè	zjæH	*sə-lak-s {*sə-lAk-s}		decline, renounce
谣	yáo	yew	*law		sing; song
谤	bàng	pangH	*pˁaŋ-s		slander
谦	qiān	khem	*k-r̥ˁem		modest
谧	mì	mjit	*mit {*mi[t]}		gentle, mild
谨	jǐn	kjɨnX	*kərʔ {*kə[r]ʔ}		attentive, careful
谪	zhé	drɛk	*m-tˁrek		blame, punish
谪	zhé	trɛk	*C.tˁrek	VERB	blame (v.)
谬	miù	mjiwH	*mə-riw-s (dial. › *mriw-s)		lie, error ‹ 'twist the truth'
谮	zèn	tsrimH	*tsrəm-s {*[ts]r[ə]m-s}		accuse
谲	jué	kwet	*C.qʷˁit {*[C.q]ʷˁi[t]}		treacherous; deceive
谳	yàn	ngjenH	*ŋar-s {*ŋ(r)ar-s}		announce a verdict
谳	yàn	ngjet	*ŋat {*ŋ(r)at}	ADJ	announce a sentence (of a court)
谷	gǔ	kuwk	*C.qˁok		valley
谿	xī	khej	*kʰˁe		valley with stream in it
豆	dòu	duwH	*N.tʰˁo-s		bean
豆	dòu	duwH	*dˁok-s {*[d]ˁok-s}		vessel with a neck
豈	kǎi	khojX	*C.qʰˁəjʔ		happy, pleasant
豈	qǐ	khjɨjX	*C.qʰəjʔ		how
豋	dēng	tong	*tˁəŋ		step up
豎	shù	dzyuX	*doʔ {*[d]oʔ}		attendant
豐	fēng	phjowng	*pʰoŋ {*pʰ(r)oŋ}		luxuriant, abundant (K)
豐	fēng	phjowng	*pʰoŋ {*pʰ(r)oŋ}		luxuriant, abundant (K)
豐	fēng	phjowng	*pʰoŋ {*pʰ(r)oŋ}	NOUN	a kind of ritual vessel
豐	fēng	phjuwng	*pʰoŋ {*pʰ(r)oŋ} (F!)	NOUN	kind of ritual vessel
豕	shǐ	syeX	*l̥ajʔ		swine
豖	chù	trhjowk	*tʰrok		hobbled pig (SW)
豙	yì	ngjɨjH	*ŋət-s {*[ŋ]ə[t]-s}		enraged boar
豚	dùn	dwonX	*lˁunʔ {*lˁu[n]ʔ}		drag feet; withdraw
豚	tún	dwon	*lˁun {*lˁu[n]}		young pig
豝	bā	pæ	*pˁra		sow, pig
象	xiàng	zjangX	*s-daŋʔ {*s-[d]aŋʔ}		elephant
豣	jiān	ken	*kˁer {*[k]ˁer}		pig or boar 3 years old
豨	xī	xjɨj	*qʰəj {*[qʰ]əj}		swine
豨	xǐ	xjɨjX	*qʰəjʔ		swine
豪	háo	haw	*ɡˁaw {*[ɡ]ˁaw}		procupine; shaggy animal
豫	yù	yoH	*laʔ-s		go on tour
豫	yù	yoH	*laʔ-s		go on inspection tour
豬	zhū	trjo	*tra		pig
豭	jiā	kæ	*kˁra		boar
豵	zōng	tsuwng	*tsˁoŋ {*[ts]ˁoŋ}		pig a half or one year old
豸	zhì	drjeX	*dreʔ {*[d]reʔ}		bug, wug
豺	chái	dzrɛj	*dzˁeaj {*[dz]ˁrə}		wolf
豻	àn	nganH	*m-ɢˁar-s {*m-[ɢ]ˁa[r]-s}		wild dog
貆	huán	xjwon	*qʷʰar	NOUN	badger (n.)
貉	mò	mæk	*mˁrak	NOUN	a Northern tribe
貌	mào	mæwH	*mˁrawk-s {*mˁraw()-s}		appearance, manner
貍	lí	li	*p.rə		wildcat or small mammal (civet ?)
貓	māo	mæw	*C.mˁraw		cat
貔	pí	bjij	*bij {*[b]ij}		tiger-like animal
貞	zhēn	trjeng	*treŋ		straight; correct
貞	zhēn	trjeng	*treŋ	VERB	divine (v.)
負	fù	bjuwX	*bəʔ {*[b]əʔ}		carry on the back
財	cái	dzoj	*dzˁə {*[dz]ˁə}		wealth
貢	gòng	kuwngH	*kˁoŋ-s {*[k]ˁoŋ-s} ( ‹ *[k]ˁom-s)		tribute
貧	pín	bin	*brən {*(Cə.)[b]rə[n]}		poor
貨	huò	xwaH	*qʷʰˁaj-s		(movable) property, goods
貪	tān	thom	*r̥ˁəm {*r̥ˁ[ə]m}	VERB	to covet
貫	guàn	kwan	*kˁon {*kˁo[n]}		pass through the center
貫	guàn	kwanH	*kˁon-s		pass through the center
責	zé	tsrɛk	*s-tˁrek		demand payment
責	zé	tsrɛk	*s-tˁrek		blame
責	zhài	tsrɛH	*s-tˁrek-s		debt
貰	shì	syejH	*l̥ap-s {*[l̥][a]p-s}		lend, borrow
貳	èr	nyijH	*nij-s {*ni[j]-s}	NUM	two
貴	guì	kjwɨjH	*kuj-s		precious; expensive
貶	biǎn	pjæmX	*promʔ {*pr[o]mʔ}		diminish
貶	biǎn	pjemX	*pomʔ {*p(r)[o]mʔ}		diminish
買	mǎi	mɛX	*mˁrajʔ		buy
貸	dài	thojH	*l̥ˁək-s		borrow; lend
費	fèi	phjɨjH	*pʰut-s		squander
貽	yí	yi	*lə	VERB	to present, give
賁	fén	bjun	*bur {*[b]ur}		great, big
賂	lù	luH	*rˁak-s {*[r]ˁak-s}		wealth; present (v.)
賄	huì	xwojX	*qʷʰˁəʔ		property, valuables
資	zī	tsij	*tsij {*[ts]ij}		property, means of living
賈	gǔ	kuX	*C.qˁaʔ		merchant; do business
賈	jià	kæH	*C.qˁ‹r›aʔ-s		price
賊	zéi	dzok	*k.dzˁək		injure; murderer, bandit
賒	shē	syæ	*l̥a {*l̥A}		trade on credit
賓	bīn	pjin	*pin {*pi[n]}		guest
賖	shē	syæ	*l̥a {*l̥A}		trade on credit
賚	lài	lojH	*rˁək-s {*[r]ˁək-s}		give, send
賜	cì	sjeH	*s-lek-s		give
賞	shǎng	syangX	*s-taŋʔ	VERB	reward (v.)
賢	xián	hen	*ɡˁin {*[ɡ]ˁi[n]}		worthy
賣	mài	mɛH	*mˁrajʔ-s		sell
賤	jiàn	dzjenH	*dzen-s {*[dz][e][n]-s}		cheap; low, mean
賦	fù	pjuH	*pa-s {*p(r)a-s}		tax
賦	fù	pjuH	*pa-s {*p(r)a-s}		ballad
質	zhì	trijH	*t‹r›ip-s {*[t]‹r›ip-s}		hostage; gift
質	zhì	tsyit	*t-lit		substance, solid part
賭	dǔ	tuX	*mə.tˁaʔ		wager
賴	lài	lajH	*rˁat-s {*rˁa[t]-s}		depend on
購	gòu	kuwH	*kˁo-s {*kˁ(r)o-s}	VERB	present (v.), give
贈	zèng	dzongH	*dzˁəŋ-s {*[dz]ˁəŋ-s}		give
贊	zàn	tsanH	*tsˁarʔ-s		assist
贍	shàn	dzyemH	*dam-s {*[d]am-s}		sufficient
贏	yíng	yeng	*ɢeŋ {*[ɢ]eŋ}		profit; surplus
贓	zāng	tsang	*tsˁaŋ {*[ts]ˁaŋ}		stolen goods
贖	shú	zyowk	*Cə.lok		redeem
贛	gàn	komH	*komʔ-s {*k[o]mʔ-s}	NOUN	the Gàn river in Jiangxi
贛	gàn	komX	*komʔ {*k[o]mʔ}	NOUN	the Gàn river
贞	zhēn	trjeng	*treŋ		straight; correct
贞	zhēn	trjeng	*treŋ	VERB	divine (v.)
负	fù	bjuwX	*bəʔ {*[b]əʔ}		carry on the back
贡	gòng	kuwngH	*kˁoŋ-s {*[k]ˁoŋ-s} ( ‹ *[k]ˁom-s)		tribute
财	cái	dzoj	*dzˁə {*[dz]ˁə}		wealth
责	zé	tsrɛk	*s-tˁrek		demand payment
责	zé	tsrɛk	*s-tˁrek		blame
责	zhài	tsrɛH	*s-tˁrek-s		debt
贤	xián	hen	*ɡˁin {*[ɡ]ˁi[n]}		worthy
败	bài	bæjH	*N-pˁrat-s {*N-pˁra[t]-s}		suffer defeat
败	bài	pæjH	*pˁrat-s {*pˁra[t]-s}	VERB	defeat (v.t.)
货	huò	xwaH	*qʷʰˁaj-s		(movable) property, goods
质	zhì	trijH	*t‹r›ip-s {*[t]‹r›ip-s}		hostage; gift
质	zhì	tsyit	*t-lit		substance, solid part
贪	tān	thom	*r̥ˁəm {*r̥ˁ[ə]m}	VERB	to covet
贫	pín	bin	*brən {*(Cə.)[b]rə[n]}		poor
贬	biǎn	pjæmX	*promʔ {*pr[o]mʔ}		diminish
贬	biǎn	pjemX	*pomʔ {*p(r)[o]mʔ}		diminish
购	gòu	kuwH	*kˁo-s {*kˁ(r)o-s}	VERB	present (v.), give
贯	guàn	kwan	*kˁon {*kˁo[n]}		pass through the center
贯	guàn	kwanH	*kˁon-s		pass through the center
贰	èr	nyijH	*nij-s {*ni[j]-s}	NUM	two
贱	jiàn	dzjenH	*dzen-s {*[dz][e][n]-s}		cheap; low, mean
贲	fén	bjun	*bur {*[b]ur}		great, big
贳	shì	syejH	*l̥ap-s {*[l̥][a]p-s}		lend, borrow
贵	guì	kjwɨjH	*kuj-s		precious; expensive
贷	dài	thojH	*l̥ˁək-s		borrow; lend
费	fèi	phjɨjH	*pʰut-s		squander
贻	yí	yi	*lə	VERB	to present, give
贼	zéi	dzok	*k.dzˁək		injure; murderer, bandit
贾	gǔ	kuX	*C.qˁaʔ		merchant; do business
贾	jià	kæH	*C.qˁ‹r›aʔ-s		price
贿	huì	xwojX	*qʷʰˁəʔ		property, valuables
赂	lù	luH	*rˁak-s {*[r]ˁak-s}		wealth; present (v.)
赃	zāng	tsang	*tsˁaŋ {*[ts]ˁaŋ}		stolen goods
资	zī	tsij	*tsij {*[ts]ij}		property, means of living
赉	lài	lojH	*rˁək-s {*[r]ˁək-s}		give, send
赊	shē	syæ	*l̥a {*l̥A}		trade on credit
赋	fù	pjuH	*pa-s {*p(r)a-s}		tax
赋	fù	pjuH	*pa-s {*p(r)a-s}		ballad
赌	dǔ	tuX	*mə.tˁaʔ		wager
赎	shú	zyowk	*Cə.lok		redeem
赏	shǎng	syangX	*s-taŋʔ	VERB	reward (v.)
赐	cì	sjeH	*s-lek-s		give
赖	lài	lajH	*rˁat-s {*rˁa[t]-s}		depend on
赞	zàn	tsanH	*tsˁarʔ-s		assist
赠	zèng	dzongH	*dzˁəŋ-s {*[dz]ˁəŋ-s}		give
赡	shàn	dzyemH	*dam-s {*[d]am-s}		sufficient
赢	yíng	yeng	*ɢeŋ {*[ɢ]eŋ}		profit; surplus
赣	gàn	komH	*komʔ-s {*k[o]mʔ-s}	NOUN	the Gàn river in Jiangxi
赣	gàn	komX	*komʔ {*k[o]mʔ}	NOUN	the Gàn river
赤	chì	tsyhek	*t-qʰak {*[t-qʰ](r)Ak}		red
赦	shè	syæH	*qʰak-s {*qʰ(r)Ak-s}	VERB	to pardon
赫	hè	xæk	*qʰˁrak		red, fiery
走	zǒu	tsuwX	*tsˁoʔ {*[ts]ˁoʔ}		run
赴	fù	phjuH	*pʰok-s {*pʰ(r)ok-s}		hasten to
起	qǐ	khiX	*C.qʰəʔ {*C.qʰ(r)əʔ}	VERB	rise (v.)
超	chāo	trhjew	*tʰraw {*tʰr[a]w}		leap over, surpass
越	yuè	hjwot	*ɢʷat {*[ɢ]ʷat}		pass over
趋	qū	tsrhju	*tsʰro {*[ts]ʰro}		hasten
趣	cù	tshjowk	*tsʰok {*[tsʰ]ok}		urge, hasten, press
趣	qù	tshjuH	*tsʰoʔ-s {*[tsʰ]oʔ-s}		hasten to
趨	qū	tsrhju	*tsʰro {*[ts]ʰro}		hasten
足	zú	tsjowk	*tsok {*[ts]ok}		sufficient
足	zú	tsjowk	*tsok {*[ts]ok}		foot
趾	zhǐ	tsyiX	*təʔ		foot, heel, toe
跃	yuè	yak	*lewk		leap, jump
跌	diē	det	*lˁit {*lˁi[t]}		stumble
跛	bǒ	paX	*pˁajʔ		walk lame
跡	jì	tsjek	*tsek {*[ts]ek}		footprint, traces
跪	guì	gjweX	*Cə.ɡojʔ {*[Cə.ɡ](r)ojʔ}		kneel; foot
路	lù	luH	*Cə.rˁak-s		road
践	jiàn	dzjenX	*dzanʔ {*[dz]a[n]ʔ}		tread, trample
跸	bì	pjit	*pit {*pi[t]}		prohibit
跻	jī	tsej	*tsˁəj {*[ts]ˁəj}		ascend
踂	niè	nrjep	*n‹r›ep		unable to walk
踊	yǒng	yowngX	*loŋʔ		leap
踐	jiàn	dzjenX	*dzanʔ {*[dz]a[n]ʔ}		tread, trample
踝	huà	hwæX	*m-kˁ‹r›orʔ {*m-kˁ‹r›o[r]ʔ}		ankle
踟	chí	drje	*dre {*[d]re}		*[d]re.[d]ro walk hesitatingly
踦	jì	gjeX	*ɡajʔ {*[ɡ](r)ajʔ}		stand (Min dialects)
踰	yú	yu	*lo		pass over
蹊	xī	hej	*ɡˁe {*[ɡ]ˁe}		foot-path
蹋	tà	dap	*lˁap		tread on; trample
蹍	niǎn	nrjenX	*nranʔ {*[n]r[a][n]ʔ}		trample
蹑	niè	nrjep	*nrep		trample
蹕	bì	pjit	*pit {*pi[t]}		prohibit
蹟	jì	tsjek	*tsek {*[ts]ek}		footprint, traces
蹢	dí	tek	*tˁek		hoof
蹢	dí	tek	*tˁek		hoof
蹰	chú	drju	*dro {*[d]ro}		drje-drjo walk hesitatingly
蹻	jué	kjewX	*kawʔ {*k(r)awʔ}		martial
蹻	qiāo	gjak	*ɡawk {*[ɡ](r)awk}		lifting the feet high
躅	zhuó	drjowk	*drok {*[d]rok}		stop walking
躇	chuò	trhjak	*tʰrak		jump over, pass over
躋	jī	tsej	*tsˁəj {*[ts]ˁəj}		ascend
躍	yuè	yak	*lewk		leap, jump
躐	liè	ljep	*rap {*r[a]p}		trample
躔	chán	drjen	*dran {*[d]ra[n]}		tracks; orbit (v.)
躕	chú	drju	*dro {*[d]ro}		drje-drjo walk hesitatingly
躡	niè	nrjep	*nrep		trample
身	shēn	syin	*n̥iŋ {*n̥i[ŋ]}		body; self
躬	gōng	kjuwng	*kuŋ {*k(r)uŋ}		body, person
躳	gōng	kjuwng	*kuŋ {*k(r)uŋ}		body, person
車	chē	tsyhæ	*t.qʰa {*[t.qʰ](r)A}		chariot
車	jū	kjo	*C.qa {*C.q(r)a}		chariot
軋	yà	ʔɛt	*qˁrət		crush
軌	guǐ	kwijX	*kʷruʔ {*[k]ʷruʔ}		wheel ruts
軍	jūn	kjun	*kʷər {*[k]ʷər}		army; camp
軒	xuān	xjon	*qʰar {*qʰa[r]}		nobleman's carriage
軔	rèn	nyinH	*nər-s {*nər(ʔ)-s}		wheel stopper
軛	è	ʔɛk	*qˁ‹r›ik {*qˁ‹r›[i]k}		part of a yoke
軫	zhěn	tsyinX	*tənʔ {*tə[n]ʔ}		crossboard at back of carriage
軸	zhóu	drjuwk	*lruk		wheel-axle
載	zǎi	tsojX	*tsˁəʔ {*[ts]ˁəʔ}		year
載	zài	dzojH	*m-tsˁəʔ-s {*[m-ts]ˁəʔ-s}	VERB	load (v.); transport (v.)
載	zài	tsojH	*tsˁəʔ-s {*[ts]ˁəʔ-s}	VERB	record (v.)
載	zài	tsojH	*tsˁəʔ-s {*[ts]ˁəʔ-s}	VERB	load (v.)
輒	zhé	tep	*t-nˁep		paralysed, unable to move
輒	zhé	trjep	*trep {*[t]rep}		sides of a carriage box
輔	fǔ	bjuX	*baʔ {*[b](r)aʔ}		help
輕	qīng	khjieng	*kʰeŋ {*[kʰ]eŋ} (no palatalization before *-eŋ?)		light (≠ heavy)
輝	huī	xjwɨj	*qʷʰər		bright
輠	huà	hwæX	*ɡˁ‹r›orʔ {*[ɡ]ˁ‹r›orʔ} (dial. › *-j)	ADJ	turn around (as a wheel)
輠	huàn	hwanX	*ɡˁorʔ {*[ɡ]ˁorʔ}	ADJ	turn around (as a wheel)
輠	huì	hwojX	*ɡˁurʔ {*[ɡ]ˁurʔ}	ADJ	turn around (as a wheel)
輦	niǎn	ljenX	*ranʔ {*[r][a][n]ʔ}		cart drawn by men
輪	lún	lwin	*run {*ru[n]}		wheel
輴	chūn	trhwin	*l̥run {*l̥ru[n]}		funeral car
輸	shū	syu	*l̥o	VERB	convey (v.)
輹	fù	bjuwk	*m-puk {*m-p(r)uk}		support under box of carriage
輻	fú	pjuwk	*pək		spokes of a wheel
輾	zhǎn	trjenX	*trenʔ {*tre[n]ʔ}		trjenX.trjwenX roll over
輿	yú	yo	*m-qa {*m-q(r)a}		vehicle, carriage; carry on shoulders
轂	gǔ	kuwk	*kˁok {*[k]ˁok}		nave of a wheel
轄	xiá	hæt	*ɡˁrat {*[ɡ]ˁrat}		wheel-axle cap with linch-pin
轅	yuán	hjwon	*ɢʷan {*[ɢ]ʷa[n]}		carriage-pole
轉	zhuǎn	trjwenX	*mə-tronʔ		turn around
轍	zhé	drjet	*dret {*[d]r[e]t}		wheel-track
轏	zhàn	dzrɛnX	*dzranʔ {*[dz]r[a][n]ʔ} (dzrj- › dzr-)	NOUN	a kind of carriage
轛	duì	trwijH	*t‹r›ut-s {*[t]‹r›u[t]-s}		wooden crosspieces under carriage box
轡	pèi	pijH	*prit-s {*pr[i][t]-s}		reins
轢	lì	lak	*rˁawk {*[r]ˁawk}		crush under wheels
轢	lì	lek	*rˁewk {*[r]ˁewk}		crush under wheels
车	chē	tsyhæ	*t.qʰa {*[t.qʰ](r)A}		chariot
车	jū	kjo	*C.qa {*C.q(r)a}		chariot
轧	yà	ʔɛt	*qˁrət		crush
轨	guǐ	kwijX	*kʷruʔ {*[k]ʷruʔ}		wheel ruts
轩	xuān	xjon	*qʰar {*qʰa[r]}		nobleman's carriage
轫	rèn	nyinH	*nər-s {*nər(ʔ)-s}		wheel stopper
转	zhuǎn	trjwenX	*mə-tronʔ		turn around
轭	è	ʔɛk	*qˁ‹r›ik {*qˁ‹r›[i]k}		part of a yoke
轮	lún	lwin	*run {*ru[n]}		wheel
轴	zhóu	drjuwk	*lruk		wheel-axle
轸	zhěn	tsyinX	*tənʔ {*tə[n]ʔ}		crossboard at back of carriage
轹	lì	lak	*rˁawk {*[r]ˁawk}		crush under wheels
轹	lì	lek	*rˁewk {*[r]ˁewk}		crush under wheels
轻	qīng	khjieng	*kʰeŋ {*[kʰ]eŋ} (no palatalization before *-eŋ?)		light (≠ heavy)
载	zǎi	tsojX	*tsˁəʔ {*[ts]ˁəʔ}		year
载	zài	dzojH	*m-tsˁəʔ-s {*[m-ts]ˁəʔ-s}	VERB	load (v.); transport (v.)
载	zài	tsojH	*tsˁəʔ-s {*[ts]ˁəʔ-s}	VERB	record (v.)
载	zài	tsojH	*tsˁəʔ-s {*[ts]ˁəʔ-s}	VERB	load (v.)
辄	zhé	tep	*t-nˁep		paralysed, unable to move
辄	zhé	trjep	*trep {*[t]rep}		sides of a carriage box
辅	fǔ	bjuX	*baʔ {*[b](r)aʔ}		help
辇	niǎn	ljenX	*ranʔ {*[r][a][n]ʔ}		cart drawn by men
辉	huī	xjwɨj	*qʷʰər		bright
辐	fú	pjuwk	*pək		spokes of a wheel
输	shū	syu	*l̥o	VERB	convey (v.)
辔	pèi	pijH	*prit-s {*pr[i][t]-s}		reins
辕	yuán	hjwon	*ɢʷan {*[ɢ]ʷa[n]}		carriage-pole
辖	xiá	hæt	*ɡˁrat {*[ɡ]ˁrat}		wheel-axle cap with linch-pin
辗	zhǎn	trjenX	*trenʔ {*tre[n]ʔ}		trjenX.trjwenX roll over
辙	zhé	drjet	*dret {*[d]r[e]t}		wheel-track
辛	xīn	sin	*sin {*[s]i[n]}		pungent; painful
辛	xīn	sin	*sin {*si[n]}		8th heavenly stem
辞	cí	zi	*sə.lə		words
辟	bì	bek	*bˁek {*[b]ˁek}		inner coffin
辟	bì	pjiek	*pek		ruler, prince
辦	bàn	bɛnH	*bˁren-s {*[b]ˁren-s}		manage, deal with
辨	biàn	bjenX	*brenʔ		distinguish
辩	biàn	bjenX	*brenʔ	VERB	dispute (v.))
辭	cí	zi	*sə.lə		words
辯	biàn	bjenX	*brenʔ	VERB	dispute (v.))
辰	chén	dzyin	*dər {*[d]ər}		5th earthly branch
辱	rǔ	nyowk	*nok		disgrace
農	nóng	nowng	*nˁoŋ {*nˁ[o]ŋ}		agriculture; to farm
辴	zhěn	trhij	*tʰrər		laugh
边	biān	pen	*pˁen {*pˁe[n]}		side
达	dá	dat	*Cə.lˁat		arrive at
迁	qiān	tshjen	*tsʰar {*[tsʰ]ar}	VERB	move (v.)
迂	yū	ʔju	*qʷa {*qʷ(r)a}		astray; far
迂	yū	hju	*ɢʷa {*[ɢ]ʷ(r)a}		bend, deflect; far away
过	guō	kwa	*Cə.kʷˁaj		tough, fibrous (vegetables)
过	guō	kwa	*kʷˁaj	VERB	to pass
过	guò	kwaH	*kʷˁaj-s	VERB	to pass; transgress
迋	wàng	hjwangH	*ɢʷaŋʔ-s {*[ɢ]ʷaŋʔ-s}		go
迎	yíng	ngjæng	*ŋraŋ		go to meet
迎	yìng	ngjængH	*ŋraŋ-s		go to meet
运	yùn	hjunH	*ɢʷər-s {*[ɢ]ʷər-s}		turn round, move
近	jìn	gjɨnH	*s-N-kərʔ-s	VERB	be near to (v.t.)#
近	jìn	gjɨnH	*s-N-kərʔ-s	VERB	be near to (v.t.)#
近	jìn	gjɨnX	*ɡərʔ {*N-kərʔ}		near
迓	yà	ngæH	*ŋˁrak-s {*[ŋ]ˁrak-s}		meet
返	fǎn	pjonX	*Cə.panʔ		return
还	huán	hwæn	*ɢʷˁren {*[ɢ]ʷˁren}		agile
还	xuán	zjwen	*s-ɢʷen {*s-[ɢ]ʷen}		agile
还	xuán	zjwen	*s-ɢʷen {*s-[ɢ]ʷen}		turn round, return
进	jìn	tsinH	*tsin-s {*[ts][i][n]-s}	VERB	advance (v.)
远	yuǎn	hjwonX	*C.ɢʷanʔ {*C.ɢʷa[n]ʔ}		far
违	wéi	hjwɨj	*ɢʷəj {*[ɢ]ʷə[j]}		go against
迟	chí	drij	*lrəj {*lrə[j]}		slow
迨	dài	dojX	*lˁəʔ		come to
迫	pò	pæk	*Cə.pˁrak		near; press
迭	dié	det	*lˁit {*lˁi[t]}	VERB	alternate (v.)
述	shù	zywit	*Cə-lut		follow
迴	huí	hwoj	*ɢʷˁəj {*[ɢ]ʷˁəj}		revolve
迷	mí	mej	*mˁij		go astray
迹	jì	tsjek	*tsek {*[ts]ek}		footprint, traces
迹	jì	tsjek	*tsek {*[ts]ek}		footprint, traces
迻	yí	ye	*laj	VERB	move (v.)
追	zhuī	trwij	*truj		pursue
退	tuì	thwojH	*n̥ˁəp-s {*n̥ˁ[ə]p-s}		withdraw (≠ advance)
送	sòng	suwngH	*sˁoŋ-s {*[s]ˁoŋ-s}	VERB	escort (v.), send
适	shì	syek	*s-tek		scared
适	shì	syek	*s-tek		go to
适	shì	tsyek	*tek		go to
逃	táo	daw	*lˁaw		flee
逆	nì	ngjæk	*ŋrak		go against
选	xuǎn	sjwenX	*sonʔ {*[s]o[n]ʔ}		choose; count
逍	xiāo	sjew	*sew {*[s]ew}	VERB	be at ease
逐	zhú	drjuwk	*lriwk {*[l]riwk}		pursue
逑	qiú	gjuw	*ɡu {*ɡ(r)u}		come together; mate (n.)
递	dì	dejX	*lˁeʔ		alternate
途	tú	du	*lˁa		road
通	tōng	thuwng	*l̥ˁoŋ		penetrate
逝	shì	dzyejH	*dat-s {*[d]at-s}		go to
逞	chěng	trhjengX	*l̥reŋʔ {*[l̥]reŋʔ}	VERB	to run after; gratify one’s desire
速	sù	suwk	*sˁok {*[s]ˁok}		invite
速	sù	suwk	*sˁok {*[s]ˁok}		rapid
造	zào	dzawX	*Cə.dzˁuʔ		make
造	zào	tshawH	*tsʰˁuʔ-s {*(mə-)tsʰˁuʔ-s}		go to
逢	féng	bjowng	*C.boŋ {*[C.b](r)oŋ}	VERB	encounter (v.)
逮	dài	dojH	*m.rˁəp-s		reach to
進	jìn	tsinH	*tsin-s {*[ts][i][n]-s}	VERB	advance (v.)
逸	yì	yit	*lit {*[l]i[t]}		flee
逼	bī	pik	*prək		urge, press
遁	dùn	dwonH	*lˁunʔ-s {*lˁu[n]ʔ-s}		withdraw
遁	dùn	dwonX	*lˁunʔ {*lˁu[n]ʔ}		withdraw
遂	suì	zwijH	*sə-lut-s {*sə-lu[t]-s}	VERB	advance (v.)
遇	yù	ngjuH	*ŋo-s {*ŋ(r)o-s}		meet with
遊	yóu	yuw	*ɢu {*[ɢ](r)u}		wander about
運	yùn	hjunH	*ɢʷər-s {*[ɢ]ʷər-s}		turn round, move
遌	è	ngak	*ŋˁak		unexpectedly come across
過	guō	kwa	*Cə.kʷˁaj		tough, fibrous (vegetables)
過	guō	kwa	*kʷˁaj	VERB	to pass
過	guò	kwaH	*kʷˁaj-s	VERB	to pass; transgress
遏	è	ʔat	*qˁat		repress; cease
遐	xiá	hæ	*ɡˁra {*[ɡ]ˁra}		distant
遒	qiú	tsjuw	*tsu		collect, bring together
道	dǎo	dawH	*lˁuʔ-s		show the way
道	dào	dawX	*kə.lˁuʔ {*[kə.l]ˁuʔ}		way
達	dá	dat	*Cə.lˁat		arrive at
違	wéi	hjwɨj	*ɢʷəj {*[ɢ]ʷə[j]}		go against
遗	wèi	ywijH	*ɢuj-s {*[ɢ](r)uj-s}	VERB	to present
遗	yí	ywij	*ɢuj {*[ɢ](r)uj}		leave; reject
遝	tà	dop	*m.rˁəp		reach to; and
遞	dì	dejX	*lˁeʔ		alternate
遠	yuǎn	hjwonX	*C.ɢʷanʔ {*C.ɢʷa[n]ʔ}		far
遡	sù	suH	*s-ŋˁak-s		go against the current
遣	qiǎn	khjienX	*kʰenʔ {*[k]ʰe[n]ʔ}		send
遣	qiàn	khjienH	*kʰenʔ-s {*[k]ʰe[n]ʔ-s} (*kʰ- doesn't palatalize)		grave goods
適	shì	syek	*s-tek		scared
適	shì	syek	*s-tek		go to
適	shì	tsyek	*tek		go to
遭	zāo	tsaw	*tsˁu	VERB	encounter (v.)
遮	zhē	tsyæ	*ta {*tA}	VERB	to cover
遯	dùn	dwonH	*lˁunʔ-s {*lˁu[n]ʔ-s}		withdraw
遯	dùn	dwonX	*lˁunʔ {*lˁu[n]ʔ}		withdraw
遲	chí	drij	*lrəj {*lrə[j]}		slow
遵	zūn	tswin	*tsun {*[ts]u[n]}	ADJ	follow (a road)
遷	qiān	tshjen	*tsʰar {*[tsʰ]ar}	VERB	move (v.)
選	xuǎn	sjwenX	*sonʔ {*[s]o[n]ʔ}		choose; count
遹	yù	ywit	*ɢʷit {*ɢʷi[t]}		go awry, perverse
遺	wèi	ywijH	*ɢuj-s {*[ɢ](r)uj-s}	VERB	to present
遺	yí	ywij	*ɢuj {*[ɢ](r)uj}		leave; reject
遻	wù	nguH	*ŋˁak-s		unexpectedly come across
遽	jù	gjoH	*ɡa-s {*[ɡ](r)a(k)-s}		post horse or carriage
避	bì	bjieH	*bek-s {*[b]ek-s}		avoid
邂	xiè	hɛH	*ɡˁre-s {*[ɡ]ˁre(ʔ)-s}		邂逅 xièhòu meet unexpectedly; carefree
還	huán	hwæn	*ɢʷˁren {*[ɢ]ʷˁren}		agile
還	xuán	zjwen	*s-ɢʷen {*s-[ɢ]ʷen}		agile
還	xuán	zjwen	*s-ɢʷen {*s-[ɢ]ʷen}		turn round, return
邊	biān	pen	*pˁen {*pˁe[n]}		side
邑	yì	ʔip	*qəp {*q(r)[ə]p}		city, town
邦	bāng	pæwng	*pˁroŋ		country
邪	xié	zjæ	*sə.ɢa {*sə.ɢA}		awry
邪	xú	zjo	*sə.la		walk slowly
邪	yá	yæ	*ɢa {*[ɢ](r)A}		[interrogative particle]
邯	hán	ham	*ɡˁam {*[ɡ]ˁam}		han.tan (placename)
邯	hán	han	*ɡˁan {*[ɡ]ˁa[n]}		han.tan (placename)
邲	bì	bit	*brit {*[b]ri[t]}	PROPN	[place name]
邲	bì	bjit	*bit {*[b]i[t]}	PROPN	[place name]
邴	bǐng	pjængX	*praŋʔ		(place name)
邻	lín	lin	*rən {*(mə.)rə[n]}		group of 5 families; neighbor
郁	yù	ʔjut	*qut		blocked; anxious
郁	yù	ʔjuwk	*qʷək		stately, elegant
郊	jiāo	kæw	*kˁraw {*[k]ˁraw}		suburb
郎	láng	lang	*C.rˁaŋ		young gentleman
郎	láng	lang	*rˁaŋ		double roof
郜	gào	kowk	*kˁuk		(place name)
郢	yǐng	yengX	*leŋʔ	PROPN	[place name]
郤	xì	khjæk	*kʰrak {*[k]ʰrak}		(place and family name)
部	bù	buwX	*bˁoʔ {*[b]ˁ(r)oʔ}	VERB	lead (v.), govern
郭	guō	kwak	*kʷˁak		outer wall
郸	dān	tan	*tˁar {*tˁa[r]}	PROPN	place name (han.tan)
都	dū	tu	*tˁa		capital city
鄉	xiāng	xjang	*qʰaŋ		village; district
鄉	xiǎng	xjangX	*qʰaŋʔ		feast
鄉	xiàng	xjangH	*qʰaŋ-s	VERB	to face
鄙	bǐ	pijX	*prəʔ		border town
鄰	lín	lin	*rən {*(mə.)rə[n]}		group of 5 families; neighbor
鄲	dān	tan	*tˁar {*tˁa[r]}	PROPN	place name (han.tan)
酉	yǒu	yuwX	*m.ruʔ {*[m].ruʔ}		10th earthly branch
酉	yǒu	yuwX	*m.ruʔ		wine
酋	qiú	dzjuw	*m-tsu		wine-master
酌	zhuó	tsyak	*t-qewk		pour; deliberate (v.)
酎	zhòu	drjuwX	*druʔ {*[d]ruʔ}		new spirits made to ferment by addition of older spirits
酒	jiǔ	tsjuwX	*tsuʔ		wine
酖	zhèn	drimH	*lrəm-s {*[l]r[ə]m-s}	VERB	to poison
酣	hān	ham	*ɡˁam {*[ɡ]ˁam}		half-drunk
酱	jiàng	tsjangH	*tsaŋ-s {*[ts]aŋ-s}		sauce
酷	kù	khowk	*kʰˁuk		cruel
酸	suān	swan	*sˁor {*[s]ˁor}		sour
醉	zuì	tswijH	*Cə.tsut-s {*Cə.[ts]u[t]-s}	ADJ	drunk (adj.)
醓	tǎn	thomX	*l̥ˁəmʔ {*[l̥ˁ][ə]mʔ}		minced meat and blood pickled with brine
醜	chǒu	tsyhuwX	*t.qʰuʔ		ugly; evil
醜	chǒu	tsyhuwX	*t.qʰuʔ		category
醬	jiàng	tsjangH	*tsaŋ-s {*[ts]aŋ-s}		sauce
釁	xìn	xinH	*m̥rər-s		smear with blood
釆	biàn	bɛnH	*bˁrer-s {*[b]ˁre[r]-s}		discriminate
采	cǎi	tshojX	*N-sˁrəʔ		colorful
采	cǎi	tshojX	*m-sˁrəʔ		gather, pluck
采	cǎi	tshojX	*m-sˁrəʔ		gather, pluck
释	shì	syek	*l̥ak {*l̥Ak}		release; dissolve
釋	shì	syek	*l̥ak {*l̥Ak}		release; dissolve
里	lǐ	liX	*rəʔ {*(mə.)rəʔ}		li (measure of distance), village
重	chóng	drjowng	*m-troŋ {*[m]-troŋ}		repeat; double
重	zhòng	drjowngH	*N-t‹r›oŋʔ-s	NOUN	weight (n.)
重	zhòng	drjowngX	*N-t‹r›oŋʔ		heavy
野	yě	yæX	*laʔ {*lAʔ}		open country
量	liáng	ljang	*raŋ {*[r]aŋ}	VERB	measure (v.)
量	liàng	ljangH	*raŋ-s {*[r]aŋ-s}	NOUN	measure (n.)
金	jīn	kim	*kəm {*k(r)[ə]m}		metal, bronze
釣	diào	tewH	*tˁewk-s {*[t]ˁewk-s}	VERB	to angle
鈇	fǔ	pjuX	*paʔ {*p(r)aʔ}		axe
鈞	jūn	kjwin	*C.qʷin {*C.qʷi[n]}		potter's wheel
鈞	jūn	kjwin	*kʷin {*[k]ʷi[n]}		weight of 30 jīn 斤
鈶	yí	ziX	*sə.ləʔ		handle of plough or sickle
鉗	qián	gjem	*C.ɡ‹r›em {*C.[ɡ]‹r›em}		pincers, tongs
鉞	yuè	hjwot	*ɢʷat {*[ɢ]ʷat}	NOUN	a kind of axe
鉤	gōu	kuw	*C.qˁo {*C.qˁ(r)o} ~ *m(ə).qˁ(r)o		hook
鉥	shù	zywit	*Cə-lut		needle; lead
鉸	jiǎo	kæwX	*mə-kˁrawʔ {*mə-[k]ˁr[a]wʔ}		shear; scissors
銀	yín	ngin	*ŋrən {*ŋrə[n]}		silver
銘	míng	meng	*mˁeŋ	NOUN	inscription
銜	xián	hæm	*Cə.ɡˁram {*Cə.[ɡ]ˁr[a]m}	NOUN	a bit; hold in the mouth
銮	luán	lwan	*mə.rˁon {*[m]ə.rˁon}		harness bells
銳	ruì	ywejH	*lot-s		sharp
鋒	fēng	phjowng	*pʰoŋ {*pʰ(r)oŋ}		point of a weapon
鋙	yú	ngjo	*ŋa {*ŋ(r)a}		dzrjo-ngjo irregular, uneven
鋙	yǔ	ngjoX	*ŋaʔ {*ŋ(r)aʔ}		dzrjoX-ngjoX irregular, uneven
鋤	chú	dzrjo	*Cə-l‹r›a (MC reflects *s-l‹r›a)	NOUN	hoe (n.)
鋤	chú	dzrjo	*s-l‹r›a	VERB	to hoe
鋩	máng	mjang	*maŋ		sharp point of weapon
鋪	fū	phju	*pʰa {*pʰ(r)a}		spread out
鋸	jù	kjoH	*ka-s {*k(r)a-s}	NOUN	saw (n.)
鋼	gāng	kang	*s.kˁaŋ		cast iron; steel
錄	lù	ljowk	*rok {*(pə.)rok}		inscribe, record
錡	qí	gje	*C.ɢaj {*C.ɢ(r)aj}		cooking pot
錡	yǐ	ngjeX	*m.ɢajʔ {*m.ɢ(r)ajʔ}		cooking pot
錦	jǐn	kimX	*C.kəmʔ {*C.k(r)[ə]mʔ}		brocade
錫	xī	sek	*s-lˁek		give
錫	xī	sek	*s-lˁek		tin
錮	gù	kuH	*C.qˁaʔ-s		chronic (of illness)
錯	cuò	tshak	*tsʰˁak {*[tsʰ]ˁak}		slanting
鍚	yáng	yang	*laŋ		ornament on a horse's forehead
鍭	hóu	huw	*ɡˁo {*[ɡ]ˁ(r)o}		arrow with metal point
鍭	hóu	huwH	*ɡˁo-s {*[ɡ]ˁ(r)o()-s}		arrow with metal point
鍾	zhōng	tsyowng	*toŋ		accumulate; repeat
鍾	zhōng	tsyowng	*toŋ		bell; wine vessel; an ancient measure
鎌	lián	ljem	*rem {*[r]em}		sickle
鎖	suǒ	swaX	*sˁojʔ {*[s]ˁojʔ}		chain
鎧	kǎi	khojH	*C.qʰˁəjʔ-s		coat of mail
鎧	kǎi	khojX	*C.qʰˁəjʔ		coat of mail
鎮	zhèn	trinH	*t‹r›in-s {*t‹r›i[n]-s}		press down
鎰	yì	yit	*ɢik {*[ɢ](r)ik}		(an ancient weight)
鏁	suǒ	swaX	*sˁojʔ {*[s]ˁojʔ}		chain
鏃	zú	tsuwk	*tsˁok {*[ts]ˁok}		arrowhead
鏚	qī	tshek	*s.tʰˁiwk		axe
鏜	tāng	thang	*tʰˁaŋ		sound of drum
鏡	jìng	kjængH	*C.qraŋ-s		mirror
鏤	lòu	luwH	*rˁo-s {*[r]ˁo-s}		carve
鐃	náo	nræw	*nˁrew {*[n]ˁrew}	NOUN	a kind of bell
鐘	zhōng	tsyowng	*toŋ		bell
鐙	dēng	tong	*k-tˁəŋ		ritual vessel; lamp
鐵	tiě	thet	*l̥ˁik		iron
鐸	duó	dak	*lˁak	NOUN	a kind of bell
鑄	zhù	tsyuH	*tu-s F!	ADJ	to cast (a bronze vessel)
鑠	shuò	syak	*r̥ewk (dial. *r̥- › x-, palatalizing)		melt, infuse
鑪	lú	lu	*rˁa {*[r]ˁa}		stove
鑽	zuān	tswan	*tsˁor {*[ts]ˁor}		perforate, penetrate
鑾	luán	lwan	*mə.rˁon {*[m]ə.rˁon}		harness bells
鑿	záo	dzak	*dzˁawk {*[dz]ˁawk}		chisel
钓	diào	tewH	*tˁewk-s {*[t]ˁewk-s}	VERB	to angle
钖	yáng	yang	*laŋ		ornament on a horse's forehead
钟	zhōng	tsyowng	*toŋ		bell
钟	zhōng	tsyowng	*toŋ		accumulate; repeat
钟	zhōng	tsyowng	*toŋ		bell; wine vessel; an ancient measure
钢	gāng	kang	*s.kˁaŋ		cast iron; steel
钧	jūn	kjwin	*C.qʷin {*C.qʷi[n]}		potter's wheel
钧	jūn	kjwin	*kʷin {*[k]ʷi[n]}		weight of 30 jīn 斤
钩	gōu	kuw	*C.qˁo {*C.qˁ(r)o} ~ *m(ə).qˁ(r)o		hook
钳	qián	gjem	*C.ɡ‹r›em {*C.[ɡ]‹r›em}		pincers, tongs
钺	yuè	hjwot	*ɢʷat {*[ɢ]ʷat}	NOUN	a kind of axe
钻	zuān	tswan	*tsˁor {*[ts]ˁor}		perforate, penetrate
铁	tiě	thet	*l̥ˁik		iron
铄	shuò	syak	*r̥ewk (dial. *r̥- › x-, palatalizing)		melt, infuse
铎	duó	dak	*lˁak	NOUN	a kind of bell
铓	máng	mjang	*maŋ		sharp point of weapon
铙	náo	nræw	*nˁrew {*[n]ˁrew}	NOUN	a kind of bell
铠	kǎi	khojH	*C.qʰˁəjʔ-s		coat of mail
铠	kǎi	khojX	*C.qʰˁəjʔ		coat of mail
铭	míng	meng	*mˁeŋ	NOUN	inscription
铰	jiǎo	kæwX	*mə-kˁrawʔ {*mə-[k]ˁr[a]wʔ}		shear; scissors
银	yín	ngin	*ŋrən {*ŋrə[n]}		silver
铸	zhù	tsyuH	*tu-s F!	ADJ	to cast (a bronze vessel)
铺	fū	phju	*pʰa {*pʰ(r)a}		spread out
铻	yú	ngjo	*ŋa {*ŋ(r)a}		dzrjo-ngjo irregular, uneven
铻	yǔ	ngjoX	*ŋaʔ {*ŋ(r)aʔ}		dzrjoX-ngjoX irregular, uneven
锁	suǒ	swaX	*sˁojʔ {*[s]ˁojʔ}		chain
锄	chú	dzrjo	*Cə-l‹r›a (MC reflects *s-l‹r›a)	NOUN	hoe (n.)
锄	chú	dzrjo	*s-l‹r›a	VERB	to hoe
锋	fēng	phjowng	*pʰoŋ {*pʰ(r)oŋ}		point of a weapon
锐	ruì	ywejH	*lot-s		sharp
错	cuò	tshak	*tsʰˁak {*[tsʰ]ˁak}		slanting
锜	qí	gje	*C.ɢaj {*C.ɢ(r)aj}		cooking pot
锜	yǐ	ngjeX	*m.ɢajʔ {*m.ɢ(r)ajʔ}		cooking pot
锡	xī	sek	*s-lˁek		give
锡	xī	sek	*s-lˁek		tin
锢	gù	kuH	*C.qˁaʔ-s		chronic (of illness)
锦	jǐn	kimX	*C.kəmʔ {*C.k(r)[ə]mʔ}		brocade
锯	jù	kjoH	*ka-s {*k(r)a-s}	NOUN	saw (n.)
镂	lòu	luwH	*rˁo-s {*[r]ˁo-s}		carve
镇	zhèn	trinH	*t‹r›in-s {*t‹r›i[n]-s}		press down
镒	yì	yit	*ɢik {*[ɢ](r)ik}		(an ancient weight)
镗	tāng	thang	*tʰˁaŋ		sound of drum
镜	jìng	kjængH	*C.qraŋ-s		mirror
镞	zú	tsuwk	*tsˁok {*[ts]ˁok}		arrowhead
镫	dēng	tong	*k-tˁəŋ		ritual vessel; lamp
長	cháng	drjang	*Cə-N-traŋ {*Cə-[N]-traŋ}	ADJ	long (adj.)
長	zhǎng	trjangX	*traŋʔ		grow; elder
长	cháng	drjang	*Cə-N-traŋ {*Cə-[N]-traŋ}	ADJ	long (adj.)
长	zhǎng	trjangX	*traŋʔ		grow; elder
門	mén	mwon	*mˁən {*mˁə[n]}		gate, door
閉	bì	pejH	*pˁit-s {*pˁi[t]-s}	VERB	close (v.); obstruct
開	kāi	khoj	*Nə-kʰˁəj {*Nə-[k]ʰˁə[j]}	VERB	to open (v.i)
開	kāi	khoj	*kʰˁəj {*[k]ʰˁəj}	VERB	to open (v.t.)
閑	xián	hɛn	*N-kˁren {*N-kˁre[n]}		idle
閑	xián	hɛn	*ɡˁran {*[ɡ]ˁra[n]}		great; large-minded
閑	xián	hɛn	*ɡˁran {*[ɡ]ˁra[n]}		well-trained
閑	xián	hɛn	*ɡˁran {*[ɡ]ˁra[n]}		bar, barrier
間	jiān	kɛn	*kˁren {*kˁre[n]}		interval
間	xián	hɛn	*N-kˁren {*N-kˁre[n]}		idle
閔	mǐn	minX	*mrənʔ {*mrə[n]ʔ}		grieved
閣	gé	kak	*C.kˁak		shelf, frame
閤	gé	kop	*kˁop {*[k]ˁ[o]p}		small gate
閩	mǐn	min	*mrən {*mrə[n]}		southern tribes
閱	yuè	ywet	*lot		count, sum up
閱	yuè	ywet	*lot		inspect
閻	yán	yem	*ɢom {*[ɢ]om}		gate over street or lane
閼	è	ʔat	*qˁat		repress; cease
闃	qù	khwek	*k-m̥ˁik {*[k-m̥]ˁik} (*-ik › *-ek dialect)		quiet
闊	kuò	khwat	*kʰˁot {*[k]ʰˁot}		(in khet.khwat)
闊	kuò	khwat	*kʷʰˁat {*[k]ʷʰˁat}		widely apart
闌	lán	lan	*kə.rˁan		railing
闑	niè	nget	*ŋˁet		vertical post or pole
闑	niè	ngjet	*ŋret {*ŋr[e]t}		vertical post
闕	què	khjwot	*kʷʰat		tower over gate
關	guān	kwæn	*kˁron {*[k]ˁro[n]}		barrier
關	guān	kwæn	*kˁron {*[k]ˁro[n]}		[bird’s cry]
门	mén	mwon	*mˁən {*mˁə[n]}		gate, door
闭	bì	pejH	*pˁit-s {*pˁi[t]-s}	VERB	close (v.); obstruct
问	wèn	mjunH	*C.mun-s {*C.mu[n]-s}		ask
闲	xián	hɛn	*N-kˁren {*N-kˁre[n]}		idle
闲	xián	hɛn	*ɡˁran {*[ɡ]ˁra[n]}		great; large-minded
闲	xián	hɛn	*ɡˁran {*[ɡ]ˁra[n]}		well-trained
闲	xián	hɛn	*ɡˁran {*[ɡ]ˁra[n]}		bar, barrier
间	jiān	kɛn	*kˁren {*kˁre[n]}		interval
间	xián	hɛn	*N-kˁren {*N-kˁre[n]}		idle
闵	mǐn	minX	*mrənʔ {*mrə[n]ʔ}		grieved
闻	wén	mjun	*mun {*mu[n]}	VERB	hear (v.)
闽	mǐn	min	*mrən {*mrə[n]}		southern tribes
阁	gé	kak	*C.kˁak		shelf, frame
阅	yuè	ywet	*lot		count, sum up
阅	yuè	ywet	*lot		inspect
阋	xì	xek	*ŋ̊ˁek {*[ŋ̊]ˁek}		wrangle
阎	yán	yem	*ɢom {*[ɢ]om}		gate over street or lane
阏	è	ʔat	*qˁat		repress; cease
阑	lán	lan	*kə.rˁan		railing
阒	qù	khwek	*k-m̥ˁik {*[k-m̥]ˁik} (*-ik › *-ek dialect)		quiet
阔	kuò	khwat	*kʰˁot {*[k]ʰˁot}		(in khet.khwat)
阔	kuò	khwat	*kʷʰˁat {*[k]ʷʰˁat}		widely apart
阙	què	khjwot	*kʷʰat		tower over gate
阜	fù	bjuwX	*buʔ {*[b](r)uʔ}		big mound
队	duì	dwojH	*lˁut-s		troop
队	zhuì	drwijH	*lrut-s {*lru[t]-s}		fall down, throw down
阪	bǎn	pjonX	*panʔ {*pa[n]ʔ}		slope, bank
防	fáng	bjang	*m-paŋ {*[m-p]aŋ}		dike
阳	yáng	yang	*laŋ		bright
阴	yīn	ʔim	*qum {*q(r)[u]m}		dark
阶	jiē	kɛj	*kˁrij		steps, stairs
阻	zǔ	tsrjoX	*tsraʔ {*[ts]raʔ}		filled with obstacles
阽	yán	yem	*lem {*[l]em}		in danger of collapsing
阿	ē	ʔa	*qˁar		slope, river bank
陂	bēi	pje	*paj {*p(r)a[j]}		river bank; dike
附	fù	bjuH	*N-poʔ-s {*N-p(r)oʔ-s}	VERB	be attached to
际	jì	tsjejH	*tsap-s {*[ts]ap-s}	NOUN	connection
陆	lù	ljuwk	*ruk {*[r]uk}		land (as opposed to water)
陇	lǒng	ljowngX	*roŋʔ {*[r]oŋʔ}		mound
陈	chén	drin	*lrin {*lri[n]}		arrange
陈	zhèn	drinH	*lrin-s {*lri[n]-s}		battle array
陉	xíng	heng	*ɡˁeŋ {*[ɡ]ˁeŋ}		ravine
陋	lòu	luwH	*rˁo-s {*[r]ˁo-s}		narrow; base (adj.)
陌	mò	mæk	*mˁrak {*[m]ˁrak}		path between fields
降	jiàng	kæwngH	*kˁruŋ-s (? ‹ *-[u]m-s)		descend
降	xiáng	hæwng	*m-kˁruŋ  (? ‹ *-[u]m)		submit
限	xiàn	hɛnX	*ɡˁrənʔ {*[ɡ]ˁrə[n]ʔ}		obstacle, limit
陘	xíng	heng	*ɡˁeŋ {*[ɡ]ˁeŋ}		ravine
陞	shēng	sying	*s-təŋ	VERB	rise (v.)
陟	zhì	trik	*trək		ascend
院	yuàn	hjwenH	*ɢʷran-s {*ɢʷra[n]-s}		wall round a courtyard
除	chú	drjo	*l‹r›a		remove
除	zhù	drjoH	*lra-s		pass away
陨	yǔn	hwinX	*ɢʷrənʔ {*[ɢ]ʷrə[n]ʔ}		fall down
险	xiǎn	xjæmX	*qʰramʔ {*qʰr[a]mʔ}		precipitous, dangerous
险	xiǎn	xjemX	*qʰramʔ {*qʰr[a]mʔ}		precipitous, dangerous
陰	yīn	ʔim	*qum {*q(r)[u]m}		dark
陳	chén	drin	*lrin {*lri[n]}		arrange
陳	zhèn	drinH	*lrin-s {*lri[n]-s}		battle array
陵	líng	ling	*rəŋ {*[r]əŋ}		mound, hill
陷	xiàn	hɛmH	*ɢˁromʔ-s {*[ɢ]ˁromʔ-s}		fall into a pit
陸	lù	ljuwk	*ruk {*[r]uk}		land (as opposed to water)
陻	yīn	ʔjin	*qin {*[q]i[n]}		dam up, block; mound
陼	zhǔ	tsyoX	*taʔ		islet
陽	yáng	yang	*laŋ		bright
隅	yú	ngju	*ŋo {*ŋ(r)o}		angle, corner
隆	lóng	ljuwng	*ruŋ {*[r]uŋ}		sound of thunder
隆	lóng	ljuwng	*ruŋ {*(k.)ruŋ} (‹ * -[u]m)		high; ample; eminent
隈	wēi	ʔwoj	*qˁuj	NOUN	bend, nook (n.)
隊	duì	dwojH	*lˁut-s		troop
隊	zhuì	drwijH	*lrut-s {*lru[t]-s}		fall down, throw down
隋	huì	xjwieH	*l̥oj-s (W. dial. *l̥- › x)		shred sacrificial meat
隋	suí	dwaX	*lˁojʔ	VERB	to fall
隋	suí	dwaX	*lˁojʔ	VERB	to fall
隋	suì	sjweH	*s-loj-s		shred sacrificial meat
隋	tuǒ	thwaX	*l̥ˁojʔ		shred sacrificial meat
隍	huáng	hwang	*ɢʷˁaŋ {*[ɢ]ʷˁaŋ}		moat
階	jiē	kɛj	*kˁrij		steps, stairs
随	suí	zjwe	*sə.loj		follow
隐	yǐn	ʔjɨnX	*ʔənʔ {*[ʔ](r)ə[n]ʔ}		grieved; suffering
隐	yǐn	ʔjɨnX	*ʔənʔ {*[ʔ](r)ə[n]ʔ}		conceal
隐	yìn	ʔjɨnH	*ʔərʔ-s {*ʔ(r)ə[r]ʔ-s}		lean on
隓	huī	dwaX	*lˁojʔ		destroy
隔	gé	kɛk	*kˁrek {*[k]ˁrek}	VERB	obstruct, separate (v.)
隕	yǔn	hwinX	*ɢʷrənʔ {*[ɢ]ʷrə[n]ʔ}		fall down
隘	ài	ʔɛH	*qˁ‹r›ik-s {*qˁ‹r›[i]k-s}	NOUN	a narrow pass
隘	è	ʔɛk	*qˁ‹r›ik {*qˁ‹r›[i]k}	NOUN	a narrow pass
隙	xì	khjæk	*kʰrak {*[k]ʰrak}	NOUN	crack (n.)
際	jì	tsjejH	*tsap-s {*[ts]ap-s}	NOUN	connection
隤	tuí	dwoj	*N-rˁuj		exhausted
隧	suì	zwijH	*sə-lut-s {*sə-lu[t]-s}		tunnel, path
隨	suí	zjwe	*sə.loj		follow
險	xiǎn	xjæmX	*qʰramʔ {*qʰr[a]mʔ}		precipitous, dangerous
險	xiǎn	xjemX	*qʰramʔ {*qʰr[a]mʔ}		precipitous, dangerous
隰	xí	zip	*s-N-qip		low, wet ground
隱	yǐn	ʔjɨnX	*ʔənʔ {*[ʔ](r)ə[n]ʔ}		grieved; suffering
隱	yǐn	ʔjɨnX	*ʔənʔ {*[ʔ](r)ə[n]ʔ}		conceal
隱	yìn	ʔjɨnH	*ʔərʔ-s {*ʔ(r)ə[r]ʔ-s}		lean on
隳	huī	xjwie	*l̥oj		destroy
隴	lǒng	ljowngX	*roŋʔ {*[r]oŋʔ}		mound
隶	dài	dojH	*m.rˁəp-s		reach to
隹	zhuī	tsywij	*tur	NOUN	a kind of bird
隺	hè	howk	*ɡˁawk {*[ɡ]ˁawk}		high
隻	zhī	tsyek	*tek		single
难	nán	nan	*nˁar		difficult
难	nàn	nanH	*nˁar-s		difficulty
雀	què	tsjak	*tsewk {*[ts]ewk}		sparrow
雁	yàn	ngænH	*C.ŋˁrar-s {*C.[ŋ]ˁrar-s}	NOUN	kind of wild goose
雄	xióng	hjuwng	*ɢʷəŋ {*[ɢ]ʷəŋ}		male
雅	yǎ	ngæX	*N-ɢˁraʔ {*[N-ɢ]ˁraʔ}	NOUN	kind of musical instrument
雅	yǎ	ngæX	*ŋˁraʔ {*N-ɢˁraʔ}		proper, refined
集	jí	dzip	*dzəp {*(Cə.)[dz][ə]p}		gather, collect
雇	gù	kuH	*C.qʷˁa-s {*[C.q]ʷˁa(ʔ)-s}	VERB	to hire
雕	diāo	tew	*tˁiw		bird of prey
雖	suī	swij	*s-qʷij		although; even if
雙	shuāng	sræwng	*sˁroŋ {*[s]ˁroŋ}	NOUN	a pair
雚	guàn	kwanH	*C.qʷˁar-s		heron
雜	zá	dzop	*dzˁəp {*[dz]ˁ[ə]p}		mixed
雞	jī	kej	*kˁe		fowl, chicken
雠	chóu	dzyuw	*du {*[d]u}		pay back; enemy
離	lí	lje	*raj {*[r]aj}		meet with, encounter
離	lí	lje	*raj {*[r]aj}		depart from
離	lì	ljeH	*raj-s {*[r]aj-s}		reject
難	nán	nan	*nˁar		difficult
難	nàn	nanH	*nˁar-s		difficulty
雨	yǔ	hjuX	*C.ɢʷaʔ {*C.ɢʷ(r)aʔ}		rain
雨	yù	hjuH	*ɢʷaʔ-s {*[ɢ]ʷ(r)aʔ-s}	VERB	rain (v.t.)
雩	yú	hju	*ɢʷa {*[ɢ]ʷ(r)a}		sacrifice for rain
雪	xuě	sjwet	*sot {*[s]ot}		snow
雱	páng	phang	*pʰˁaŋ		heavy snowfall
雲	yún	hjun	*ɢʷən {*[ɢ]ʷə[n]}		cloud
零	líng	leng	*rˁeŋ {*[r]ˁeŋ}	VERB	fall (v., of rain)
雷	léi	lwoj	*C.rˁuj		thunder
雹	báo	bæwk	*C.bˁruk {*C.[b]ˁruk}		hail
電	diàn	denH	*lˁin-s {*lˁi[n]-s}		lightning
雾	wù	mjuH	*kə.mok-s {*kə.m(r)[o]k-s}		fog, mist
霄	xiāo	sjew	*sew {*[s]ew}		sleet
震	zhèn	tsyinH	*tər-s		clap of thunder
霜	shuāng	srjang	*sraŋ {*[s]raŋ}		hoar-frost
霧	wù	mjuH	*kə.mok-s {*kə.m(r)[o]k-s}		fog, mist
霰	xiàn	senH	*sˁen-s {*[s]ˁe[n]-s}		sleet
露	lù	luH	*p.rˁak-s		dew; disclose
霸	bà	pæH	*pˁrak-s		have hegemony
霸	pò	phæk	*pʰˁrak		new moon
霾	mái	mɛj	*mˁrə		whirlwind
靁	léi	lwoj	*C.rˁuj		thunder
靈	líng	leng	*rˁeŋ {*[r]ˁeŋ}		supernatural
青	qīng	tsheng	*N-sˁ‹r›eŋ		green or blue
非	fēi	pjɨj	*pəj		is not
靡	mí	mje	*maj {*m(r)aj}	VERB	to share with
靡	mǐ	mjeX	*majʔ {*m(r)ajʔ}		squander
靡	mǐ	mjeX	*majʔ {*m(r)ajʔ}		not have, not exist
靡	mǐ	mjeX	*majʔ {*m(r)ajʔ}		fall over
靡	mǐ	mjeX	*majʔ {*m(r)ajʔ}		small, tiny
面	miàn	mjienH	*C.men-s {*C.me[n]-s}		face
靦	tiǎn	thenX	*t-kʰˁenʔ {*t-[kʰ]ˁe[n]ʔ}		visible
靧	huì	xwojH	*qʰˁuj-s		wash the face
革	gé	kɛk	*kˁrək		hide, skin
革	gé	kɛk	*kˁrək	VERB	change (v.)
鞋	xié	hɛ	*ɡˁre {*[ɡ]ˁre}		shoe
鞌	ān	ʔan	*ʔˁan {*[ʔ]ˁa[n]}	PROPN	[place name]
鞍	ān	ʔan	*ʔˁan {*[ʔ]ˁa[n]}	PROPN	[place name]
鞏	gǒng	kjowngX	*koŋʔ {*k(r)oŋʔ}		bind with leather straps
鞙	xuàn	hwenX	*ɢʷˁenʔ {*[ɢ]ʷˁenʔ}		pure (of jade)
鞫	jū	kjuwk	*kuk {*k(r)uk}		exhaust; poverty
鞭	biān	pjien	*pen {*pe[n]}	NOUN	whip (n.)
鞻	lóu	kjuH	*kro-s	NOUN	a kind of shoe, sandal
韈	wà	mjot	*C.mat {*C.m[a]t}		stockings
韋	wéi	hjwɨj	*ɢʷəj {*[ɢ]ʷə[j]}		go against
韐	gé	kɛp	*kˁ‹r›əp {*[k]ˁ‹r›[ə]p}		knee-cover
韐	gé	kop	*kˁəp {*[k]ˁ[ə]p}		knee-cover
韓	hán	han	*ɡˁar {*[ɡ]ˁar}		(place name)
韠	bì	pjit	*pit {*pi[t]}		knee cover
韦	wéi	hjwɨj	*ɢʷəj {*[ɢ]ʷə[j]}		go against
韩	hán	han	*ɡˁar {*[ɡ]ˁar}		(place name)
韭	jiǔ	kjuwX	*s.kuʔ {*s.[k](r)uʔ}		Allium
音	yīn	ʔim	*qəm {*[q](r)[ə]m}		sound, tone
響	xiǎng	xjangX	*qʰaŋʔ		echo
頃	qǐng	khjwiengX	*kʷʰeŋʔ {*[k]ʷʰeŋʔ}		interval, short while
頄	kuí	gwij	*ɡʷru {*[ɡ]ʷru}		cheek bone, bones of the face
項	xiàng	hæwngX	*ɡˁroŋʔ {*[ɡ]ˁroŋʔ}		neck
順	shùn	zywinH	*Cə.lun-s {*Cə.lu[n]-s}		follow; obey
須	xū	sju	*s-no		beard
頊	xù	xjowk	*qʰok {*qʰ(r)ok}		disconcerted
頌	róng	yowng	*ɢoŋ {*[ɢ](r)oŋ}		appearance
頌	sòng	zjowngH	*s-ɢoŋ-s {*s-[ɢ]oŋ-s}		praise
頒	bān	pæn	*pˁ‹r›ən {*pˁ‹r›ə[n]} (F!)		distribute
領	lǐng	ljengX	*reŋʔ {*[r]eŋʔ}		neck
頞	è	ʔat	*ʔˁat		root of the nose
頭	tóu	duw	*m-tˁo		head
頯	kuí	gwij	*ɡʷrə {*[ɡ]ʷrə}		cheek bone, bones of the face
頷	hàn	homX	*ɢˁəm {*[ɢ]ˁ[ə]mʔ}		jaw, chin
頸	jǐng	gjieng	*m-keŋ {*m-[k]eŋ}  (no palatalization before *-eŋ?)		neck
頸	jǐng	kjiengX	*keŋʔ {*[k]eŋʔ} (no palatalization before *-eŋ?)		neck
頻	pín	bjin	*bin {*[b]i[n]}		river bank
頻	pín	bjin	*bin {*[b]i[n]}	ADV	frequently
顏	yán	ngæn	*C.ŋˁrar		face, forehead
顏	yán	ngæn	*C.ŋˁrar	PROPN	surname
願	yuàn	ngjwonH	*ŋon-s {*[ŋ]o[n]-s} (‹ nasal plus uvular?)	VERB	to wish
顙	sǎng	sangX	*sˁaŋʔ {*[s]ˁaŋʔ}		forehead
顛	diān	ten	*tˁin {*tˁi[n]}		top
類	lèi	lwijH	*rut-s {*[r]u[t]-s}		category
顧	gù	kuH	*kʷˁaʔ-s {*[k]ʷˁaʔ-s} ~ *[k]ʷˁaʔ		look around
顪	huì	xjwojH	*qʷʰat-s		beard
顯	xiǎn	xenX	*qʰˁenʔ		display, manifest
顷	qǐng	khjwiengX	*kʷʰeŋʔ {*[k]ʷʰeŋʔ}		interval, short while
项	xiàng	hæwngX	*ɡˁroŋʔ {*[ɡ]ˁroŋʔ}		neck
顺	shùn	zywinH	*Cə.lun-s {*Cə.lu[n]-s}		follow; obey
须	xū	sju	*s-no		beard
须	xū	sju	*s.no		beard
顼	xù	xjowk	*qʰok {*qʰ(r)ok}		disconcerted
顾	gù	kuH	*kʷˁaʔ-s {*[k]ʷˁaʔ-s} ~ *[k]ʷˁaʔ		look around
颁	bān	pæn	*pˁ‹r›ən {*pˁ‹r›ə[n]} (F!)		distribute
颂	róng	yowng	*ɢoŋ {*[ɢ](r)oŋ}		appearance
颂	sòng	zjowngH	*s-ɢoŋ-s {*s-[ɢ]oŋ-s}		praise
领	lǐng	ljengX	*reŋʔ {*[r]eŋʔ}		neck
颈	jǐng	gjieng	*m-keŋ {*m-[k]eŋ}  (no palatalization before *-eŋ?)		neck
颈	jǐng	kjiengX	*keŋʔ {*[k]eŋʔ} (no palatalization before *-eŋ?)		neck
频	pín	bjin	*bin {*[b]i[n]}		river bank
频	pín	bjin	*bin {*[b]i[n]}	ADV	frequently
颔	hàn	homX	*ɢˁəm {*[ɢ]ˁ[ə]mʔ}		jaw, chin
颖	yǐng	ywengX	*ɢʷeŋʔ {*[ɢ]ʷeŋʔ}		point of an ear of grain
颜	yán	ngæn	*C.ŋˁrar		face, forehead
颜	yán	ngæn	*C.ŋˁrar	PROPN	surname
颠	diān	ten	*tˁin {*tˁi[n]}		top
颡	sǎng	sangX	*sˁaŋʔ {*[s]ˁaŋʔ}		forehead
風	fēng	pjuwng	*prəm	NOUN	wind (n.)
風	fèng	pjuwngH	*prəm-s		blow; criticize
颺	yáng	yang	*laŋ		tossed by the wind
风	fēng	pjuwng	*prəm	NOUN	wind (n.)
风	fèng	pjuwngH	*prəm-s		blow; criticize
飏	yáng	yang	*laŋ		tossed by the wind
飛	fēi	pjɨj	*Cə.pər {*Cə.pə[r]} (dial. *-r › *-j)	VERB	fly (v.)
飞	fēi	pjɨj	*Cə.pər {*Cə.pə[r]} (dial. *-r › *-j)	VERB	fly (v.)
食	shí	zyik	*mə-lək		eat
食	sì	ziH	*s-m-lək-s		food; feed
飢	jī	kij	*Cə.k‹r›əj {*Cə.k‹r›ə[j]}		hungry
飤	sì	ziH	*s-m-lək-s	VERB	to feed
飦	zhān	kan	*C.qˁan {*C.qˁa[n]}		thick gruel of rice
飨	xiǎng	xjangX	*qʰaŋʔ		feast
飪	rèn	nyimX	*nəmʔ {*n[ə]mʔ}		thoroughly cooked
飯	fàn	bjonH	*bonʔ-s		cooked rice or millet
飯	fàn	bjonX	*bonʔ {*[b]o[n]ʔ}		eat
飲	yǐn	ʔimX	*qəmʔ {*q(r)[ə]mʔ}	VERB	drink (v.)
飲	yìn	ʔimH	*qəmʔ-s {*q(r)[ə]mʔ-s}		give to drink
飼	sì	ziH	*s-m-lək-s		feed
飾	shì	syik	*l̥ək		adorn
餉	shàng	syangH	*n̥aŋ-s {*n̥aŋ(ʔ)-s}		give food; food
養	yǎng	yangX	*ɢaŋʔ {*[ɢ](r)aŋʔ}		long, longing
養	yǎng	yangX	*ɢaŋʔ {*[ɢ](r)aŋʔ}		nourish, raise
餌	ěr	nyiH	*C.nə-s {*[C.]nə()-s}		bait
餍	yàn	ʔjemH	*ʔ‹r›em-s		satiated
餒	něi	nwojX	*nˁujʔ		hungry, starve
餓	è	ngaH	*ŋˁaj-s		hungry
餘	yú	yo	*la		surplus
館	guǎn	kwanH	*kˁonʔ-s {*[k]ˁo[n]ʔ-s}		lodging-house
餬	hú	hu	*Cə.ɡˁa {*Cə.[ɡ]ˁa}		supply food to, feed
餮	tiè	thet	*tʰˁət		饕餮 thaw.thet glutton
餰	qiān	tsyen	*t-qan {*t-qa[n]}		gruel
餳	táng	dang	*C.lˁaŋ		sweets
餽	kuì	gwijH	*C-ɢruj {*C-ɢruj-s}	VERB	present (food) (v.)
饉	jìn	ginH	*ɡrər-s {*[ɡ]rə[r]-s}		famine
饋	kuì	gwijH	*ɡruj-s {*[ɡ]ruj-s}		present of food (‹food basket ?)
饑	jī	kjɨj	*kəj {*kə[j]}		famine
饗	xiǎng	xjangX	*qʰaŋʔ		feast
饘	zhān	tsyen	*t-qan {*t-qa[n]}		gruel
饘	zhān	tsyenX	*t-qanʔ {*t-qa[n]ʔ}		thick gruel
饙	fēn	pjun	*pur {*pu[r]}	VERB	to steam rice
饜	yàn	ʔjemH	*ʔ‹r›em-s		satiated
饟	xiǎng	syang	*n̥aŋ		bring food to
饟	xiǎng	syangH	*n̥aŋ-s {*n̥aŋ(ʔ)-s}		bring food to (workers in the field)
饟	xiǎng	syangX	*n̥aŋʔ		bring food to (workers in the field)
饥	jī	kij	*Cə.k‹r›əj {*Cə.k‹r›ə[j]}		hungry
饧	táng	dang	*C.lˁaŋ		sweets
饪	rèn	nyimX	*nəmʔ {*n[ə]mʔ}		thoroughly cooked
饭	fàn	bjonH	*bonʔ-s		cooked rice or millet
饭	fàn	bjonX	*bonʔ {*[b]o[n]ʔ}		eat
饮	yǐn	ʔimX	*qəmʔ {*q(r)[ə]mʔ}	VERB	drink (v.)
饮	yìn	ʔimH	*qəmʔ-s {*q(r)[ə]mʔ-s}		give to drink
饰	shì	syik	*l̥ək		adorn
饲	sì	ziH	*s-m-lək-s		feed
饵	ěr	nyiH	*C.nə-s {*[C.]nə()-s}		bait
饷	shàng	syangH	*n̥aŋ-s {*n̥aŋ(ʔ)-s}		give food; food
饿	è	ngaH	*ŋˁaj-s		hungry
馁	něi	nwojX	*nˁujʔ		hungry, starve
馆	guǎn	kwanH	*kˁonʔ-s {*[k]ˁo[n]ʔ-s}		lodging-house
馈	kuì	gwijH	*ɡruj-s {*[ɡ]ruj-s}		present of food (‹food basket ?)
馑	jìn	ginH	*ɡrər-s {*[ɡ]rə[r]-s}		famine
首	shǒu	syuwH	*l̥uʔ-s		turn the head towards
首	shǒu	syuwX	*l̥uʔ		head
馘	guó	kwɛk	*C.qʷˁ‹r›ək		severed left ears
香	xiāng	xjang	*qʰaŋ		fragrance
馨	xīn	xeng	*qʰˁeŋ		fragrance
馬	mǎ	mæX	*mˁraʔ		horse
馮	píng	bing	*brəŋ {*[b]rəŋ}		full, solid
馮	píng	bjuwng	*Cə.bəŋ {*[Cə.b]əŋ}		Féng (surname)
馳	chí	drje	*lraj {*[l]raj}		gallop
馴	xún	zwin	*sə.lun {*sə.lu[n]}		docile; gradually
駕	jià	kæH	*kˁraj-s		hitch horses to a chariot
駟	sì	sijH	*s.lij-s {*s.li[j]-s}		team of four horses
駹	máng	mæwng	*mˁroŋ		variegated animal
駽	xuān	xwen	*qʷʰˁen		bluish-black horse
駽	xuàn	xwenH	*qʷʰˁen-s		bluish-black horse
騁	chěng	trhjengX	*l̥reŋʔ {*[l̥]reŋʔ}		gallop
騎	qí	gje	*C.ɡaj {*[C.ɡ](r)aj} ~ *[Cə.ɡ](r)aj		straddle; ride
騎	qí	gjeH	*ɡaj-s {*[ɡ](r)aj-s}		rider
騏	qí	gi	*ɡə {*[ɡ](r)ə}		black-mottled grey horse
騢	xiá	hæ	*ɡˁra {*[ɡ]ˁra}		horse of mixed red and white color
騧	guā	kwæ	*kˁroj {*[k]ˁroj}		yellow horse with black mouth
騰	téng	dong	*lˁəŋ	VERB	to mount; oppress
騷	sāo	saw	*sˁu {*[s]ˁu}		disturb
驂	cān	tshom	*m-sˁrəm {*m-sˁr[ə]m}		team of three horses
驅	qū	khju	*kʰo {*[k]ʰ(r)o}		drive (horses) forward
驔	diàn	demX	*lˁimʔ {*[l]ˁimʔ}		horse with hairy legs
驚	jīng	kjæng	*kreŋ	VERB	be afraid
驛	yì	yek	*lak {*lAk}		post-horse
驟	zhòu	dzrjuwH	*dzroʔ-s {*[dz]roʔ-s}		fast-running
马	mǎ	mæX	*mˁraʔ		horse
驯	xún	zwin	*sə.lun {*sə.lu[n]}		docile; gradually
驰	chí	drje	*lraj {*[l]raj}		gallop
驱	qū	khju	*kʰo {*[k]ʰ(r)o}		drive (horses) forward
驷	sì	sijH	*s.lij-s {*s.li[j]-s}		team of four horses
驾	jià	kæH	*kˁraj-s		hitch horses to a chariot
驿	yì	yek	*lak {*lAk}		post-horse
骂	mà	mæH	*C.mˁra-s		scold, revile
骋	chěng	trhjengX	*l̥reŋʔ {*[l̥]reŋʔ}		gallop
骐	qí	gi	*ɡə {*[ɡ](r)ə}		black-mottled grey horse
骑	qí	gje	*C.ɡaj {*[C.ɡ](r)aj} ~ *[Cə.ɡ](r)aj		straddle; ride
骑	qí	gjeH	*ɡaj-s {*[ɡ](r)aj-s}		rider
骖	cān	tshom	*m-sˁrəm {*m-sˁr[ə]m}		team of three horses
骚	sāo	saw	*sˁu {*[s]ˁu}		disturb
骤	zhòu	dzrjuwH	*dzroʔ-s {*[dz]roʔ-s}		fast-running
骨	gǔ	kwot	*kˁut		bone
骫	wěi	ʔjweX	*qʷarʔ {*qʷ(r)arʔ}		bent (of bones)
骸	hái	hɛj	*ɡˁrə {*[ɡ]ˁrə}		bones, skeleton
髓	suǐ	sjweX	*s-lojʔ		marrow
體	tǐ	thejX	*r̥ˁijʔ		body; limbs
高	gāo	kaw	*Cə.kˁaw {*Cə.[k]ˁaw}		high, tall
髟	shān	sræm	*sˁram {*s[ˁ]ram}		long hair
髣	fǎng	phjangX	*pʰaŋʔ		phjangX-phjut seem
髻	jì	kejH	*kˁit-s {*kˁi[t]-s}		hair-knot, chignon
髽	zhuā	tsrwæ	*tsˁroj {*[ts]ˁroj}		hair knot for mourning
鬈	quán	gjwen	*ɡʷren {*[ɡ]ʷre[n]}		handsome (hair?)
鬒	zhěn	tsyinX	*tinʔ {*ti[n]ʔ}		black hair
鬚	xū	sju	*s.no		beard
鬨	hòng	huwngH	*ɡˁoŋ-s {*[ɡ]ˁoŋ-s}		quarrel, fight
鬩	xì	xek	*ŋ̊ˁek {*[ŋ̊]ˁek}		wrangle
鬯	chàng	trhjangH	*tʰraŋ-s		aromatic spirits
鬱	yù	ʔjut	*qut		blocked; anxious
鬲	gé	kɛk	*C.qˁ‹r›ik		yoke
鬲	lì	lek	*k.rˁek		tripod with hollow legs
鬳	yàn	ngjonH	*ŋar-s		boiler
鬵	qín	dzim	*sə-ləm {*sə-l[ə]m} (irreg. dz- for z-?)		large boiler
鬵	qín	zim	*sə-ləm {*sə-l[ə]m}		large boiler
鬻	yù	yuwk	*m-quk		nourish
鬼	guǐ	kjwɨjX	*k-ʔujʔ		ghost
魁	kuí	khwoj	*kʰˁuj {*[kʰ]ˁuj}		great; principal; chief
魁	kuí	khwoj	*kʰˁuj {*[kʰ]ˁuj}		spoon
魁	kuí	khwoj	*kʰˁuj {*[kʰ]ˁuj}		mound
魂	hún	hwon	*m.qʷˁən {*[m.]qʷˁə[n]}		spiritual soul
魄	pò	phæk	*pʰˁrak		bodily form
魏	wéi	ngjwɨj	*N-qʰuj		high, majestic
魏	wèi	ngjwɨjH	*N-qʰuj-s		high
魑	chī	trhje	*r̥aj		demon
魯	lǔ	luX	*r.ŋˁaʔ (dial. › *rŋˁ- › *rˁ- › l-)		(place name)
魯	lǔ	luX	*rˁaʔ {*[r]ˁaʔ}		dull, blunt, simple
魴	fáng	bjang	*baŋ		bream
鮮	xiān	sjen	*ser {*[s][e]r}		fresh; good
鮮	xiǎn	sjenX	*serʔ {*[s][e]rʔ}		rare, few
鯉	lǐ	liX	*mə-rəʔ	NOUN	carp (n.)
鯨	jīng	gjæng	*ɡraŋ {*[ɡ]raŋ}		whale
鰥	guān	kwɛn	*kʷˁrən {*[k]ʷˁrə[n]}		widower
鰥	guān	kwɛn	*kʷˁrən {*[k]ʷˁrə[n]}	NOUN	a kind of fish
鰭	qí	gij	*ɡrij {*[ɡ]rij}		dorsal fin of a fish
鱉	biē	pjiet	*pet		turtle
鱗	lín	lin	*C.rən {*C.r[ə][n]}		scale of fish or reptile
鱣	zhān	trjen	*tran {*tra[n]}	NOUN	a kind of fish
鲁	lǔ	luX	*r.ŋˁaʔ (dial. › *rŋˁ- › *rˁ- › l-)		(place name)
鲁	lǔ	luX	*rˁaʔ {*[r]ˁaʔ}		dull, blunt, simple
鲂	fáng	bjang	*baŋ		bream
鲜	xiān	sjen	*ser {*[s][e]r}		fresh; good
鲜	xiǎn	sjenX	*serʔ {*[s][e]rʔ}		rare, few
鲤	lǐ	liX	*mə-rəʔ	NOUN	carp (n.)
鲸	jīng	gjæng	*ɡraŋ {*[ɡ]raŋ}		whale
鳍	qí	gij	*ɡrij {*[ɡ]rij}		dorsal fin of a fish
鳏	guān	kwɛn	*kʷˁrən {*[k]ʷˁrə[n]}		widower
鳏	guān	kwɛn	*kʷˁrən {*[k]ʷˁrə[n]}	NOUN	a kind of fish
鳖	biē	pjiet	*pet		turtle
鳞	lín	lin	*C.rən {*C.r[ə][n]}		scale of fish or reptile
鳣	zhān	trjen	*tran {*tra[n]}	NOUN	a kind of fish
鳩	jiū	kjuw	*ku {*[k](r)u}	ADJ	(a kind of bird)
鳴	míng	mjæng	*m.reŋ		cry (of birds or animals)
鳸	hù	huX	*m-qʷˁaʔ	NOUN	a bird resembling a quail
鴆	zhèn	drimH	*lrəm-s {*[l]r[ə]m-s}	VERB	poison (v.)
鴈	yàn	ngænH	*ŋˁrar-s		wild goose
鴉	yā	ʔæ	*qˁra		raven, crow
鴞	xiāo	hjew	*ɢʷaw {*[ɢ]ʷ(r)aw}		owl
鴟	chī	tsyhij	*tʰij		owl (鴟鵂 tsyhij.xjuw)
鴡	jū	tshjo	*tsʰa {*[tsʰ]a}		鴡鳩 an aquatic bird
鴦	yāng	ʔjang	*ʔaŋ		female mandarin duck
鴳	yàn	ʔænH	*ʔˁ‹r›ar-s {*ʔˁ‹r›a[r]-s}	NOUN	a kind of quail
鴻	hóng	huwng	*ɡˁoŋ {*[ɡ]ˁoŋ}	NOUN	kind of wild goose
鵙	jú	kwek	*kʷˁek		shrike
鵝	é	nga	*ŋˁar {*ŋˁa[r]}		goose
鵲	què	tshjak	*tsʰak {*[tsʰ]ak}		magpie
鶉	chún	dzywin	*dur {*[d]ur}		quail
鶪	jú	kwek	*kʷˁek		shrike
鶴	hè	hæwk	*ɡˁrawk {*[ɡ]ˁrawk}		white (of birds)
鶴	hè	hak	*ɡˁawk {*[ɡ]ˁawk}		crane
鷄	jī	kej	*kˁe {*(C.)kˁe}		fowl
鷖	yī	ʔej	*ʔˁij		seagull; fabulous bird
鷙	zhì	tsyijH	*tip-s {*[t]ip-s}		bird of prey
鷹	yīng	ʔing	*qəŋ {*[q](r)əŋ}		eagle, falcon
鷽	xué	ʔæwk	*qˁruk	NOUN	a kind of bird
鷽	xué	hæwk	*m-qˁruk		spec. of bird
鸇	zhān	tsyen	*tan {*ta[n]}	NOUN	kind of hawk or falcon
鸒	yù	yoH	*m-qa-s {*m-q(r)a-s}	NOUN	a kind of crow
鸠	jiū	kjuw	*ku {*[k](r)u}	ADJ	(a kind of bird)
鸡	jī	kej	*kˁe		fowl, chicken
鸣	míng	mjæng	*m.reŋ		cry (of birds or animals)
鸦	yā	ʔæ	*qˁra		raven, crow
鸩	zhèn	drimH	*lrəm-s {*[l]r[ə]m-s}	VERB	poison (v.)
鸮	xiāo	hjew	*ɢʷaw {*[ɢ]ʷ(r)aw}		owl
鸯	yāng	ʔjang	*ʔaŋ		female mandarin duck
鸱	chī	tsyhij	*tʰij		owl (鴟鵂 tsyhij.xjuw)
鸴	xué	ʔæwk	*qˁruk	NOUN	a kind of bird
鸴	xué	hæwk	*m-qˁruk		spec. of bird
鸷	zhì	tsyijH	*tip-s {*[t]ip-s}		bird of prey
鸿	hóng	huwng	*ɡˁoŋ {*[ɡ]ˁoŋ}	NOUN	kind of wild goose
鹅	é	nga	*ŋˁar {*ŋˁa[r]}		goose
鹊	què	tshjak	*tsʰak {*[tsʰ]ak}		magpie
鹑	chún	dzywin	*dur {*[d]ur}		quail
鹤	hè	hæwk	*ɡˁrawk {*[ɡ]ˁrawk}		white (of birds)
鹤	hè	hak	*ɡˁawk {*[ɡ]ˁawk}		crane
鹥	yī	ʔej	*ʔˁij		seagull; fabulous bird
鹯	zhān	tsyen	*tan {*ta[n]}	NOUN	kind of hawk or falcon
鹰	yīng	ʔing	*qəŋ {*[q](r)əŋ}		eagle, falcon
鹵	lǔ	luX	*rˁaʔ {*[r]ˁaʔ}		salty (sc. land)
鹵	lǔ	luX	*rˁaʔ {*[r]ˁaʔ}		rustic, coarse
鹹	xián	hɛm	*Cə.ɡˁrom {*Cə.[ɡ]ˁr[o]m}		salty
鹺	cuó	dza	*N-tsˁaj {*N-[ts]ˁaj}		salt
鹽	yán	yem	*N.rom {*N.r[o]m}	NOUN	salt (n.)
鹽	yàn	yemH	*N.rom-s {*N.r[o]m-s}	NOUN	salt (n.)
鹾	cuó	dza	*N-tsˁaj {*N-[ts]ˁaj}		salt
鹿	lù	luwk	*mə-rˁok		deer
麏	jūn	kwin	*krur {*[k]rur}		fallow-deer
麑	ní	mej	*m-ŋˁe		fawn
麗	lì	lejH	*rˁe-s {*[r]ˁe-s}		symmetrical
麥	mài	mɛk	*mə-rˁək (dial. › *mrˁək)		wheat
麦	mài	mɛk	*mə-rˁək (dial. › *mrˁək)		wheat
麻	má	mæ	*C.mˁraj		hemp
黃	huáng	hwang	*N-kʷˁaŋ		yellow
黄	huáng	hwang	*N-kʷˁaŋ		yellow
黍	shǔ	syoX	*s-tʰaʔ		Panicum miliaceum (glutinous)
黎	lí	lej	*rˁij {*[r]ˁij} Cf. 耆 0552l gij ‹ *[ɡ]rij ‘old’.		old
黎	lí	lej	*rˁij {*[r]ˁij}		black
黑	hēi	xok	*m̥ˁək (dial. *m̥ˁ- › xˁ-)		black
黜	chù	trhwit	*t.kʰ‹r›ut		expel
點	diǎn	temX	*tˁemʔ		black spot
黠	xiá	hɛt	*ɡˁrit {*[ɡ]ˁri[t]}		shrewd
黨	dǎng	tangX	*tˁaŋʔ		500 families; relatives
黬	àn	kɛm	*kˁrəm {*[k]ˁr[ə]m}		black blot
黽	měng	mɛngX	*mˁrəŋʔ		toad
黾	měng	mɛngX	*mˁrəŋʔ		toad
鼃	wā	ʔwæ	*qʷˁre		frog
鼃	wā	ʔwɛ	*qʷˁre		frog
鼃	wā	hwæ	*m-qʷˁre		frog
鼃	wā	hwɛ	*m-qʷˁre		frog
鼎	dǐng	tengX	*tˁeŋʔ		cauldron
鼓	gǔ	kuX	*kˁaʔ {*[k]ˁaʔ}	NOUN	drum (n.)
鼔	gǔ	kuX	*kˁaʔ {*[k]ˁaʔ}	VERB	drum (v.)
鼙	pí	bej	*bˁe {*[b]ˁe}		small hand-drum
鼛	gāo	kaw	*kˁu {*[k]ˁu}		big drum
鼠	shǔ	syoX	*l̥aʔ {*[l̥]aʔ}		rat
鼻	bí	bjijH	*Cə.bit-s {*Cə.bi[t]-s}	VERB	smell (v.t.)
鼻	bí	bjijH	*m-bit-s {*m-[b]i[t]-s}		nose
齊	qí	dzej	*dzˁəj {*[dz]ˁəj}		uniform, equal
齋	zhāi	tsrɛj	*tsˁrəj {*tsˁr[ə]j}		purify oneself
齍	zī	tsij	*tsij {*[ts]ij}		sacrificial grain
齐	qí	dzej	*dzˁəj {*[dz]ˁəj}		uniform, equal
齒	chǐ	tsyhiX	*t-kʰəʔ {*[t-kʰ]ə(ŋ)ʔ}		front teeth
齧	niè	nget	*m-qʰˁet		gnaw
齿	chǐ	tsyhiX	*t-kʰəʔ {*[t-kʰ]ə(ŋ)ʔ}		front teeth
龍	lóng	ljowng	*mə-roŋ {*[mə]-roŋ}		dragon
龍	máng	mæwng	*mˁroŋ		variegated
龏	gōng	kjowng	*k‹r›oŋ		respectful
龐	páng	bæwng	*bˁroŋ {*[b]ˁroŋ}		huge
龔	gōng	kjowng	*k‹r›oŋ		respectful
龙	lóng	ljowng	*mə-roŋ {*[mə]-roŋ}		dragon
龙	máng	mæwng	*mˁroŋ		variegated
龚	gōng	kjowng	*k‹r›oŋ		respectful
龜	guī	kjuw	*kʷə {*[k]ʷə}		tortoise
龜	guī	kwij	*kʷrə {*[k]ʷrə}		tortoise
龟	guī	kjuw	*kʷə {*[k]ʷə}		tortoise
龟	guī	kwij	*kʷrə {*[k]ʷrə}		tortoise
龠	yuè	yak	*lewk		flute; key; tube
𠂤	duī	twoj	*C.tˁuj		heap; mound
𠃋	gōng	kwong	*kʷˁəŋ {*[k]ʷˁəŋ}		(upper) arm
𠓥	biān	pjien	*pen {*pe[n]}	NOUN	whip (n.)
𠠦	fù	pɛk	*pˁrək		slit, cut open
𠨧	qiān	tshjen	*tsʰar {*[tsʰ]ar}		rise high (SW)
𠨮	zè	tsrik	*tsrək {*[ts]rək}		slanting, oblique
𠪚	kǎn	ngim	*N-qʰˁəm {*N-qʰˁ[ə]m}		precipitous
𠬝	fú	bjuwk	*bək {*[b]ək}		subdue; submit
𠬞	gǒng	kjowngX	*koŋʔ {*k(r)oŋʔ}		join the hands
𡈼	tǐng	thengX	*l̥ˁeŋʔ		good
𡏳	jiān	kɛn	*kˁrər {*kˁrə[r]}		distress, difficulty
𡐨	yě	yæX	*laʔ {*lAʔ}		open country
𡱂	tún	dwon	*dˁən {*[d]ˁə[n]} (dial. › -won)		buttocks
𢀜	gǒng	kjowngX	*koŋʔ {*k(r)oŋʔ}		embrace
𢄉	tún	dwon	*lˁun {*lˁu[n]}		young pig
𢦏	zāi	tsoj	*tsˁə {*[ts]ˁə}	VERB	hurt, damage (v.)
𢦒	zāi	tsoj	*tsˁə {*[ts]ˁə}	VERB	hurt, damage (v.)
𢫬	sà	sat	*sˁat	VERB	to slap from the side
𣅔	zè	tsrik	*tsrək {*[ts]rək}		sun slanting to west
𣅛	zè	tsrik	*tsrək {*[ts]rək}		sun slanting to west
𣥺	chéng	dræng	*m-tˁ‹r›aŋ		serve as support for
𤈦	huǐ	xjwɨjX	*m̥əjʔ		burn
𤣔	xiǎn	sjenX	*s.nerʔ {*s.[n]e[r]ʔ}		autumnal hunt
𥁑	mì	mjit	*mit {*mi[t]}		wipe a vessel clean (SW)
𥁕	wēn	ʔwon	*ʔˁun	ADJ	kind (adj.)
𥥻	qìng	khengH	*kʰˁeŋ-s {*[k]ʰˁeŋ-s}		empty
𥼶	shì	syek	*l̥ak {*l̥Ak}		wash rice
𦊮	mí	mjie	*m.ner	ADV	extensively
𦍒	tà	that	*l̥ˁat		lam
𦐈	fēn	pjun	*pər {*(Cə.)pə[r]}	VERB	fly (v.), soar
𦣞	yí	yi	*ɢə {*[ɢ](r)ə}		chin
𧆨	lú	lu	*rˁa {*[r]ˁa}	ADJ	(a kind of food vessel)
𧪜	sù	suH	*s-ŋˁak-s		accuse, inform
𨒪	jì	tsjek	*tsek {*[ts]ek}		footprint, traces
𩱡	jiān	kjon	*C.qan {*C.qa[n]}		gruel
𫏋	jué	kjewX	*kawʔ {*k(r)awʔ}		martial
𫏋	qiāo	gjak	*ɡawk {*[ɡ](r)awk}		lifting the feet high
𫓧	fǔ	pjuX	*paʔ {*p(r)aʔ}		axe
𫗴	zhān	tsyen	*t-qan {*t-qa[n]}		gruel
𫗴	zhān	tsyenX	*t-qanʔ {*t-qa[n]ʔ}		thick gruel
